TimeQuest Timing Analyzer report for DES_ALGORITHM
Thu Apr 16 12:50:33 2026
Quartus II 64-Bit Version 13.0.1 Build 232 06/12/2013 Service Pack 1 SJ Web Edition


---------------------
; Table of Contents ;
---------------------
  1. Legal Notice
  2. TimeQuest Timing Analyzer Summary
  3. Parallel Compilation
  4. SDC File List
  5. Clocks
  6. Slow Model Fmax Summary
  7. Slow Model Setup Summary
  8. Slow Model Hold Summary
  9. Slow Model Recovery Summary
 10. Slow Model Removal Summary
 11. Slow Model Minimum Pulse Width Summary
 12. Slow Model Setup: 'Clk'
 13. Slow Model Setup: 'DES_CONTROL:control_unit|Pre_state[0]'
 14. Slow Model Hold: 'DES_CONTROL:control_unit|Pre_state[0]'
 15. Slow Model Hold: 'Clk'
 16. Slow Model Minimum Pulse Width: 'Clk'
 17. Slow Model Minimum Pulse Width: 'DES_CONTROL:control_unit|Pre_state[0]'
 18. Setup Times
 19. Hold Times
 20. Clock to Output Times
 21. Minimum Clock to Output Times
 22. Fast Model Setup Summary
 23. Fast Model Hold Summary
 24. Fast Model Recovery Summary
 25. Fast Model Removal Summary
 26. Fast Model Minimum Pulse Width Summary
 27. Fast Model Setup: 'Clk'
 28. Fast Model Setup: 'DES_CONTROL:control_unit|Pre_state[0]'
 29. Fast Model Hold: 'DES_CONTROL:control_unit|Pre_state[0]'
 30. Fast Model Hold: 'Clk'
 31. Fast Model Minimum Pulse Width: 'Clk'
 32. Fast Model Minimum Pulse Width: 'DES_CONTROL:control_unit|Pre_state[0]'
 33. Setup Times
 34. Hold Times
 35. Clock to Output Times
 36. Minimum Clock to Output Times
 37. Multicorner Timing Analysis Summary
 38. Setup Times
 39. Hold Times
 40. Clock to Output Times
 41. Minimum Clock to Output Times
 42. Setup Transfers
 43. Hold Transfers
 44. Report TCCS
 45. Report RSKM
 46. Unconstrained Paths
 47. TimeQuest Timing Analyzer Messages



----------------
; Legal Notice ;
----------------
Copyright (C) 1991-2013 Altera Corporation
Your use of Altera Corporation's design tools, logic functions 
and other software and tools, and its AMPP partner logic 
functions, and any output files from any of the foregoing 
(including device programming or simulation files), and any 
associated documentation or information are expressly subject 
to the terms and conditions of the Altera Program License 
Subscription Agreement, Altera MegaCore Function License 
Agreement, or other applicable license agreement, including, 
without limitation, that your use is for the sole purpose of 
programming logic devices manufactured by Altera and sold by 
Altera or its authorized distributors.  Please refer to the 
applicable agreement for further details.



+----------------------------------------------------------------------------------------+
; TimeQuest Timing Analyzer Summary                                                      ;
+--------------------+-------------------------------------------------------------------+
; Quartus II Version ; Version 13.0.1 Build 232 06/12/2013 Service Pack 1 SJ Web Edition ;
; Revision Name      ; DES_ALGORITHM                                                     ;
; Device Family      ; Cyclone II                                                        ;
; Device Name        ; EP2C35F672C6                                                      ;
; Timing Models      ; Final                                                             ;
; Delay Model        ; Combined                                                          ;
; Rise/Fall Delays   ; Unavailable                                                       ;
+--------------------+-------------------------------------------------------------------+


+------------------------------------------+
; Parallel Compilation                     ;
+----------------------------+-------------+
; Processors                 ; Number      ;
+----------------------------+-------------+
; Number detected on machine ; 8           ;
; Maximum allowed            ; 4           ;
;                            ;             ;
; Average used               ; 1.00        ;
; Maximum used               ; 2           ;
;                            ;             ;
; Usage by Processor         ; % Time Used ;
;     Processor 1            ; 100.0%      ;
;     Processor 2            ; < 0.1%      ;
;     Processors 3-8         ;   0.0%      ;
+----------------------------+-------------+


+---------------------------------------------------+
; SDC File List                                     ;
+---------------+--------+--------------------------+
; SDC File Path ; Status ; Read at                  ;
+---------------+--------+--------------------------+
; TIMING.sdc    ; OK     ; Thu Apr 16 12:50:33 2026 ;
+---------------+--------+--------------------------+


+----------------------------------------------------------------------------------------------------------------------------------------------------------------------------------------------------------------------------------------------+
; Clocks                                                                                                                                                                                                                                       ;
+---------------------------------------+------+--------+------------+-------+-------+------------+-----------+-------------+-------+--------+-----------+------------+----------+--------+--------+-------------------------------------------+
; Clock Name                            ; Type ; Period ; Frequency  ; Rise  ; Fall  ; Duty Cycle ; Divide by ; Multiply by ; Phase ; Offset ; Edge List ; Edge Shift ; Inverted ; Master ; Source ; Targets                                   ;
+---------------------------------------+------+--------+------------+-------+-------+------------+-----------+-------------+-------+--------+-----------+------------+----------+--------+--------+-------------------------------------------+
; Clk                                   ; Base ; 1.000  ; 1000.0 MHz ; 0.000 ; 0.500 ;            ;           ;             ;       ;        ;           ;            ;          ;        ;        ; { Clk }                                   ;
; DES_CONTROL:control_unit|Pre_state[0] ; Base ; 1.000  ; 1000.0 MHz ; 0.000 ; 0.500 ;            ;           ;             ;       ;        ;           ;            ;          ;        ;        ; { DES_CONTROL:control_unit|Pre_state[0] } ;
+---------------------------------------+------+--------+------------+-------+-------+------------+-----------+-------------+-------+--------+-----------+------------+----------+--------+--------+-------------------------------------------+


+------------------------------------------------------------------------------------------------+
; Slow Model Fmax Summary                                                                        ;
+------------+-----------------+---------------------------------------+-------------------------+
; Fmax       ; Restricted Fmax ; Clock Name                            ; Note                    ;
+------------+-----------------+---------------------------------------+-------------------------+
; INF MHz    ; 211.6 MHz       ; DES_CONTROL:control_unit|Pre_state[0] ; limit due to hold check ;
; 172.12 MHz ; 172.12 MHz      ; Clk                                   ;                         ;
+------------+-----------------+---------------------------------------+-------------------------+
This panel reports FMAX for every clock in the design, regardless of the user-specified clock periods.  FMAX is only computed for paths where the source and destination registers or ports are driven by the same clock.  Paths of different clocks, including generated clocks, are ignored.  For paths between a clock and its inversion, FMAX is computed as if the rising and falling edges are scaled along with FMAX, such that the duty cycle (in terms of a percentage) is maintained. Altera recommends that you always use clock constraints and other slack reports for sign-off analysis.


+----------------------------------------------------------------+
; Slow Model Setup Summary                                       ;
+---------------------------------------+--------+---------------+
; Clock                                 ; Slack  ; End Point TNS ;
+---------------------------------------+--------+---------------+
; Clk                                   ; -4.810 ; -295.293      ;
; DES_CONTROL:control_unit|Pre_state[0] ; -1.584 ; -2.809        ;
+---------------------------------------+--------+---------------+


+----------------------------------------------------------------+
; Slow Model Hold Summary                                        ;
+---------------------------------------+--------+---------------+
; Clock                                 ; Slack  ; End Point TNS ;
+---------------------------------------+--------+---------------+
; DES_CONTROL:control_unit|Pre_state[0] ; -2.363 ; -4.007        ;
; Clk                                   ; -1.856 ; -49.275       ;
+---------------------------------------+--------+---------------+


-------------------------------
; Slow Model Recovery Summary ;
-------------------------------
No paths to report.


------------------------------
; Slow Model Removal Summary ;
------------------------------
No paths to report.


+----------------------------------------------------------------+
; Slow Model Minimum Pulse Width Summary                         ;
+---------------------------------------+--------+---------------+
; Clock                                 ; Slack  ; End Point TNS ;
+---------------------------------------+--------+---------------+
; Clk                                   ; -1.380 ; -127.380      ;
; DES_CONTROL:control_unit|Pre_state[0] ; 0.500  ; 0.000         ;
+---------------------------------------+--------+---------------+


+--------------------------------------------------------------------------------------------------------------------------------+
; Slow Model Setup: 'Clk'                                                                                                        ;
+--------+---------------------------------------+---------+--------------+-------------+--------------+------------+------------+
; Slack  ; From Node                             ; To Node ; Launch Clock ; Latch Clock ; Relationship ; Clock Skew ; Data Delay ;
+--------+---------------------------------------+---------+--------------+-------------+--------------+------------+------------+
; -4.810 ; DES_CONTROL:control_unit|Counter[3]   ; R[13]   ; Clk          ; Clk         ; 1.000        ; -0.002     ; 5.844      ;
; -4.809 ; DES_CONTROL:control_unit|Pre_state[1] ; R[13]   ; Clk          ; Clk         ; 1.000        ; -0.929     ; 4.916      ;
; -4.807 ; DES_CONTROL:control_unit|Counter[3]   ; R[5]    ; Clk          ; Clk         ; 1.000        ; -0.003     ; 5.840      ;
; -4.805 ; DES_CONTROL:control_unit|Counter[1]   ; R[13]   ; Clk          ; Clk         ; 1.000        ; -0.002     ; 5.839      ;
; -4.803 ; DES_CONTROL:control_unit|Counter[2]   ; R[13]   ; Clk          ; Clk         ; 1.000        ; -0.002     ; 5.837      ;
; -4.802 ; DES_CONTROL:control_unit|Counter[1]   ; R[5]    ; Clk          ; Clk         ; 1.000        ; -0.003     ; 5.835      ;
; -4.800 ; DES_CONTROL:control_unit|Counter[2]   ; R[5]    ; Clk          ; Clk         ; 1.000        ; -0.003     ; 5.833      ;
; -4.796 ; DES_CONTROL:control_unit|Pre_state[1] ; R[5]    ; Clk          ; Clk         ; 1.000        ; -0.930     ; 4.902      ;
; -4.794 ; DES_CONTROL:control_unit|Counter[3]   ; R[1]    ; Clk          ; Clk         ; 1.000        ; 0.002      ; 5.832      ;
; -4.789 ; DES_CONTROL:control_unit|Counter[1]   ; R[1]    ; Clk          ; Clk         ; 1.000        ; 0.002      ; 5.827      ;
; -4.787 ; DES_CONTROL:control_unit|Counter[2]   ; R[1]    ; Clk          ; Clk         ; 1.000        ; 0.002      ; 5.825      ;
; -4.749 ; DES_CONTROL:control_unit|Pre_state[1] ; R[26]   ; Clk          ; Clk         ; 1.000        ; -0.920     ; 4.865      ;
; -4.717 ; DES_CONTROL:control_unit|Pre_state[1] ; R[21]   ; Clk          ; Clk         ; 1.000        ; -0.929     ; 4.824      ;
; -4.717 ; DES_CONTROL:control_unit|Pre_state[1] ; R[31]   ; Clk          ; Clk         ; 1.000        ; -0.926     ; 4.827      ;
; -4.709 ; DES_CONTROL:control_unit|Pre_state[1] ; R[6]    ; Clk          ; Clk         ; 1.000        ; -0.926     ; 4.819      ;
; -4.709 ; DES_CONTROL:control_unit|Pre_state[1] ; R[0]    ; Clk          ; Clk         ; 1.000        ; -0.931     ; 4.814      ;
; -4.701 ; DES_CONTROL:control_unit|Pre_state[1] ; R[10]   ; Clk          ; Clk         ; 1.000        ; -0.928     ; 4.809      ;
; -4.698 ; DES_CONTROL:control_unit|Pre_state[1] ; R[16]   ; Clk          ; Clk         ; 1.000        ; -0.924     ; 4.810      ;
; -4.696 ; DES_CONTROL:control_unit|Counter[3]   ; R[0]    ; Clk          ; Clk         ; 1.000        ; -0.004     ; 5.728      ;
; -4.695 ; DES_CONTROL:control_unit|Pre_state[1] ; R[18]   ; Clk          ; Clk         ; 1.000        ; -0.925     ; 4.806      ;
; -4.691 ; DES_CONTROL:control_unit|Counter[1]   ; R[0]    ; Clk          ; Clk         ; 1.000        ; -0.004     ; 5.723      ;
; -4.689 ; DES_CONTROL:control_unit|Counter[2]   ; R[0]    ; Clk          ; Clk         ; 1.000        ; -0.004     ; 5.721      ;
; -4.688 ; DES_CONTROL:control_unit|Pre_state[1] ; R[9]    ; Clk          ; Clk         ; 1.000        ; -0.925     ; 4.799      ;
; -4.688 ; DES_CONTROL:control_unit|Counter[3]   ; R[10]   ; Clk          ; Clk         ; 1.000        ; -0.001     ; 5.723      ;
; -4.683 ; DES_CONTROL:control_unit|Counter[1]   ; R[10]   ; Clk          ; Clk         ; 1.000        ; -0.001     ; 5.718      ;
; -4.681 ; DES_CONTROL:control_unit|Counter[2]   ; R[10]   ; Clk          ; Clk         ; 1.000        ; -0.001     ; 5.716      ;
; -4.671 ; DES_CONTROL:control_unit|Counter[3]   ; R[16]   ; Clk          ; Clk         ; 1.000        ; 0.003      ; 5.710      ;
; -4.668 ; DES_CONTROL:control_unit|Pre_state[1] ; R[30]   ; Clk          ; Clk         ; 1.000        ; -0.920     ; 4.784      ;
; -4.667 ; DES_CONTROL:control_unit|Pre_state[1] ; R[20]   ; Clk          ; Clk         ; 1.000        ; -0.928     ; 4.775      ;
; -4.666 ; DES_CONTROL:control_unit|Counter[1]   ; R[16]   ; Clk          ; Clk         ; 1.000        ; 0.003      ; 5.705      ;
; -4.666 ; DES_CONTROL:control_unit|Counter[3]   ; R[20]   ; Clk          ; Clk         ; 1.000        ; -0.001     ; 5.701      ;
; -4.664 ; DES_CONTROL:control_unit|Counter[2]   ; R[16]   ; Clk          ; Clk         ; 1.000        ; 0.003      ; 5.703      ;
; -4.663 ; DES_CONTROL:control_unit|Pre_state[1] ; R[19]   ; Clk          ; Clk         ; 1.000        ; -0.921     ; 4.778      ;
; -4.662 ; DES_CONTROL:control_unit|Counter[3]   ; R[25]   ; Clk          ; Clk         ; 1.000        ; -0.004     ; 5.694      ;
; -4.661 ; DES_CONTROL:control_unit|Counter[1]   ; R[20]   ; Clk          ; Clk         ; 1.000        ; -0.001     ; 5.696      ;
; -4.659 ; DES_CONTROL:control_unit|Counter[2]   ; R[20]   ; Clk          ; Clk         ; 1.000        ; -0.001     ; 5.694      ;
; -4.657 ; DES_CONTROL:control_unit|Counter[1]   ; R[25]   ; Clk          ; Clk         ; 1.000        ; -0.004     ; 5.689      ;
; -4.656 ; DES_CONTROL:control_unit|Pre_state[1] ; R[12]   ; Clk          ; Clk         ; 1.000        ; -0.926     ; 4.766      ;
; -4.655 ; DES_CONTROL:control_unit|Pre_state[1] ; R[1]    ; Clk          ; Clk         ; 1.000        ; -0.925     ; 4.766      ;
; -4.655 ; DES_CONTROL:control_unit|Counter[2]   ; R[25]   ; Clk          ; Clk         ; 1.000        ; -0.004     ; 5.687      ;
; -4.654 ; DES_CONTROL:control_unit|Pre_state[1] ; R[3]    ; Clk          ; Clk         ; 1.000        ; -0.928     ; 4.762      ;
; -4.648 ; DES_CONTROL:control_unit|Pre_state[1] ; R[7]    ; Clk          ; Clk         ; 1.000        ; -0.925     ; 4.759      ;
; -4.639 ; DES_CONTROL:control_unit|Pre_state[1] ; R[22]   ; Clk          ; Clk         ; 1.000        ; -0.926     ; 4.749      ;
; -4.630 ; DES_CONTROL:control_unit|Counter[3]   ; R[26]   ; Clk          ; Clk         ; 1.000        ; 0.007      ; 5.673      ;
; -4.628 ; DES_CONTROL:control_unit|Counter[3]   ; R[21]   ; Clk          ; Clk         ; 1.000        ; -0.002     ; 5.662      ;
; -4.625 ; DES_CONTROL:control_unit|Counter[1]   ; R[26]   ; Clk          ; Clk         ; 1.000        ; 0.007      ; 5.668      ;
; -4.623 ; DES_CONTROL:control_unit|Counter[3]   ; R[11]   ; Clk          ; Clk         ; 1.000        ; -0.002     ; 5.657      ;
; -4.623 ; DES_CONTROL:control_unit|Counter[2]   ; R[26]   ; Clk          ; Clk         ; 1.000        ; 0.007      ; 5.666      ;
; -4.623 ; DES_CONTROL:control_unit|Counter[1]   ; R[21]   ; Clk          ; Clk         ; 1.000        ; -0.002     ; 5.657      ;
; -4.621 ; DES_CONTROL:control_unit|Counter[2]   ; R[21]   ; Clk          ; Clk         ; 1.000        ; -0.002     ; 5.655      ;
; -4.618 ; DES_CONTROL:control_unit|Counter[3]   ; R[18]   ; Clk          ; Clk         ; 1.000        ; 0.002      ; 5.656      ;
; -4.618 ; DES_CONTROL:control_unit|Counter[1]   ; R[11]   ; Clk          ; Clk         ; 1.000        ; -0.002     ; 5.652      ;
; -4.616 ; DES_CONTROL:control_unit|Counter[2]   ; R[11]   ; Clk          ; Clk         ; 1.000        ; -0.002     ; 5.650      ;
; -4.613 ; DES_CONTROL:control_unit|Counter[1]   ; R[18]   ; Clk          ; Clk         ; 1.000        ; 0.002      ; 5.651      ;
; -4.612 ; DES_CONTROL:control_unit|Pre_state[1] ; R[11]   ; Clk          ; Clk         ; 1.000        ; -0.929     ; 4.719      ;
; -4.611 ; DES_CONTROL:control_unit|Counter[3]   ; R[3]    ; Clk          ; Clk         ; 1.000        ; -0.001     ; 5.646      ;
; -4.611 ; DES_CONTROL:control_unit|Counter[2]   ; R[18]   ; Clk          ; Clk         ; 1.000        ; 0.002      ; 5.649      ;
; -4.608 ; DES_CONTROL:control_unit|Pre_state[1] ; R[2]    ; Clk          ; Clk         ; 1.000        ; -0.924     ; 4.720      ;
; -4.606 ; DES_CONTROL:control_unit|Counter[1]   ; R[3]    ; Clk          ; Clk         ; 1.000        ; -0.001     ; 5.641      ;
; -4.604 ; DES_CONTROL:control_unit|Counter[2]   ; R[3]    ; Clk          ; Clk         ; 1.000        ; -0.001     ; 5.639      ;
; -4.602 ; DES_CONTROL:control_unit|Counter[3]   ; R[7]    ; Clk          ; Clk         ; 1.000        ; 0.002      ; 5.640      ;
; -4.597 ; DES_CONTROL:control_unit|Counter[1]   ; R[7]    ; Clk          ; Clk         ; 1.000        ; 0.002      ; 5.635      ;
; -4.595 ; DES_CONTROL:control_unit|Counter[2]   ; R[7]    ; Clk          ; Clk         ; 1.000        ; 0.002      ; 5.633      ;
; -4.588 ; DES_CONTROL:control_unit|Pre_state[1] ; R[25]   ; Clk          ; Clk         ; 1.000        ; -0.931     ; 4.693      ;
; -4.547 ; DES_CONTROL:control_unit|Counter[3]   ; R[9]    ; Clk          ; Clk         ; 1.000        ; 0.002      ; 5.585      ;
; -4.542 ; DES_CONTROL:control_unit|Counter[1]   ; R[9]    ; Clk          ; Clk         ; 1.000        ; 0.002      ; 5.580      ;
; -4.540 ; DES_CONTROL:control_unit|Counter[2]   ; R[9]    ; Clk          ; Clk         ; 1.000        ; 0.002      ; 5.578      ;
; -4.532 ; DES_CONTROL:control_unit|Pre_state[1] ; R[27]   ; Clk          ; Clk         ; 1.000        ; -0.930     ; 4.638      ;
; -4.531 ; DES_CONTROL:control_unit|Counter[3]   ; R[30]   ; Clk          ; Clk         ; 1.000        ; 0.007      ; 5.574      ;
; -4.526 ; DES_CONTROL:control_unit|Counter[0]   ; R[13]   ; Clk          ; Clk         ; 1.000        ; -0.002     ; 5.560      ;
; -4.526 ; DES_CONTROL:control_unit|Counter[1]   ; R[30]   ; Clk          ; Clk         ; 1.000        ; 0.007      ; 5.569      ;
; -4.524 ; DES_CONTROL:control_unit|Counter[2]   ; R[30]   ; Clk          ; Clk         ; 1.000        ; 0.007      ; 5.567      ;
; -4.523 ; DES_CONTROL:control_unit|Counter[0]   ; R[5]    ; Clk          ; Clk         ; 1.000        ; -0.003     ; 5.556      ;
; -4.518 ; DES_CONTROL:control_unit|Counter[3]   ; R[12]   ; Clk          ; Clk         ; 1.000        ; 0.001      ; 5.555      ;
; -4.513 ; DES_CONTROL:control_unit|Counter[1]   ; R[12]   ; Clk          ; Clk         ; 1.000        ; 0.001      ; 5.550      ;
; -4.511 ; DES_CONTROL:control_unit|Counter[3]   ; R[28]   ; Clk          ; Clk         ; 1.000        ; -0.001     ; 5.546      ;
; -4.511 ; DES_CONTROL:control_unit|Counter[2]   ; R[12]   ; Clk          ; Clk         ; 1.000        ; 0.001      ; 5.548      ;
; -4.510 ; DES_CONTROL:control_unit|Counter[0]   ; R[1]    ; Clk          ; Clk         ; 1.000        ; 0.002      ; 5.548      ;
; -4.507 ; DES_CONTROL:control_unit|Counter[3]   ; R[27]   ; Clk          ; Clk         ; 1.000        ; -0.003     ; 5.540      ;
; -4.506 ; DES_CONTROL:control_unit|Counter[1]   ; R[28]   ; Clk          ; Clk         ; 1.000        ; -0.001     ; 5.541      ;
; -4.504 ; DES_CONTROL:control_unit|Counter[2]   ; R[28]   ; Clk          ; Clk         ; 1.000        ; -0.001     ; 5.539      ;
; -4.503 ; DES_CONTROL:control_unit|Pre_state[1] ; R[8]    ; Clk          ; Clk         ; 1.000        ; -0.924     ; 4.615      ;
; -4.503 ; DES_CONTROL:control_unit|Counter[3]   ; R[31]   ; Clk          ; Clk         ; 1.000        ; 0.001      ; 5.540      ;
; -4.502 ; DES_CONTROL:control_unit|Counter[1]   ; R[27]   ; Clk          ; Clk         ; 1.000        ; -0.003     ; 5.535      ;
; -4.500 ; DES_CONTROL:control_unit|Counter[2]   ; R[27]   ; Clk          ; Clk         ; 1.000        ; -0.003     ; 5.533      ;
; -4.498 ; DES_CONTROL:control_unit|Counter[3]   ; R[6]    ; Clk          ; Clk         ; 1.000        ; 0.001      ; 5.535      ;
; -4.498 ; DES_CONTROL:control_unit|Counter[1]   ; R[31]   ; Clk          ; Clk         ; 1.000        ; 0.001      ; 5.535      ;
; -4.496 ; DES_CONTROL:control_unit|Counter[3]   ; R[22]   ; Clk          ; Clk         ; 1.000        ; 0.001      ; 5.533      ;
; -4.496 ; DES_CONTROL:control_unit|Counter[2]   ; R[31]   ; Clk          ; Clk         ; 1.000        ; 0.001      ; 5.533      ;
; -4.494 ; DES_CONTROL:control_unit|Counter[3]   ; R[24]   ; Clk          ; Clk         ; 1.000        ; 0.001      ; 5.531      ;
; -4.493 ; DES_CONTROL:control_unit|Counter[3]   ; R[19]   ; Clk          ; Clk         ; 1.000        ; 0.006      ; 5.535      ;
; -4.493 ; DES_CONTROL:control_unit|Counter[1]   ; R[6]    ; Clk          ; Clk         ; 1.000        ; 0.001      ; 5.530      ;
; -4.491 ; DES_CONTROL:control_unit|Counter[2]   ; R[6]    ; Clk          ; Clk         ; 1.000        ; 0.001      ; 5.528      ;
; -4.491 ; DES_CONTROL:control_unit|Counter[1]   ; R[22]   ; Clk          ; Clk         ; 1.000        ; 0.001      ; 5.528      ;
; -4.489 ; DES_CONTROL:control_unit|Counter[2]   ; R[22]   ; Clk          ; Clk         ; 1.000        ; 0.001      ; 5.526      ;
; -4.489 ; DES_CONTROL:control_unit|Counter[1]   ; R[24]   ; Clk          ; Clk         ; 1.000        ; 0.001      ; 5.526      ;
; -4.488 ; DES_CONTROL:control_unit|Counter[1]   ; R[19]   ; Clk          ; Clk         ; 1.000        ; 0.006      ; 5.530      ;
; -4.487 ; DES_CONTROL:control_unit|Counter[2]   ; R[24]   ; Clk          ; Clk         ; 1.000        ; 0.001      ; 5.524      ;
; -4.486 ; DES_CONTROL:control_unit|Counter[3]   ; R[2]    ; Clk          ; Clk         ; 1.000        ; 0.003      ; 5.525      ;
; -4.486 ; DES_CONTROL:control_unit|Counter[2]   ; R[19]   ; Clk          ; Clk         ; 1.000        ; 0.006      ; 5.528      ;
+--------+---------------------------------------+---------+--------------+-------------+--------------+------------+------------+


+------------------------------------------------------------------------------------------------------------------------------------------------------------------------------------------------------------------+
; Slow Model Setup: 'DES_CONTROL:control_unit|Pre_state[0]'                                                                                                                                                        ;
+--------+---------------------------------------+----------------------------------------+---------------------------------------+---------------------------------------+--------------+------------+------------+
; Slack  ; From Node                             ; To Node                                ; Launch Clock                          ; Latch Clock                           ; Relationship ; Clock Skew ; Data Delay ;
+--------+---------------------------------------+----------------------------------------+---------------------------------------+---------------------------------------+--------------+------------+------------+
; -1.584 ; DES_CONTROL:control_unit|Pre_state[1] ; DES_CONTROL:control_unit|Next_state[0] ; Clk                                   ; DES_CONTROL:control_unit|Pre_state[0] ; 1.000        ; -0.104     ; 1.322      ;
; -1.441 ; DES_CONTROL:control_unit|Counter[3]   ; DES_CONTROL:control_unit|Next_state[0] ; Clk                                   ; DES_CONTROL:control_unit|Pre_state[0] ; 1.000        ; 0.823      ; 2.106      ;
; -1.406 ; DES_CONTROL:control_unit|Counter[2]   ; DES_CONTROL:control_unit|Next_state[0] ; Clk                                   ; DES_CONTROL:control_unit|Pre_state[0] ; 1.000        ; 0.823      ; 2.071      ;
; -1.406 ; DES_CONTROL:control_unit|Counter[1]   ; DES_CONTROL:control_unit|Next_state[0] ; Clk                                   ; DES_CONTROL:control_unit|Pre_state[0] ; 1.000        ; 0.823      ; 2.071      ;
; -1.225 ; DES_CONTROL:control_unit|Counter[3]   ; DES_CONTROL:control_unit|Next_state[1] ; Clk                                   ; DES_CONTROL:control_unit|Pre_state[0] ; 1.000        ; 0.688      ; 2.092      ;
; -1.190 ; DES_CONTROL:control_unit|Counter[2]   ; DES_CONTROL:control_unit|Next_state[1] ; Clk                                   ; DES_CONTROL:control_unit|Pre_state[0] ; 1.000        ; 0.688      ; 2.057      ;
; -1.190 ; DES_CONTROL:control_unit|Counter[1]   ; DES_CONTROL:control_unit|Next_state[1] ; Clk                                   ; DES_CONTROL:control_unit|Pre_state[0] ; 1.000        ; 0.688      ; 2.057      ;
; -1.159 ; DES_CONTROL:control_unit|Counter[0]   ; DES_CONTROL:control_unit|Next_state[0] ; Clk                                   ; DES_CONTROL:control_unit|Pre_state[0] ; 1.000        ; 0.823      ; 1.824      ;
; -0.943 ; DES_CONTROL:control_unit|Counter[0]   ; DES_CONTROL:control_unit|Next_state[1] ; Clk                                   ; DES_CONTROL:control_unit|Pre_state[0] ; 1.000        ; 0.688      ; 1.810      ;
; 1.323  ; DES_CONTROL:control_unit|Pre_state[0] ; DES_CONTROL:control_unit|Next_state[1] ; DES_CONTROL:control_unit|Pre_state[0] ; DES_CONTROL:control_unit|Pre_state[0] ; 0.500        ; 3.379      ; 1.985      ;
; 1.705  ; DES_CONTROL:control_unit|Pre_state[0] ; DES_CONTROL:control_unit|Next_state[0] ; DES_CONTROL:control_unit|Pre_state[0] ; DES_CONTROL:control_unit|Pre_state[0] ; 0.500        ; 3.514      ; 1.401      ;
; 1.823  ; DES_CONTROL:control_unit|Pre_state[0] ; DES_CONTROL:control_unit|Next_state[1] ; DES_CONTROL:control_unit|Pre_state[0] ; DES_CONTROL:control_unit|Pre_state[0] ; 1.000        ; 3.379      ; 1.985      ;
; 2.205  ; DES_CONTROL:control_unit|Pre_state[0] ; DES_CONTROL:control_unit|Next_state[0] ; DES_CONTROL:control_unit|Pre_state[0] ; DES_CONTROL:control_unit|Pre_state[0] ; 1.000        ; 3.514      ; 1.401      ;
+--------+---------------------------------------+----------------------------------------+---------------------------------------+---------------------------------------+--------------+------------+------------+


+------------------------------------------------------------------------------------------------------------------------------------------------------------------------------------------------------------------+
; Slow Model Hold: 'DES_CONTROL:control_unit|Pre_state[0]'                                                                                                                                                         ;
+--------+---------------------------------------+----------------------------------------+---------------------------------------+---------------------------------------+--------------+------------+------------+
; Slack  ; From Node                             ; To Node                                ; Launch Clock                          ; Latch Clock                           ; Relationship ; Clock Skew ; Data Delay ;
+--------+---------------------------------------+----------------------------------------+---------------------------------------+---------------------------------------+--------------+------------+------------+
; -2.363 ; DES_CONTROL:control_unit|Pre_state[0] ; DES_CONTROL:control_unit|Next_state[0] ; DES_CONTROL:control_unit|Pre_state[0] ; DES_CONTROL:control_unit|Pre_state[0] ; 0.000        ; 3.514      ; 1.401      ;
; -1.863 ; DES_CONTROL:control_unit|Pre_state[0] ; DES_CONTROL:control_unit|Next_state[0] ; DES_CONTROL:control_unit|Pre_state[0] ; DES_CONTROL:control_unit|Pre_state[0] ; -0.500       ; 3.514      ; 1.401      ;
; -1.644 ; DES_CONTROL:control_unit|Pre_state[0] ; DES_CONTROL:control_unit|Next_state[1] ; DES_CONTROL:control_unit|Pre_state[0] ; DES_CONTROL:control_unit|Pre_state[0] ; 0.000        ; 3.379      ; 1.985      ;
; -1.144 ; DES_CONTROL:control_unit|Pre_state[0] ; DES_CONTROL:control_unit|Next_state[1] ; DES_CONTROL:control_unit|Pre_state[0] ; DES_CONTROL:control_unit|Pre_state[0] ; -0.500       ; 3.379      ; 1.985      ;
; 1.001  ; DES_CONTROL:control_unit|Counter[0]   ; DES_CONTROL:control_unit|Next_state[0] ; Clk                                   ; DES_CONTROL:control_unit|Pre_state[0] ; 0.000        ; 0.823      ; 1.824      ;
; 1.122  ; DES_CONTROL:control_unit|Counter[0]   ; DES_CONTROL:control_unit|Next_state[1] ; Clk                                   ; DES_CONTROL:control_unit|Pre_state[0] ; 0.000        ; 0.688      ; 1.810      ;
; 1.248  ; DES_CONTROL:control_unit|Counter[2]   ; DES_CONTROL:control_unit|Next_state[0] ; Clk                                   ; DES_CONTROL:control_unit|Pre_state[0] ; 0.000        ; 0.823      ; 2.071      ;
; 1.248  ; DES_CONTROL:control_unit|Counter[1]   ; DES_CONTROL:control_unit|Next_state[0] ; Clk                                   ; DES_CONTROL:control_unit|Pre_state[0] ; 0.000        ; 0.823      ; 2.071      ;
; 1.283  ; DES_CONTROL:control_unit|Counter[3]   ; DES_CONTROL:control_unit|Next_state[0] ; Clk                                   ; DES_CONTROL:control_unit|Pre_state[0] ; 0.000        ; 0.823      ; 2.106      ;
; 1.369  ; DES_CONTROL:control_unit|Counter[2]   ; DES_CONTROL:control_unit|Next_state[1] ; Clk                                   ; DES_CONTROL:control_unit|Pre_state[0] ; 0.000        ; 0.688      ; 2.057      ;
; 1.369  ; DES_CONTROL:control_unit|Counter[1]   ; DES_CONTROL:control_unit|Next_state[1] ; Clk                                   ; DES_CONTROL:control_unit|Pre_state[0] ; 0.000        ; 0.688      ; 2.057      ;
; 1.404  ; DES_CONTROL:control_unit|Counter[3]   ; DES_CONTROL:control_unit|Next_state[1] ; Clk                                   ; DES_CONTROL:control_unit|Pre_state[0] ; 0.000        ; 0.688      ; 2.092      ;
; 1.426  ; DES_CONTROL:control_unit|Pre_state[1] ; DES_CONTROL:control_unit|Next_state[0] ; Clk                                   ; DES_CONTROL:control_unit|Pre_state[0] ; 0.000        ; -0.104     ; 1.322      ;
+--------+---------------------------------------+----------------------------------------+---------------------------------------+---------------------------------------+--------------+------------+------------+


+----------------------------------------------------------------------------------------------------------------------------------------------------------------------------------------+
; Slow Model Hold: 'Clk'                                                                                                                                                                 ;
+--------+----------------------------------------+---------------------------------------+---------------------------------------+-------------+--------------+------------+------------+
; Slack  ; From Node                              ; To Node                               ; Launch Clock                          ; Latch Clock ; Relationship ; Clock Skew ; Data Delay ;
+--------+----------------------------------------+---------------------------------------+---------------------------------------+-------------+--------------+------------+------------+
; -1.856 ; DES_CONTROL:control_unit|Pre_state[0]  ; DES_CONTROL:control_unit|Counter[1]   ; DES_CONTROL:control_unit|Pre_state[0] ; Clk         ; 0.000        ; 2.691      ; 1.351      ;
; -1.698 ; DES_CONTROL:control_unit|Pre_state[0]  ; C[17]                                 ; DES_CONTROL:control_unit|Pre_state[0] ; Clk         ; 0.000        ; 2.690      ; 1.508      ;
; -1.697 ; DES_CONTROL:control_unit|Pre_state[0]  ; C[21]                                 ; DES_CONTROL:control_unit|Pre_state[0] ; Clk         ; 0.000        ; 2.690      ; 1.509      ;
; -1.666 ; DES_CONTROL:control_unit|Pre_state[0]  ; DES_CONTROL:control_unit|Counter[0]   ; DES_CONTROL:control_unit|Pre_state[0] ; Clk         ; 0.000        ; 2.691      ; 1.541      ;
; -1.356 ; DES_CONTROL:control_unit|Pre_state[0]  ; DES_CONTROL:control_unit|Counter[1]   ; DES_CONTROL:control_unit|Pre_state[0] ; Clk         ; -0.500       ; 2.691      ; 1.351      ;
; -1.270 ; DES_CONTROL:control_unit|Pre_state[0]  ; C[10]                                 ; DES_CONTROL:control_unit|Pre_state[0] ; Clk         ; 0.000        ; 2.691      ; 1.937      ;
; -1.198 ; DES_CONTROL:control_unit|Pre_state[0]  ; C[17]                                 ; DES_CONTROL:control_unit|Pre_state[0] ; Clk         ; -0.500       ; 2.690      ; 1.508      ;
; -1.197 ; DES_CONTROL:control_unit|Pre_state[0]  ; C[21]                                 ; DES_CONTROL:control_unit|Pre_state[0] ; Clk         ; -0.500       ; 2.690      ; 1.509      ;
; -1.166 ; DES_CONTROL:control_unit|Pre_state[0]  ; DES_CONTROL:control_unit|Counter[0]   ; DES_CONTROL:control_unit|Pre_state[0] ; Clk         ; -0.500       ; 2.691      ; 1.541      ;
; -1.143 ; DES_CONTROL:control_unit|Pre_state[0]  ; C[9]                                  ; DES_CONTROL:control_unit|Pre_state[0] ; Clk         ; 0.000        ; 2.691      ; 2.064      ;
; -1.119 ; DES_CONTROL:control_unit|Pre_state[0]  ; C[26]                                 ; DES_CONTROL:control_unit|Pre_state[0] ; Clk         ; 0.000        ; 2.691      ; 2.088      ;
; -1.072 ; DES_CONTROL:control_unit|Pre_state[0]  ; DES_CONTROL:control_unit|Counter[2]   ; DES_CONTROL:control_unit|Pre_state[0] ; Clk         ; 0.000        ; 2.691      ; 2.135      ;
; -1.069 ; DES_CONTROL:control_unit|Pre_state[0]  ; D[15]                                 ; DES_CONTROL:control_unit|Pre_state[0] ; Clk         ; 0.000        ; 2.696      ; 2.143      ;
; -1.022 ; DES_CONTROL:control_unit|Pre_state[0]  ; D[6]                                  ; DES_CONTROL:control_unit|Pre_state[0] ; Clk         ; 0.000        ; 2.694      ; 2.188      ;
; -0.987 ; DES_CONTROL:control_unit|Pre_state[0]  ; D[21]                                 ; DES_CONTROL:control_unit|Pre_state[0] ; Clk         ; 0.000        ; 2.683      ; 2.212      ;
; -0.967 ; DES_CONTROL:control_unit|Pre_state[0]  ; D[1]                                  ; DES_CONTROL:control_unit|Pre_state[0] ; Clk         ; 0.000        ; 2.686      ; 2.235      ;
; -0.965 ; DES_CONTROL:control_unit|Pre_state[0]  ; C[19]                                 ; DES_CONTROL:control_unit|Pre_state[0] ; Clk         ; 0.000        ; 2.690      ; 2.241      ;
; -0.963 ; DES_CONTROL:control_unit|Pre_state[0]  ; D[2]                                  ; DES_CONTROL:control_unit|Pre_state[0] ; Clk         ; 0.000        ; 2.690      ; 2.243      ;
; -0.918 ; DES_CONTROL:control_unit|Pre_state[0]  ; C[27]                                 ; DES_CONTROL:control_unit|Pre_state[0] ; Clk         ; 0.000        ; 2.691      ; 2.289      ;
; -0.912 ; DES_CONTROL:control_unit|Pre_state[0]  ; D[18]                                 ; DES_CONTROL:control_unit|Pre_state[0] ; Clk         ; 0.000        ; 2.685      ; 2.289      ;
; -0.911 ; DES_CONTROL:control_unit|Pre_state[0]  ; D[13]                                 ; DES_CONTROL:control_unit|Pre_state[0] ; Clk         ; 0.000        ; 2.685      ; 2.290      ;
; -0.829 ; DES_CONTROL:control_unit|Pre_state[0]  ; C[25]                                 ; DES_CONTROL:control_unit|Pre_state[0] ; Clk         ; 0.000        ; 2.691      ; 2.378      ;
; -0.804 ; DES_CONTROL:control_unit|Pre_state[0]  ; DES_CONTROL:control_unit|Counter[3]   ; DES_CONTROL:control_unit|Pre_state[0] ; Clk         ; 0.000        ; 2.691      ; 2.403      ;
; -0.802 ; DES_CONTROL:control_unit|Pre_state[0]  ; D[10]                                 ; DES_CONTROL:control_unit|Pre_state[0] ; Clk         ; 0.000        ; 2.697      ; 2.411      ;
; -0.801 ; DES_CONTROL:control_unit|Pre_state[0]  ; D[16]                                 ; DES_CONTROL:control_unit|Pre_state[0] ; Clk         ; 0.000        ; 2.696      ; 2.411      ;
; -0.783 ; DES_CONTROL:control_unit|Pre_state[0]  ; D[11]                                 ; DES_CONTROL:control_unit|Pre_state[0] ; Clk         ; 0.000        ; 2.694      ; 2.427      ;
; -0.783 ; DES_CONTROL:control_unit|Pre_state[0]  ; C[0]                                  ; DES_CONTROL:control_unit|Pre_state[0] ; Clk         ; 0.000        ; 2.694      ; 2.427      ;
; -0.783 ; DES_CONTROL:control_unit|Pre_state[0]  ; C[1]                                  ; DES_CONTROL:control_unit|Pre_state[0] ; Clk         ; 0.000        ; 2.694      ; 2.427      ;
; -0.783 ; DES_CONTROL:control_unit|Pre_state[0]  ; L[24]                                 ; DES_CONTROL:control_unit|Pre_state[0] ; Clk         ; 0.000        ; 2.694      ; 2.427      ;
; -0.783 ; DES_CONTROL:control_unit|Pre_state[0]  ; L[12]                                 ; DES_CONTROL:control_unit|Pre_state[0] ; Clk         ; 0.000        ; 2.694      ; 2.427      ;
; -0.783 ; DES_CONTROL:control_unit|Pre_state[0]  ; L[14]                                 ; DES_CONTROL:control_unit|Pre_state[0] ; Clk         ; 0.000        ; 2.694      ; 2.427      ;
; -0.771 ; DES_CONTROL:control_unit|Pre_state[0]  ; C[13]                                 ; DES_CONTROL:control_unit|Pre_state[0] ; Clk         ; 0.000        ; 2.696      ; 2.441      ;
; -0.770 ; DES_CONTROL:control_unit|Pre_state[0]  ; C[10]                                 ; DES_CONTROL:control_unit|Pre_state[0] ; Clk         ; -0.500       ; 2.691      ; 1.937      ;
; -0.755 ; DES_CONTROL:control_unit|Pre_state[0]  ; D[27]                                 ; DES_CONTROL:control_unit|Pre_state[0] ; Clk         ; 0.000        ; 2.691      ; 2.452      ;
; -0.747 ; DES_CONTROL:control_unit|Pre_state[0]  ; C[14]                                 ; DES_CONTROL:control_unit|Pre_state[0] ; Clk         ; 0.000        ; 2.696      ; 2.465      ;
; -0.741 ; DES_CONTROL:control_unit|Pre_state[0]  ; C[4]                                  ; DES_CONTROL:control_unit|Pre_state[0] ; Clk         ; 0.000        ; 2.698      ; 2.473      ;
; -0.733 ; DES_CONTROL:control_unit|Pre_state[0]  ; C[15]                                 ; DES_CONTROL:control_unit|Pre_state[0] ; Clk         ; 0.000        ; 2.696      ; 2.479      ;
; -0.731 ; DES_CONTROL:control_unit|Pre_state[0]  ; D[20]                                 ; DES_CONTROL:control_unit|Pre_state[0] ; Clk         ; 0.000        ; 2.683      ; 2.468      ;
; -0.708 ; DES_CONTROL:control_unit|Pre_state[0]  ; C[8]                                  ; DES_CONTROL:control_unit|Pre_state[0] ; Clk         ; 0.000        ; 2.691      ; 2.499      ;
; -0.656 ; DES_CONTROL:control_unit|Pre_state[0]  ; C[5]                                  ; DES_CONTROL:control_unit|Pre_state[0] ; Clk         ; 0.000        ; 2.698      ; 2.558      ;
; -0.643 ; DES_CONTROL:control_unit|Pre_state[0]  ; C[9]                                  ; DES_CONTROL:control_unit|Pre_state[0] ; Clk         ; -0.500       ; 2.691      ; 2.064      ;
; -0.632 ; DES_CONTROL:control_unit|Pre_state[0]  ; D[8]                                  ; DES_CONTROL:control_unit|Pre_state[0] ; Clk         ; 0.000        ; 2.697      ; 2.581      ;
; -0.619 ; DES_CONTROL:control_unit|Pre_state[0]  ; C[26]                                 ; DES_CONTROL:control_unit|Pre_state[0] ; Clk         ; -0.500       ; 2.691      ; 2.088      ;
; -0.613 ; DES_CONTROL:control_unit|Pre_state[0]  ; D[25]                                 ; DES_CONTROL:control_unit|Pre_state[0] ; Clk         ; 0.000        ; 2.691      ; 2.594      ;
; -0.603 ; DES_CONTROL:control_unit|Pre_state[0]  ; C[22]                                 ; DES_CONTROL:control_unit|Pre_state[0] ; Clk         ; 0.000        ; 2.694      ; 2.607      ;
; -0.581 ; DES_CONTROL:control_unit|Pre_state[0]  ; D[22]                                 ; DES_CONTROL:control_unit|Pre_state[0] ; Clk         ; 0.000        ; 2.685      ; 2.620      ;
; -0.572 ; DES_CONTROL:control_unit|Pre_state[0]  ; DES_CONTROL:control_unit|Counter[2]   ; DES_CONTROL:control_unit|Pre_state[0] ; Clk         ; -0.500       ; 2.691      ; 2.135      ;
; -0.569 ; DES_CONTROL:control_unit|Pre_state[0]  ; D[15]                                 ; DES_CONTROL:control_unit|Pre_state[0] ; Clk         ; -0.500       ; 2.696      ; 2.143      ;
; -0.522 ; DES_CONTROL:control_unit|Pre_state[0]  ; D[6]                                  ; DES_CONTROL:control_unit|Pre_state[0] ; Clk         ; -0.500       ; 2.694      ; 2.188      ;
; -0.493 ; DES_CONTROL:control_unit|Pre_state[0]  ; D[4]                                  ; DES_CONTROL:control_unit|Pre_state[0] ; Clk         ; 0.000        ; 2.694      ; 2.717      ;
; -0.487 ; DES_CONTROL:control_unit|Pre_state[0]  ; D[3]                                  ; DES_CONTROL:control_unit|Pre_state[0] ; Clk         ; 0.000        ; 2.686      ; 2.715      ;
; -0.487 ; DES_CONTROL:control_unit|Pre_state[0]  ; D[21]                                 ; DES_CONTROL:control_unit|Pre_state[0] ; Clk         ; -0.500       ; 2.683      ; 2.212      ;
; -0.467 ; DES_CONTROL:control_unit|Pre_state[0]  ; D[1]                                  ; DES_CONTROL:control_unit|Pre_state[0] ; Clk         ; -0.500       ; 2.686      ; 2.235      ;
; -0.465 ; DES_CONTROL:control_unit|Pre_state[0]  ; C[19]                                 ; DES_CONTROL:control_unit|Pre_state[0] ; Clk         ; -0.500       ; 2.690      ; 2.241      ;
; -0.463 ; DES_CONTROL:control_unit|Pre_state[0]  ; D[2]                                  ; DES_CONTROL:control_unit|Pre_state[0] ; Clk         ; -0.500       ; 2.690      ; 2.243      ;
; -0.454 ; DES_CONTROL:control_unit|Pre_state[0]  ; D[26]                                 ; DES_CONTROL:control_unit|Pre_state[0] ; Clk         ; 0.000        ; 2.691      ; 2.753      ;
; -0.430 ; DES_CONTROL:control_unit|Pre_state[0]  ; C[6]                                  ; DES_CONTROL:control_unit|Pre_state[0] ; Clk         ; 0.000        ; 2.698      ; 2.784      ;
; -0.428 ; DES_CONTROL:control_unit|Pre_state[0]  ; C[23]                                 ; DES_CONTROL:control_unit|Pre_state[0] ; Clk         ; 0.000        ; 2.694      ; 2.782      ;
; -0.421 ; DES_CONTROL:control_unit|Next_state[1] ; DES_CONTROL:control_unit|Pre_state[1] ; DES_CONTROL:control_unit|Pre_state[0] ; Clk         ; 0.000        ; 0.239      ; 0.084      ;
; -0.418 ; DES_CONTROL:control_unit|Pre_state[0]  ; C[27]                                 ; DES_CONTROL:control_unit|Pre_state[0] ; Clk         ; -0.500       ; 2.691      ; 2.289      ;
; -0.412 ; DES_CONTROL:control_unit|Pre_state[0]  ; D[18]                                 ; DES_CONTROL:control_unit|Pre_state[0] ; Clk         ; -0.500       ; 2.685      ; 2.289      ;
; -0.411 ; DES_CONTROL:control_unit|Pre_state[0]  ; D[13]                                 ; DES_CONTROL:control_unit|Pre_state[0] ; Clk         ; -0.500       ; 2.685      ; 2.290      ;
; -0.370 ; DES_CONTROL:control_unit|Pre_state[0]  ; C[16]                                 ; DES_CONTROL:control_unit|Pre_state[0] ; Clk         ; 0.000        ; 2.690      ; 2.836      ;
; -0.338 ; DES_CONTROL:control_unit|Pre_state[0]  ; L[18]                                 ; DES_CONTROL:control_unit|Pre_state[0] ; Clk         ; 0.000        ; 2.693      ; 2.871      ;
; -0.338 ; DES_CONTROL:control_unit|Pre_state[0]  ; R[18]                                 ; DES_CONTROL:control_unit|Pre_state[0] ; Clk         ; 0.000        ; 2.693      ; 2.871      ;
; -0.338 ; DES_CONTROL:control_unit|Pre_state[0]  ; L[7]                                  ; DES_CONTROL:control_unit|Pre_state[0] ; Clk         ; 0.000        ; 2.693      ; 2.871      ;
; -0.338 ; DES_CONTROL:control_unit|Pre_state[0]  ; R[7]                                  ; DES_CONTROL:control_unit|Pre_state[0] ; Clk         ; 0.000        ; 2.693      ; 2.871      ;
; -0.329 ; DES_CONTROL:control_unit|Pre_state[0]  ; C[25]                                 ; DES_CONTROL:control_unit|Pre_state[0] ; Clk         ; -0.500       ; 2.691      ; 2.378      ;
; -0.324 ; DES_CONTROL:control_unit|Pre_state[0]  ; R[14]                                 ; DES_CONTROL:control_unit|Pre_state[0] ; Clk         ; 0.000        ; 2.698      ; 2.890      ;
; -0.310 ; DES_CONTROL:control_unit|Pre_state[0]  ; D[17]                                 ; DES_CONTROL:control_unit|Pre_state[0] ; Clk         ; 0.000        ; 2.685      ; 2.891      ;
; -0.309 ; DES_CONTROL:control_unit|Pre_state[0]  ; C[3]                                  ; DES_CONTROL:control_unit|Pre_state[0] ; Clk         ; 0.000        ; 2.698      ; 2.905      ;
; -0.309 ; DES_CONTROL:control_unit|Pre_state[0]  ; L[26]                                 ; DES_CONTROL:control_unit|Pre_state[0] ; Clk         ; 0.000        ; 2.698      ; 2.905      ;
; -0.309 ; DES_CONTROL:control_unit|Pre_state[0]  ; R[26]                                 ; DES_CONTROL:control_unit|Pre_state[0] ; Clk         ; 0.000        ; 2.698      ; 2.905      ;
; -0.304 ; DES_CONTROL:control_unit|Pre_state[0]  ; DES_CONTROL:control_unit|Counter[3]   ; DES_CONTROL:control_unit|Pre_state[0] ; Clk         ; -0.500       ; 2.691      ; 2.403      ;
; -0.303 ; DES_CONTROL:control_unit|Pre_state[0]  ; C[12]                                 ; DES_CONTROL:control_unit|Pre_state[0] ; Clk         ; 0.000        ; 2.696      ; 2.909      ;
; -0.302 ; DES_CONTROL:control_unit|Pre_state[0]  ; D[10]                                 ; DES_CONTROL:control_unit|Pre_state[0] ; Clk         ; -0.500       ; 2.697      ; 2.411      ;
; -0.301 ; DES_CONTROL:control_unit|Pre_state[0]  ; D[7]                                  ; DES_CONTROL:control_unit|Pre_state[0] ; Clk         ; 0.000        ; 2.697      ; 2.912      ;
; -0.301 ; DES_CONTROL:control_unit|Pre_state[0]  ; D[9]                                  ; DES_CONTROL:control_unit|Pre_state[0] ; Clk         ; 0.000        ; 2.697      ; 2.912      ;
; -0.301 ; DES_CONTROL:control_unit|Pre_state[0]  ; L[19]                                 ; DES_CONTROL:control_unit|Pre_state[0] ; Clk         ; 0.000        ; 2.697      ; 2.912      ;
; -0.301 ; DES_CONTROL:control_unit|Pre_state[0]  ; R[19]                                 ; DES_CONTROL:control_unit|Pre_state[0] ; Clk         ; 0.000        ; 2.697      ; 2.912      ;
; -0.301 ; DES_CONTROL:control_unit|Pre_state[0]  ; D[16]                                 ; DES_CONTROL:control_unit|Pre_state[0] ; Clk         ; -0.500       ; 2.696      ; 2.411      ;
; -0.283 ; DES_CONTROL:control_unit|Pre_state[0]  ; D[11]                                 ; DES_CONTROL:control_unit|Pre_state[0] ; Clk         ; -0.500       ; 2.694      ; 2.427      ;
; -0.283 ; DES_CONTROL:control_unit|Pre_state[0]  ; C[0]                                  ; DES_CONTROL:control_unit|Pre_state[0] ; Clk         ; -0.500       ; 2.694      ; 2.427      ;
; -0.283 ; DES_CONTROL:control_unit|Pre_state[0]  ; C[1]                                  ; DES_CONTROL:control_unit|Pre_state[0] ; Clk         ; -0.500       ; 2.694      ; 2.427      ;
; -0.283 ; DES_CONTROL:control_unit|Pre_state[0]  ; L[24]                                 ; DES_CONTROL:control_unit|Pre_state[0] ; Clk         ; -0.500       ; 2.694      ; 2.427      ;
; -0.283 ; DES_CONTROL:control_unit|Pre_state[0]  ; L[12]                                 ; DES_CONTROL:control_unit|Pre_state[0] ; Clk         ; -0.500       ; 2.694      ; 2.427      ;
; -0.283 ; DES_CONTROL:control_unit|Pre_state[0]  ; L[14]                                 ; DES_CONTROL:control_unit|Pre_state[0] ; Clk         ; -0.500       ; 2.694      ; 2.427      ;
; -0.282 ; DES_CONTROL:control_unit|Pre_state[0]  ; R[24]                                 ; DES_CONTROL:control_unit|Pre_state[0] ; Clk         ; 0.000        ; 2.692      ; 2.926      ;
; -0.282 ; DES_CONTROL:control_unit|Pre_state[0]  ; R[29]                                 ; DES_CONTROL:control_unit|Pre_state[0] ; Clk         ; 0.000        ; 2.692      ; 2.926      ;
; -0.271 ; DES_CONTROL:control_unit|Pre_state[0]  ; C[13]                                 ; DES_CONTROL:control_unit|Pre_state[0] ; Clk         ; -0.500       ; 2.696      ; 2.441      ;
; -0.269 ; DES_CONTROL:control_unit|Pre_state[0]  ; D[24]                                 ; DES_CONTROL:control_unit|Pre_state[0] ; Clk         ; 0.000        ; 2.691      ; 2.938      ;
; -0.269 ; DES_CONTROL:control_unit|Pre_state[0]  ; D[14]                                 ; DES_CONTROL:control_unit|Pre_state[0] ; Clk         ; 0.000        ; 2.691      ; 2.938      ;
; -0.269 ; DES_CONTROL:control_unit|Pre_state[0]  ; L[5]                                  ; DES_CONTROL:control_unit|Pre_state[0] ; Clk         ; 0.000        ; 2.691      ; 2.938      ;
; -0.269 ; DES_CONTROL:control_unit|Pre_state[0]  ; L[28]                                 ; DES_CONTROL:control_unit|Pre_state[0] ; Clk         ; 0.000        ; 2.691      ; 2.938      ;
; -0.255 ; DES_CONTROL:control_unit|Pre_state[0]  ; D[27]                                 ; DES_CONTROL:control_unit|Pre_state[0] ; Clk         ; -0.500       ; 2.691      ; 2.452      ;
; -0.250 ; DES_CONTROL:control_unit|Pre_state[0]  ; R[10]                                 ; DES_CONTROL:control_unit|Pre_state[0] ; Clk         ; 0.000        ; 2.690      ; 2.956      ;
; -0.250 ; DES_CONTROL:control_unit|Pre_state[0]  ; L[20]                                 ; DES_CONTROL:control_unit|Pre_state[0] ; Clk         ; 0.000        ; 2.690      ; 2.956      ;
; -0.250 ; DES_CONTROL:control_unit|Pre_state[0]  ; R[20]                                 ; DES_CONTROL:control_unit|Pre_state[0] ; Clk         ; 0.000        ; 2.690      ; 2.956      ;
; -0.249 ; DES_CONTROL:control_unit|Pre_state[0]  ; C[7]                                  ; DES_CONTROL:control_unit|Pre_state[0] ; Clk         ; 0.000        ; 2.691      ; 2.958      ;
; -0.247 ; DES_CONTROL:control_unit|Pre_state[0]  ; C[14]                                 ; DES_CONTROL:control_unit|Pre_state[0] ; Clk         ; -0.500       ; 2.696      ; 2.465      ;
+--------+----------------------------------------+---------------------------------------+---------------------------------------+-------------+--------------+------------+------------+


+------------------------------------------------------------------------------------------------------------------------+
; Slow Model Minimum Pulse Width: 'Clk'                                                                                  ;
+--------+--------------+----------------+------------------+-------+------------+---------------------------------------+
; Slack  ; Actual Width ; Required Width ; Type             ; Clock ; Clock Edge ; Target                                ;
+--------+--------------+----------------+------------------+-------+------------+---------------------------------------+
; -1.380 ; 1.000        ; 2.380          ; Port Rate        ; Clk   ; Rise       ; Clk                                   ;
; -0.500 ; 0.500        ; 1.000          ; High Pulse Width ; Clk   ; Rise       ; C[0]                                  ;
; -0.500 ; 0.500        ; 1.000          ; Low Pulse Width  ; Clk   ; Rise       ; C[0]                                  ;
; -0.500 ; 0.500        ; 1.000          ; High Pulse Width ; Clk   ; Rise       ; C[10]                                 ;
; -0.500 ; 0.500        ; 1.000          ; Low Pulse Width  ; Clk   ; Rise       ; C[10]                                 ;
; -0.500 ; 0.500        ; 1.000          ; High Pulse Width ; Clk   ; Rise       ; C[11]                                 ;
; -0.500 ; 0.500        ; 1.000          ; Low Pulse Width  ; Clk   ; Rise       ; C[11]                                 ;
; -0.500 ; 0.500        ; 1.000          ; High Pulse Width ; Clk   ; Rise       ; C[12]                                 ;
; -0.500 ; 0.500        ; 1.000          ; Low Pulse Width  ; Clk   ; Rise       ; C[12]                                 ;
; -0.500 ; 0.500        ; 1.000          ; High Pulse Width ; Clk   ; Rise       ; C[13]                                 ;
; -0.500 ; 0.500        ; 1.000          ; Low Pulse Width  ; Clk   ; Rise       ; C[13]                                 ;
; -0.500 ; 0.500        ; 1.000          ; High Pulse Width ; Clk   ; Rise       ; C[14]                                 ;
; -0.500 ; 0.500        ; 1.000          ; Low Pulse Width  ; Clk   ; Rise       ; C[14]                                 ;
; -0.500 ; 0.500        ; 1.000          ; High Pulse Width ; Clk   ; Rise       ; C[15]                                 ;
; -0.500 ; 0.500        ; 1.000          ; Low Pulse Width  ; Clk   ; Rise       ; C[15]                                 ;
; -0.500 ; 0.500        ; 1.000          ; High Pulse Width ; Clk   ; Rise       ; C[16]                                 ;
; -0.500 ; 0.500        ; 1.000          ; Low Pulse Width  ; Clk   ; Rise       ; C[16]                                 ;
; -0.500 ; 0.500        ; 1.000          ; High Pulse Width ; Clk   ; Rise       ; C[17]                                 ;
; -0.500 ; 0.500        ; 1.000          ; Low Pulse Width  ; Clk   ; Rise       ; C[17]                                 ;
; -0.500 ; 0.500        ; 1.000          ; High Pulse Width ; Clk   ; Rise       ; C[18]                                 ;
; -0.500 ; 0.500        ; 1.000          ; Low Pulse Width  ; Clk   ; Rise       ; C[18]                                 ;
; -0.500 ; 0.500        ; 1.000          ; High Pulse Width ; Clk   ; Rise       ; C[19]                                 ;
; -0.500 ; 0.500        ; 1.000          ; Low Pulse Width  ; Clk   ; Rise       ; C[19]                                 ;
; -0.500 ; 0.500        ; 1.000          ; High Pulse Width ; Clk   ; Rise       ; C[1]                                  ;
; -0.500 ; 0.500        ; 1.000          ; Low Pulse Width  ; Clk   ; Rise       ; C[1]                                  ;
; -0.500 ; 0.500        ; 1.000          ; High Pulse Width ; Clk   ; Rise       ; C[20]                                 ;
; -0.500 ; 0.500        ; 1.000          ; Low Pulse Width  ; Clk   ; Rise       ; C[20]                                 ;
; -0.500 ; 0.500        ; 1.000          ; High Pulse Width ; Clk   ; Rise       ; C[21]                                 ;
; -0.500 ; 0.500        ; 1.000          ; Low Pulse Width  ; Clk   ; Rise       ; C[21]                                 ;
; -0.500 ; 0.500        ; 1.000          ; High Pulse Width ; Clk   ; Rise       ; C[22]                                 ;
; -0.500 ; 0.500        ; 1.000          ; Low Pulse Width  ; Clk   ; Rise       ; C[22]                                 ;
; -0.500 ; 0.500        ; 1.000          ; High Pulse Width ; Clk   ; Rise       ; C[23]                                 ;
; -0.500 ; 0.500        ; 1.000          ; Low Pulse Width  ; Clk   ; Rise       ; C[23]                                 ;
; -0.500 ; 0.500        ; 1.000          ; High Pulse Width ; Clk   ; Rise       ; C[24]                                 ;
; -0.500 ; 0.500        ; 1.000          ; Low Pulse Width  ; Clk   ; Rise       ; C[24]                                 ;
; -0.500 ; 0.500        ; 1.000          ; High Pulse Width ; Clk   ; Rise       ; C[25]                                 ;
; -0.500 ; 0.500        ; 1.000          ; Low Pulse Width  ; Clk   ; Rise       ; C[25]                                 ;
; -0.500 ; 0.500        ; 1.000          ; High Pulse Width ; Clk   ; Rise       ; C[26]                                 ;
; -0.500 ; 0.500        ; 1.000          ; Low Pulse Width  ; Clk   ; Rise       ; C[26]                                 ;
; -0.500 ; 0.500        ; 1.000          ; High Pulse Width ; Clk   ; Rise       ; C[27]                                 ;
; -0.500 ; 0.500        ; 1.000          ; Low Pulse Width  ; Clk   ; Rise       ; C[27]                                 ;
; -0.500 ; 0.500        ; 1.000          ; High Pulse Width ; Clk   ; Rise       ; C[2]                                  ;
; -0.500 ; 0.500        ; 1.000          ; Low Pulse Width  ; Clk   ; Rise       ; C[2]                                  ;
; -0.500 ; 0.500        ; 1.000          ; High Pulse Width ; Clk   ; Rise       ; C[3]                                  ;
; -0.500 ; 0.500        ; 1.000          ; Low Pulse Width  ; Clk   ; Rise       ; C[3]                                  ;
; -0.500 ; 0.500        ; 1.000          ; High Pulse Width ; Clk   ; Rise       ; C[4]                                  ;
; -0.500 ; 0.500        ; 1.000          ; Low Pulse Width  ; Clk   ; Rise       ; C[4]                                  ;
; -0.500 ; 0.500        ; 1.000          ; High Pulse Width ; Clk   ; Rise       ; C[5]                                  ;
; -0.500 ; 0.500        ; 1.000          ; Low Pulse Width  ; Clk   ; Rise       ; C[5]                                  ;
; -0.500 ; 0.500        ; 1.000          ; High Pulse Width ; Clk   ; Rise       ; C[6]                                  ;
; -0.500 ; 0.500        ; 1.000          ; Low Pulse Width  ; Clk   ; Rise       ; C[6]                                  ;
; -0.500 ; 0.500        ; 1.000          ; High Pulse Width ; Clk   ; Rise       ; C[7]                                  ;
; -0.500 ; 0.500        ; 1.000          ; Low Pulse Width  ; Clk   ; Rise       ; C[7]                                  ;
; -0.500 ; 0.500        ; 1.000          ; High Pulse Width ; Clk   ; Rise       ; C[8]                                  ;
; -0.500 ; 0.500        ; 1.000          ; Low Pulse Width  ; Clk   ; Rise       ; C[8]                                  ;
; -0.500 ; 0.500        ; 1.000          ; High Pulse Width ; Clk   ; Rise       ; C[9]                                  ;
; -0.500 ; 0.500        ; 1.000          ; Low Pulse Width  ; Clk   ; Rise       ; C[9]                                  ;
; -0.500 ; 0.500        ; 1.000          ; High Pulse Width ; Clk   ; Rise       ; DES_CONTROL:control_unit|Counter[0]   ;
; -0.500 ; 0.500        ; 1.000          ; Low Pulse Width  ; Clk   ; Rise       ; DES_CONTROL:control_unit|Counter[0]   ;
; -0.500 ; 0.500        ; 1.000          ; High Pulse Width ; Clk   ; Rise       ; DES_CONTROL:control_unit|Counter[1]   ;
; -0.500 ; 0.500        ; 1.000          ; Low Pulse Width  ; Clk   ; Rise       ; DES_CONTROL:control_unit|Counter[1]   ;
; -0.500 ; 0.500        ; 1.000          ; High Pulse Width ; Clk   ; Rise       ; DES_CONTROL:control_unit|Counter[2]   ;
; -0.500 ; 0.500        ; 1.000          ; Low Pulse Width  ; Clk   ; Rise       ; DES_CONTROL:control_unit|Counter[2]   ;
; -0.500 ; 0.500        ; 1.000          ; High Pulse Width ; Clk   ; Rise       ; DES_CONTROL:control_unit|Counter[3]   ;
; -0.500 ; 0.500        ; 1.000          ; Low Pulse Width  ; Clk   ; Rise       ; DES_CONTROL:control_unit|Counter[3]   ;
; -0.500 ; 0.500        ; 1.000          ; High Pulse Width ; Clk   ; Rise       ; DES_CONTROL:control_unit|Pre_state[0] ;
; -0.500 ; 0.500        ; 1.000          ; Low Pulse Width  ; Clk   ; Rise       ; DES_CONTROL:control_unit|Pre_state[0] ;
; -0.500 ; 0.500        ; 1.000          ; High Pulse Width ; Clk   ; Rise       ; DES_CONTROL:control_unit|Pre_state[1] ;
; -0.500 ; 0.500        ; 1.000          ; Low Pulse Width  ; Clk   ; Rise       ; DES_CONTROL:control_unit|Pre_state[1] ;
; -0.500 ; 0.500        ; 1.000          ; High Pulse Width ; Clk   ; Rise       ; D[0]                                  ;
; -0.500 ; 0.500        ; 1.000          ; Low Pulse Width  ; Clk   ; Rise       ; D[0]                                  ;
; -0.500 ; 0.500        ; 1.000          ; High Pulse Width ; Clk   ; Rise       ; D[10]                                 ;
; -0.500 ; 0.500        ; 1.000          ; Low Pulse Width  ; Clk   ; Rise       ; D[10]                                 ;
; -0.500 ; 0.500        ; 1.000          ; High Pulse Width ; Clk   ; Rise       ; D[11]                                 ;
; -0.500 ; 0.500        ; 1.000          ; Low Pulse Width  ; Clk   ; Rise       ; D[11]                                 ;
; -0.500 ; 0.500        ; 1.000          ; High Pulse Width ; Clk   ; Rise       ; D[12]                                 ;
; -0.500 ; 0.500        ; 1.000          ; Low Pulse Width  ; Clk   ; Rise       ; D[12]                                 ;
; -0.500 ; 0.500        ; 1.000          ; High Pulse Width ; Clk   ; Rise       ; D[13]                                 ;
; -0.500 ; 0.500        ; 1.000          ; Low Pulse Width  ; Clk   ; Rise       ; D[13]                                 ;
; -0.500 ; 0.500        ; 1.000          ; High Pulse Width ; Clk   ; Rise       ; D[14]                                 ;
; -0.500 ; 0.500        ; 1.000          ; Low Pulse Width  ; Clk   ; Rise       ; D[14]                                 ;
; -0.500 ; 0.500        ; 1.000          ; High Pulse Width ; Clk   ; Rise       ; D[15]                                 ;
; -0.500 ; 0.500        ; 1.000          ; Low Pulse Width  ; Clk   ; Rise       ; D[15]                                 ;
; -0.500 ; 0.500        ; 1.000          ; High Pulse Width ; Clk   ; Rise       ; D[16]                                 ;
; -0.500 ; 0.500        ; 1.000          ; Low Pulse Width  ; Clk   ; Rise       ; D[16]                                 ;
; -0.500 ; 0.500        ; 1.000          ; High Pulse Width ; Clk   ; Rise       ; D[17]                                 ;
; -0.500 ; 0.500        ; 1.000          ; Low Pulse Width  ; Clk   ; Rise       ; D[17]                                 ;
; -0.500 ; 0.500        ; 1.000          ; High Pulse Width ; Clk   ; Rise       ; D[18]                                 ;
; -0.500 ; 0.500        ; 1.000          ; Low Pulse Width  ; Clk   ; Rise       ; D[18]                                 ;
; -0.500 ; 0.500        ; 1.000          ; High Pulse Width ; Clk   ; Rise       ; D[19]                                 ;
; -0.500 ; 0.500        ; 1.000          ; Low Pulse Width  ; Clk   ; Rise       ; D[19]                                 ;
; -0.500 ; 0.500        ; 1.000          ; High Pulse Width ; Clk   ; Rise       ; D[1]                                  ;
; -0.500 ; 0.500        ; 1.000          ; Low Pulse Width  ; Clk   ; Rise       ; D[1]                                  ;
; -0.500 ; 0.500        ; 1.000          ; High Pulse Width ; Clk   ; Rise       ; D[20]                                 ;
; -0.500 ; 0.500        ; 1.000          ; Low Pulse Width  ; Clk   ; Rise       ; D[20]                                 ;
; -0.500 ; 0.500        ; 1.000          ; High Pulse Width ; Clk   ; Rise       ; D[21]                                 ;
; -0.500 ; 0.500        ; 1.000          ; Low Pulse Width  ; Clk   ; Rise       ; D[21]                                 ;
; -0.500 ; 0.500        ; 1.000          ; High Pulse Width ; Clk   ; Rise       ; D[22]                                 ;
; -0.500 ; 0.500        ; 1.000          ; Low Pulse Width  ; Clk   ; Rise       ; D[22]                                 ;
; -0.500 ; 0.500        ; 1.000          ; High Pulse Width ; Clk   ; Rise       ; D[23]                                 ;
+--------+--------------+----------------+------------------+-------+------------+---------------------------------------+


+--------------------------------------------------------------------------------------------------------------------------------------------------------+
; Slow Model Minimum Pulse Width: 'DES_CONTROL:control_unit|Pre_state[0]'                                                                                ;
+-------+--------------+----------------+------------------+---------------------------------------+------------+----------------------------------------+
; Slack ; Actual Width ; Required Width ; Type             ; Clock                                 ; Clock Edge ; Target                                 ;
+-------+--------------+----------------+------------------+---------------------------------------+------------+----------------------------------------+
; 0.500 ; 0.500        ; 0.000          ; High Pulse Width ; DES_CONTROL:control_unit|Pre_state[0] ; Rise       ; DES_CONTROL:control_unit|Next_state[0] ;
; 0.500 ; 0.500        ; 0.000          ; Low Pulse Width  ; DES_CONTROL:control_unit|Pre_state[0] ; Rise       ; DES_CONTROL:control_unit|Next_state[0] ;
; 0.500 ; 0.500        ; 0.000          ; High Pulse Width ; DES_CONTROL:control_unit|Pre_state[0] ; Rise       ; DES_CONTROL:control_unit|Next_state[1] ;
; 0.500 ; 0.500        ; 0.000          ; Low Pulse Width  ; DES_CONTROL:control_unit|Pre_state[0] ; Rise       ; DES_CONTROL:control_unit|Next_state[1] ;
; 0.500 ; 0.500        ; 0.000          ; High Pulse Width ; DES_CONTROL:control_unit|Pre_state[0] ; Fall       ; control_unit|Mux2~0clkctrl|inclk[0]    ;
; 0.500 ; 0.500        ; 0.000          ; Low Pulse Width  ; DES_CONTROL:control_unit|Pre_state[0] ; Fall       ; control_unit|Mux2~0clkctrl|inclk[0]    ;
; 0.500 ; 0.500        ; 0.000          ; High Pulse Width ; DES_CONTROL:control_unit|Pre_state[0] ; Fall       ; control_unit|Mux2~0clkctrl|outclk      ;
; 0.500 ; 0.500        ; 0.000          ; Low Pulse Width  ; DES_CONTROL:control_unit|Pre_state[0] ; Fall       ; control_unit|Mux2~0clkctrl|outclk      ;
; 0.500 ; 0.500        ; 0.000          ; High Pulse Width ; DES_CONTROL:control_unit|Pre_state[0] ; Fall       ; control_unit|Mux2~0|combout            ;
; 0.500 ; 0.500        ; 0.000          ; Low Pulse Width  ; DES_CONTROL:control_unit|Pre_state[0] ; Fall       ; control_unit|Mux2~0|combout            ;
; 0.500 ; 0.500        ; 0.000          ; High Pulse Width ; DES_CONTROL:control_unit|Pre_state[0] ; Rise       ; control_unit|Mux2~0|datad              ;
; 0.500 ; 0.500        ; 0.000          ; Low Pulse Width  ; DES_CONTROL:control_unit|Pre_state[0] ; Rise       ; control_unit|Mux2~0|datad              ;
; 0.500 ; 0.500        ; 0.000          ; High Pulse Width ; DES_CONTROL:control_unit|Pre_state[0] ; Fall       ; control_unit|Next_state[0]|datac       ;
; 0.500 ; 0.500        ; 0.000          ; Low Pulse Width  ; DES_CONTROL:control_unit|Pre_state[0] ; Fall       ; control_unit|Next_state[0]|datac       ;
; 0.500 ; 0.500        ; 0.000          ; High Pulse Width ; DES_CONTROL:control_unit|Pre_state[0] ; Fall       ; control_unit|Next_state[1]|datad       ;
; 0.500 ; 0.500        ; 0.000          ; Low Pulse Width  ; DES_CONTROL:control_unit|Pre_state[0] ; Fall       ; control_unit|Next_state[1]|datad       ;
; 0.500 ; 0.500        ; 0.000          ; High Pulse Width ; DES_CONTROL:control_unit|Pre_state[0] ; Rise       ; control_unit|Pre_state[0]|regout       ;
; 0.500 ; 0.500        ; 0.000          ; Low Pulse Width  ; DES_CONTROL:control_unit|Pre_state[0] ; Rise       ; control_unit|Pre_state[0]|regout       ;
+-------+--------------+----------------+------------------+---------------------------------------+------------+----------------------------------------+


+-----------------------------------------------------------------------------------------------------------------------------+
; Setup Times                                                                                                                 ;
+----------------+---------------------------------------+-------+-------+------------+---------------------------------------+
; Data Port      ; Clock Port                            ; Rise  ; Fall  ; Clock Edge ; Clock Reference                       ;
+----------------+---------------------------------------+-------+-------+------------+---------------------------------------+
; Key_in[*]      ; Clk                                   ; 4.939 ; 4.939 ; Rise       ; Clk                                   ;
;  Key_in[1]     ; Clk                                   ; 3.916 ; 3.916 ; Rise       ; Clk                                   ;
;  Key_in[2]     ; Clk                                   ; 3.634 ; 3.634 ; Rise       ; Clk                                   ;
;  Key_in[3]     ; Clk                                   ; 4.412 ; 4.412 ; Rise       ; Clk                                   ;
;  Key_in[4]     ; Clk                                   ; 4.606 ; 4.606 ; Rise       ; Clk                                   ;
;  Key_in[5]     ; Clk                                   ; 4.459 ; 4.459 ; Rise       ; Clk                                   ;
;  Key_in[6]     ; Clk                                   ; 4.440 ; 4.440 ; Rise       ; Clk                                   ;
;  Key_in[7]     ; Clk                                   ; 4.505 ; 4.505 ; Rise       ; Clk                                   ;
;  Key_in[9]     ; Clk                                   ; 3.935 ; 3.935 ; Rise       ; Clk                                   ;
;  Key_in[10]    ; Clk                                   ; 4.431 ; 4.431 ; Rise       ; Clk                                   ;
;  Key_in[11]    ; Clk                                   ; 4.378 ; 4.378 ; Rise       ; Clk                                   ;
;  Key_in[12]    ; Clk                                   ; 4.462 ; 4.462 ; Rise       ; Clk                                   ;
;  Key_in[13]    ; Clk                                   ; 4.112 ; 4.112 ; Rise       ; Clk                                   ;
;  Key_in[14]    ; Clk                                   ; 4.359 ; 4.359 ; Rise       ; Clk                                   ;
;  Key_in[15]    ; Clk                                   ; 4.009 ; 4.009 ; Rise       ; Clk                                   ;
;  Key_in[17]    ; Clk                                   ; 4.429 ; 4.429 ; Rise       ; Clk                                   ;
;  Key_in[18]    ; Clk                                   ; 4.522 ; 4.522 ; Rise       ; Clk                                   ;
;  Key_in[19]    ; Clk                                   ; 3.320 ; 3.320 ; Rise       ; Clk                                   ;
;  Key_in[20]    ; Clk                                   ; 4.457 ; 4.457 ; Rise       ; Clk                                   ;
;  Key_in[21]    ; Clk                                   ; 4.088 ; 4.088 ; Rise       ; Clk                                   ;
;  Key_in[22]    ; Clk                                   ; 4.080 ; 4.080 ; Rise       ; Clk                                   ;
;  Key_in[23]    ; Clk                                   ; 4.021 ; 4.021 ; Rise       ; Clk                                   ;
;  Key_in[25]    ; Clk                                   ; 4.302 ; 4.302 ; Rise       ; Clk                                   ;
;  Key_in[26]    ; Clk                                   ; 4.130 ; 4.130 ; Rise       ; Clk                                   ;
;  Key_in[27]    ; Clk                                   ; 3.326 ; 3.326 ; Rise       ; Clk                                   ;
;  Key_in[28]    ; Clk                                   ; 4.321 ; 4.321 ; Rise       ; Clk                                   ;
;  Key_in[29]    ; Clk                                   ; 4.059 ; 4.059 ; Rise       ; Clk                                   ;
;  Key_in[30]    ; Clk                                   ; 4.400 ; 4.400 ; Rise       ; Clk                                   ;
;  Key_in[31]    ; Clk                                   ; 3.794 ; 3.794 ; Rise       ; Clk                                   ;
;  Key_in[33]    ; Clk                                   ; 4.248 ; 4.248 ; Rise       ; Clk                                   ;
;  Key_in[34]    ; Clk                                   ; 3.770 ; 3.770 ; Rise       ; Clk                                   ;
;  Key_in[35]    ; Clk                                   ; 4.285 ; 4.285 ; Rise       ; Clk                                   ;
;  Key_in[36]    ; Clk                                   ; 4.315 ; 4.315 ; Rise       ; Clk                                   ;
;  Key_in[37]    ; Clk                                   ; 4.038 ; 4.038 ; Rise       ; Clk                                   ;
;  Key_in[38]    ; Clk                                   ; 4.077 ; 4.077 ; Rise       ; Clk                                   ;
;  Key_in[39]    ; Clk                                   ; 4.097 ; 4.097 ; Rise       ; Clk                                   ;
;  Key_in[41]    ; Clk                                   ; 4.053 ; 4.053 ; Rise       ; Clk                                   ;
;  Key_in[42]    ; Clk                                   ; 4.002 ; 4.002 ; Rise       ; Clk                                   ;
;  Key_in[43]    ; Clk                                   ; 4.465 ; 4.465 ; Rise       ; Clk                                   ;
;  Key_in[44]    ; Clk                                   ; 4.873 ; 4.873 ; Rise       ; Clk                                   ;
;  Key_in[45]    ; Clk                                   ; 4.495 ; 4.495 ; Rise       ; Clk                                   ;
;  Key_in[46]    ; Clk                                   ; 4.373 ; 4.373 ; Rise       ; Clk                                   ;
;  Key_in[47]    ; Clk                                   ; 3.905 ; 3.905 ; Rise       ; Clk                                   ;
;  Key_in[49]    ; Clk                                   ; 4.086 ; 4.086 ; Rise       ; Clk                                   ;
;  Key_in[50]    ; Clk                                   ; 3.762 ; 3.762 ; Rise       ; Clk                                   ;
;  Key_in[51]    ; Clk                                   ; 4.546 ; 4.546 ; Rise       ; Clk                                   ;
;  Key_in[52]    ; Clk                                   ; 4.486 ; 4.486 ; Rise       ; Clk                                   ;
;  Key_in[53]    ; Clk                                   ; 3.642 ; 3.642 ; Rise       ; Clk                                   ;
;  Key_in[54]    ; Clk                                   ; 4.153 ; 4.153 ; Rise       ; Clk                                   ;
;  Key_in[55]    ; Clk                                   ; 4.818 ; 4.818 ; Rise       ; Clk                                   ;
;  Key_in[57]    ; Clk                                   ; 3.879 ; 3.879 ; Rise       ; Clk                                   ;
;  Key_in[58]    ; Clk                                   ; 4.392 ; 4.392 ; Rise       ; Clk                                   ;
;  Key_in[59]    ; Clk                                   ; 4.051 ; 4.051 ; Rise       ; Clk                                   ;
;  Key_in[60]    ; Clk                                   ; 3.918 ; 3.918 ; Rise       ; Clk                                   ;
;  Key_in[61]    ; Clk                                   ; 4.939 ; 4.939 ; Rise       ; Clk                                   ;
;  Key_in[62]    ; Clk                                   ; 3.787 ; 3.787 ; Rise       ; Clk                                   ;
;  Key_in[63]    ; Clk                                   ; 4.435 ; 4.435 ; Rise       ; Clk                                   ;
; Plaintext[*]   ; Clk                                   ; 4.785 ; 4.785 ; Rise       ; Clk                                   ;
;  Plaintext[0]  ; Clk                                   ; 3.754 ; 3.754 ; Rise       ; Clk                                   ;
;  Plaintext[1]  ; Clk                                   ; 4.247 ; 4.247 ; Rise       ; Clk                                   ;
;  Plaintext[2]  ; Clk                                   ; 4.070 ; 4.070 ; Rise       ; Clk                                   ;
;  Plaintext[3]  ; Clk                                   ; 3.665 ; 3.665 ; Rise       ; Clk                                   ;
;  Plaintext[4]  ; Clk                                   ; 4.230 ; 4.230 ; Rise       ; Clk                                   ;
;  Plaintext[5]  ; Clk                                   ; 4.026 ; 4.026 ; Rise       ; Clk                                   ;
;  Plaintext[6]  ; Clk                                   ; 4.591 ; 4.591 ; Rise       ; Clk                                   ;
;  Plaintext[7]  ; Clk                                   ; 3.537 ; 3.537 ; Rise       ; Clk                                   ;
;  Plaintext[8]  ; Clk                                   ; 4.785 ; 4.785 ; Rise       ; Clk                                   ;
;  Plaintext[9]  ; Clk                                   ; 4.123 ; 4.123 ; Rise       ; Clk                                   ;
;  Plaintext[10] ; Clk                                   ; 4.016 ; 4.016 ; Rise       ; Clk                                   ;
;  Plaintext[11] ; Clk                                   ; 4.365 ; 4.365 ; Rise       ; Clk                                   ;
;  Plaintext[12] ; Clk                                   ; 3.610 ; 3.610 ; Rise       ; Clk                                   ;
;  Plaintext[13] ; Clk                                   ; 4.328 ; 4.328 ; Rise       ; Clk                                   ;
;  Plaintext[14] ; Clk                                   ; 4.367 ; 4.367 ; Rise       ; Clk                                   ;
;  Plaintext[15] ; Clk                                   ; 4.315 ; 4.315 ; Rise       ; Clk                                   ;
;  Plaintext[16] ; Clk                                   ; 3.550 ; 3.550 ; Rise       ; Clk                                   ;
;  Plaintext[17] ; Clk                                   ; 4.023 ; 4.023 ; Rise       ; Clk                                   ;
;  Plaintext[18] ; Clk                                   ; 4.657 ; 4.657 ; Rise       ; Clk                                   ;
;  Plaintext[19] ; Clk                                   ; 4.127 ; 4.127 ; Rise       ; Clk                                   ;
;  Plaintext[20] ; Clk                                   ; 3.373 ; 3.373 ; Rise       ; Clk                                   ;
;  Plaintext[21] ; Clk                                   ; 3.759 ; 3.759 ; Rise       ; Clk                                   ;
;  Plaintext[22] ; Clk                                   ; 4.391 ; 4.391 ; Rise       ; Clk                                   ;
;  Plaintext[23] ; Clk                                   ; 3.767 ; 3.767 ; Rise       ; Clk                                   ;
;  Plaintext[24] ; Clk                                   ; 4.207 ; 4.207 ; Rise       ; Clk                                   ;
;  Plaintext[25] ; Clk                                   ; 4.705 ; 4.705 ; Rise       ; Clk                                   ;
;  Plaintext[26] ; Clk                                   ; 4.206 ; 4.206 ; Rise       ; Clk                                   ;
;  Plaintext[27] ; Clk                                   ; 4.124 ; 4.124 ; Rise       ; Clk                                   ;
;  Plaintext[28] ; Clk                                   ; 4.172 ; 4.172 ; Rise       ; Clk                                   ;
;  Plaintext[29] ; Clk                                   ; 3.953 ; 3.953 ; Rise       ; Clk                                   ;
;  Plaintext[30] ; Clk                                   ; 4.394 ; 4.394 ; Rise       ; Clk                                   ;
;  Plaintext[31] ; Clk                                   ; 4.382 ; 4.382 ; Rise       ; Clk                                   ;
;  Plaintext[32] ; Clk                                   ; 3.504 ; 3.504 ; Rise       ; Clk                                   ;
;  Plaintext[33] ; Clk                                   ; 4.088 ; 4.088 ; Rise       ; Clk                                   ;
;  Plaintext[34] ; Clk                                   ; 4.275 ; 4.275 ; Rise       ; Clk                                   ;
;  Plaintext[35] ; Clk                                   ; 4.089 ; 4.089 ; Rise       ; Clk                                   ;
;  Plaintext[36] ; Clk                                   ; 4.301 ; 4.301 ; Rise       ; Clk                                   ;
;  Plaintext[37] ; Clk                                   ; 4.366 ; 4.366 ; Rise       ; Clk                                   ;
;  Plaintext[38] ; Clk                                   ; 4.124 ; 4.124 ; Rise       ; Clk                                   ;
;  Plaintext[39] ; Clk                                   ; 3.887 ; 3.887 ; Rise       ; Clk                                   ;
;  Plaintext[40] ; Clk                                   ; 3.430 ; 3.430 ; Rise       ; Clk                                   ;
;  Plaintext[41] ; Clk                                   ; 4.085 ; 4.085 ; Rise       ; Clk                                   ;
;  Plaintext[42] ; Clk                                   ; 4.348 ; 4.348 ; Rise       ; Clk                                   ;
;  Plaintext[43] ; Clk                                   ; 4.540 ; 4.540 ; Rise       ; Clk                                   ;
;  Plaintext[44] ; Clk                                   ; 3.402 ; 3.402 ; Rise       ; Clk                                   ;
;  Plaintext[45] ; Clk                                   ; 3.755 ; 3.755 ; Rise       ; Clk                                   ;
;  Plaintext[46] ; Clk                                   ; 4.451 ; 4.451 ; Rise       ; Clk                                   ;
;  Plaintext[47] ; Clk                                   ; 3.994 ; 3.994 ; Rise       ; Clk                                   ;
;  Plaintext[48] ; Clk                                   ; 4.317 ; 4.317 ; Rise       ; Clk                                   ;
;  Plaintext[49] ; Clk                                   ; 4.103 ; 4.103 ; Rise       ; Clk                                   ;
;  Plaintext[50] ; Clk                                   ; 4.543 ; 4.543 ; Rise       ; Clk                                   ;
;  Plaintext[51] ; Clk                                   ; 3.284 ; 3.284 ; Rise       ; Clk                                   ;
;  Plaintext[52] ; Clk                                   ; 3.779 ; 3.779 ; Rise       ; Clk                                   ;
;  Plaintext[53] ; Clk                                   ; 3.853 ; 3.853 ; Rise       ; Clk                                   ;
;  Plaintext[54] ; Clk                                   ; 4.447 ; 4.447 ; Rise       ; Clk                                   ;
;  Plaintext[55] ; Clk                                   ; 4.291 ; 4.291 ; Rise       ; Clk                                   ;
;  Plaintext[56] ; Clk                                   ; 4.270 ; 4.270 ; Rise       ; Clk                                   ;
;  Plaintext[57] ; Clk                                   ; 4.400 ; 4.400 ; Rise       ; Clk                                   ;
;  Plaintext[58] ; Clk                                   ; 3.818 ; 3.818 ; Rise       ; Clk                                   ;
;  Plaintext[59] ; Clk                                   ; 4.098 ; 4.098 ; Rise       ; Clk                                   ;
;  Plaintext[60] ; Clk                                   ; 3.886 ; 3.886 ; Rise       ; Clk                                   ;
;  Plaintext[61] ; Clk                                   ; 4.135 ; 4.135 ; Rise       ; Clk                                   ;
;  Plaintext[62] ; Clk                                   ; 4.225 ; 4.225 ; Rise       ; Clk                                   ;
;  Plaintext[63] ; Clk                                   ; 4.568 ; 4.568 ; Rise       ; Clk                                   ;
; Start          ; Clk                                   ; 5.641 ; 5.641 ; Rise       ; Clk                                   ;
; Start          ; DES_CONTROL:control_unit|Pre_state[0] ; 4.736 ; 4.736 ; Rise       ; DES_CONTROL:control_unit|Pre_state[0] ;
+----------------+---------------------------------------+-------+-------+------------+---------------------------------------+


+-------------------------------------------------------------------------------------------------------------------------------+
; Hold Times                                                                                                                    ;
+----------------+---------------------------------------+--------+--------+------------+---------------------------------------+
; Data Port      ; Clock Port                            ; Rise   ; Fall   ; Clock Edge ; Clock Reference                       ;
+----------------+---------------------------------------+--------+--------+------------+---------------------------------------+
; Key_in[*]      ; Clk                                   ; -3.090 ; -3.090 ; Rise       ; Clk                                   ;
;  Key_in[1]     ; Clk                                   ; -3.686 ; -3.686 ; Rise       ; Clk                                   ;
;  Key_in[2]     ; Clk                                   ; -3.404 ; -3.404 ; Rise       ; Clk                                   ;
;  Key_in[3]     ; Clk                                   ; -4.182 ; -4.182 ; Rise       ; Clk                                   ;
;  Key_in[4]     ; Clk                                   ; -4.376 ; -4.376 ; Rise       ; Clk                                   ;
;  Key_in[5]     ; Clk                                   ; -4.229 ; -4.229 ; Rise       ; Clk                                   ;
;  Key_in[6]     ; Clk                                   ; -4.210 ; -4.210 ; Rise       ; Clk                                   ;
;  Key_in[7]     ; Clk                                   ; -4.275 ; -4.275 ; Rise       ; Clk                                   ;
;  Key_in[9]     ; Clk                                   ; -3.705 ; -3.705 ; Rise       ; Clk                                   ;
;  Key_in[10]    ; Clk                                   ; -4.201 ; -4.201 ; Rise       ; Clk                                   ;
;  Key_in[11]    ; Clk                                   ; -4.148 ; -4.148 ; Rise       ; Clk                                   ;
;  Key_in[12]    ; Clk                                   ; -4.232 ; -4.232 ; Rise       ; Clk                                   ;
;  Key_in[13]    ; Clk                                   ; -3.882 ; -3.882 ; Rise       ; Clk                                   ;
;  Key_in[14]    ; Clk                                   ; -4.129 ; -4.129 ; Rise       ; Clk                                   ;
;  Key_in[15]    ; Clk                                   ; -3.779 ; -3.779 ; Rise       ; Clk                                   ;
;  Key_in[17]    ; Clk                                   ; -4.199 ; -4.199 ; Rise       ; Clk                                   ;
;  Key_in[18]    ; Clk                                   ; -4.292 ; -4.292 ; Rise       ; Clk                                   ;
;  Key_in[19]    ; Clk                                   ; -3.090 ; -3.090 ; Rise       ; Clk                                   ;
;  Key_in[20]    ; Clk                                   ; -4.227 ; -4.227 ; Rise       ; Clk                                   ;
;  Key_in[21]    ; Clk                                   ; -3.858 ; -3.858 ; Rise       ; Clk                                   ;
;  Key_in[22]    ; Clk                                   ; -3.850 ; -3.850 ; Rise       ; Clk                                   ;
;  Key_in[23]    ; Clk                                   ; -3.791 ; -3.791 ; Rise       ; Clk                                   ;
;  Key_in[25]    ; Clk                                   ; -4.072 ; -4.072 ; Rise       ; Clk                                   ;
;  Key_in[26]    ; Clk                                   ; -3.900 ; -3.900 ; Rise       ; Clk                                   ;
;  Key_in[27]    ; Clk                                   ; -3.096 ; -3.096 ; Rise       ; Clk                                   ;
;  Key_in[28]    ; Clk                                   ; -4.091 ; -4.091 ; Rise       ; Clk                                   ;
;  Key_in[29]    ; Clk                                   ; -3.829 ; -3.829 ; Rise       ; Clk                                   ;
;  Key_in[30]    ; Clk                                   ; -4.170 ; -4.170 ; Rise       ; Clk                                   ;
;  Key_in[31]    ; Clk                                   ; -3.564 ; -3.564 ; Rise       ; Clk                                   ;
;  Key_in[33]    ; Clk                                   ; -4.018 ; -4.018 ; Rise       ; Clk                                   ;
;  Key_in[34]    ; Clk                                   ; -3.540 ; -3.540 ; Rise       ; Clk                                   ;
;  Key_in[35]    ; Clk                                   ; -4.055 ; -4.055 ; Rise       ; Clk                                   ;
;  Key_in[36]    ; Clk                                   ; -4.085 ; -4.085 ; Rise       ; Clk                                   ;
;  Key_in[37]    ; Clk                                   ; -3.808 ; -3.808 ; Rise       ; Clk                                   ;
;  Key_in[38]    ; Clk                                   ; -3.847 ; -3.847 ; Rise       ; Clk                                   ;
;  Key_in[39]    ; Clk                                   ; -3.867 ; -3.867 ; Rise       ; Clk                                   ;
;  Key_in[41]    ; Clk                                   ; -3.823 ; -3.823 ; Rise       ; Clk                                   ;
;  Key_in[42]    ; Clk                                   ; -3.772 ; -3.772 ; Rise       ; Clk                                   ;
;  Key_in[43]    ; Clk                                   ; -4.235 ; -4.235 ; Rise       ; Clk                                   ;
;  Key_in[44]    ; Clk                                   ; -4.643 ; -4.643 ; Rise       ; Clk                                   ;
;  Key_in[45]    ; Clk                                   ; -4.265 ; -4.265 ; Rise       ; Clk                                   ;
;  Key_in[46]    ; Clk                                   ; -4.143 ; -4.143 ; Rise       ; Clk                                   ;
;  Key_in[47]    ; Clk                                   ; -3.675 ; -3.675 ; Rise       ; Clk                                   ;
;  Key_in[49]    ; Clk                                   ; -3.856 ; -3.856 ; Rise       ; Clk                                   ;
;  Key_in[50]    ; Clk                                   ; -3.532 ; -3.532 ; Rise       ; Clk                                   ;
;  Key_in[51]    ; Clk                                   ; -4.316 ; -4.316 ; Rise       ; Clk                                   ;
;  Key_in[52]    ; Clk                                   ; -4.256 ; -4.256 ; Rise       ; Clk                                   ;
;  Key_in[53]    ; Clk                                   ; -3.412 ; -3.412 ; Rise       ; Clk                                   ;
;  Key_in[54]    ; Clk                                   ; -3.923 ; -3.923 ; Rise       ; Clk                                   ;
;  Key_in[55]    ; Clk                                   ; -4.588 ; -4.588 ; Rise       ; Clk                                   ;
;  Key_in[57]    ; Clk                                   ; -3.649 ; -3.649 ; Rise       ; Clk                                   ;
;  Key_in[58]    ; Clk                                   ; -4.162 ; -4.162 ; Rise       ; Clk                                   ;
;  Key_in[59]    ; Clk                                   ; -3.821 ; -3.821 ; Rise       ; Clk                                   ;
;  Key_in[60]    ; Clk                                   ; -3.688 ; -3.688 ; Rise       ; Clk                                   ;
;  Key_in[61]    ; Clk                                   ; -4.709 ; -4.709 ; Rise       ; Clk                                   ;
;  Key_in[62]    ; Clk                                   ; -3.557 ; -3.557 ; Rise       ; Clk                                   ;
;  Key_in[63]    ; Clk                                   ; -4.205 ; -4.205 ; Rise       ; Clk                                   ;
; Plaintext[*]   ; Clk                                   ; -3.054 ; -3.054 ; Rise       ; Clk                                   ;
;  Plaintext[0]  ; Clk                                   ; -3.524 ; -3.524 ; Rise       ; Clk                                   ;
;  Plaintext[1]  ; Clk                                   ; -4.017 ; -4.017 ; Rise       ; Clk                                   ;
;  Plaintext[2]  ; Clk                                   ; -3.840 ; -3.840 ; Rise       ; Clk                                   ;
;  Plaintext[3]  ; Clk                                   ; -3.435 ; -3.435 ; Rise       ; Clk                                   ;
;  Plaintext[4]  ; Clk                                   ; -4.000 ; -4.000 ; Rise       ; Clk                                   ;
;  Plaintext[5]  ; Clk                                   ; -3.796 ; -3.796 ; Rise       ; Clk                                   ;
;  Plaintext[6]  ; Clk                                   ; -4.361 ; -4.361 ; Rise       ; Clk                                   ;
;  Plaintext[7]  ; Clk                                   ; -3.307 ; -3.307 ; Rise       ; Clk                                   ;
;  Plaintext[8]  ; Clk                                   ; -4.555 ; -4.555 ; Rise       ; Clk                                   ;
;  Plaintext[9]  ; Clk                                   ; -3.893 ; -3.893 ; Rise       ; Clk                                   ;
;  Plaintext[10] ; Clk                                   ; -3.786 ; -3.786 ; Rise       ; Clk                                   ;
;  Plaintext[11] ; Clk                                   ; -4.135 ; -4.135 ; Rise       ; Clk                                   ;
;  Plaintext[12] ; Clk                                   ; -3.380 ; -3.380 ; Rise       ; Clk                                   ;
;  Plaintext[13] ; Clk                                   ; -4.098 ; -4.098 ; Rise       ; Clk                                   ;
;  Plaintext[14] ; Clk                                   ; -4.137 ; -4.137 ; Rise       ; Clk                                   ;
;  Plaintext[15] ; Clk                                   ; -4.085 ; -4.085 ; Rise       ; Clk                                   ;
;  Plaintext[16] ; Clk                                   ; -3.320 ; -3.320 ; Rise       ; Clk                                   ;
;  Plaintext[17] ; Clk                                   ; -3.793 ; -3.793 ; Rise       ; Clk                                   ;
;  Plaintext[18] ; Clk                                   ; -4.427 ; -4.427 ; Rise       ; Clk                                   ;
;  Plaintext[19] ; Clk                                   ; -3.897 ; -3.897 ; Rise       ; Clk                                   ;
;  Plaintext[20] ; Clk                                   ; -3.143 ; -3.143 ; Rise       ; Clk                                   ;
;  Plaintext[21] ; Clk                                   ; -3.529 ; -3.529 ; Rise       ; Clk                                   ;
;  Plaintext[22] ; Clk                                   ; -4.161 ; -4.161 ; Rise       ; Clk                                   ;
;  Plaintext[23] ; Clk                                   ; -3.537 ; -3.537 ; Rise       ; Clk                                   ;
;  Plaintext[24] ; Clk                                   ; -3.977 ; -3.977 ; Rise       ; Clk                                   ;
;  Plaintext[25] ; Clk                                   ; -4.475 ; -4.475 ; Rise       ; Clk                                   ;
;  Plaintext[26] ; Clk                                   ; -3.976 ; -3.976 ; Rise       ; Clk                                   ;
;  Plaintext[27] ; Clk                                   ; -3.894 ; -3.894 ; Rise       ; Clk                                   ;
;  Plaintext[28] ; Clk                                   ; -3.942 ; -3.942 ; Rise       ; Clk                                   ;
;  Plaintext[29] ; Clk                                   ; -3.723 ; -3.723 ; Rise       ; Clk                                   ;
;  Plaintext[30] ; Clk                                   ; -4.164 ; -4.164 ; Rise       ; Clk                                   ;
;  Plaintext[31] ; Clk                                   ; -4.152 ; -4.152 ; Rise       ; Clk                                   ;
;  Plaintext[32] ; Clk                                   ; -3.274 ; -3.274 ; Rise       ; Clk                                   ;
;  Plaintext[33] ; Clk                                   ; -3.858 ; -3.858 ; Rise       ; Clk                                   ;
;  Plaintext[34] ; Clk                                   ; -4.045 ; -4.045 ; Rise       ; Clk                                   ;
;  Plaintext[35] ; Clk                                   ; -3.859 ; -3.859 ; Rise       ; Clk                                   ;
;  Plaintext[36] ; Clk                                   ; -4.071 ; -4.071 ; Rise       ; Clk                                   ;
;  Plaintext[37] ; Clk                                   ; -4.136 ; -4.136 ; Rise       ; Clk                                   ;
;  Plaintext[38] ; Clk                                   ; -3.894 ; -3.894 ; Rise       ; Clk                                   ;
;  Plaintext[39] ; Clk                                   ; -3.657 ; -3.657 ; Rise       ; Clk                                   ;
;  Plaintext[40] ; Clk                                   ; -3.200 ; -3.200 ; Rise       ; Clk                                   ;
;  Plaintext[41] ; Clk                                   ; -3.855 ; -3.855 ; Rise       ; Clk                                   ;
;  Plaintext[42] ; Clk                                   ; -4.118 ; -4.118 ; Rise       ; Clk                                   ;
;  Plaintext[43] ; Clk                                   ; -4.310 ; -4.310 ; Rise       ; Clk                                   ;
;  Plaintext[44] ; Clk                                   ; -3.172 ; -3.172 ; Rise       ; Clk                                   ;
;  Plaintext[45] ; Clk                                   ; -3.525 ; -3.525 ; Rise       ; Clk                                   ;
;  Plaintext[46] ; Clk                                   ; -4.221 ; -4.221 ; Rise       ; Clk                                   ;
;  Plaintext[47] ; Clk                                   ; -3.764 ; -3.764 ; Rise       ; Clk                                   ;
;  Plaintext[48] ; Clk                                   ; -4.087 ; -4.087 ; Rise       ; Clk                                   ;
;  Plaintext[49] ; Clk                                   ; -3.873 ; -3.873 ; Rise       ; Clk                                   ;
;  Plaintext[50] ; Clk                                   ; -4.313 ; -4.313 ; Rise       ; Clk                                   ;
;  Plaintext[51] ; Clk                                   ; -3.054 ; -3.054 ; Rise       ; Clk                                   ;
;  Plaintext[52] ; Clk                                   ; -3.549 ; -3.549 ; Rise       ; Clk                                   ;
;  Plaintext[53] ; Clk                                   ; -3.623 ; -3.623 ; Rise       ; Clk                                   ;
;  Plaintext[54] ; Clk                                   ; -4.217 ; -4.217 ; Rise       ; Clk                                   ;
;  Plaintext[55] ; Clk                                   ; -4.061 ; -4.061 ; Rise       ; Clk                                   ;
;  Plaintext[56] ; Clk                                   ; -4.040 ; -4.040 ; Rise       ; Clk                                   ;
;  Plaintext[57] ; Clk                                   ; -4.170 ; -4.170 ; Rise       ; Clk                                   ;
;  Plaintext[58] ; Clk                                   ; -3.588 ; -3.588 ; Rise       ; Clk                                   ;
;  Plaintext[59] ; Clk                                   ; -3.868 ; -3.868 ; Rise       ; Clk                                   ;
;  Plaintext[60] ; Clk                                   ; -3.656 ; -3.656 ; Rise       ; Clk                                   ;
;  Plaintext[61] ; Clk                                   ; -3.905 ; -3.905 ; Rise       ; Clk                                   ;
;  Plaintext[62] ; Clk                                   ; -3.995 ; -3.995 ; Rise       ; Clk                                   ;
;  Plaintext[63] ; Clk                                   ; -4.338 ; -4.338 ; Rise       ; Clk                                   ;
; Start          ; Clk                                   ; -3.040 ; -3.040 ; Rise       ; Clk                                   ;
; Start          ; DES_CONTROL:control_unit|Pre_state[0] ; -3.578 ; -3.578 ; Rise       ; DES_CONTROL:control_unit|Pre_state[0] ;
+----------------+---------------------------------------+--------+--------+------------+---------------------------------------+


+------------------------------------------------------------------------------------------------------------------------------+
; Clock to Output Times                                                                                                        ;
+-----------------+---------------------------------------+-------+-------+------------+---------------------------------------+
; Data Port       ; Clock Port                            ; Rise  ; Fall  ; Clock Edge ; Clock Reference                       ;
+-----------------+---------------------------------------+-------+-------+------------+---------------------------------------+
; Ciphertext[*]   ; Clk                                   ; 8.494 ; 8.494 ; Rise       ; Clk                                   ;
;  Ciphertext[0]  ; Clk                                   ; 6.935 ; 6.935 ; Rise       ; Clk                                   ;
;  Ciphertext[1]  ; Clk                                   ; 6.812 ; 6.812 ; Rise       ; Clk                                   ;
;  Ciphertext[2]  ; Clk                                   ; 6.414 ; 6.414 ; Rise       ; Clk                                   ;
;  Ciphertext[3]  ; Clk                                   ; 7.742 ; 7.742 ; Rise       ; Clk                                   ;
;  Ciphertext[4]  ; Clk                                   ; 6.417 ; 6.417 ; Rise       ; Clk                                   ;
;  Ciphertext[5]  ; Clk                                   ; 7.277 ; 7.277 ; Rise       ; Clk                                   ;
;  Ciphertext[6]  ; Clk                                   ; 6.922 ; 6.922 ; Rise       ; Clk                                   ;
;  Ciphertext[7]  ; Clk                                   ; 7.794 ; 7.794 ; Rise       ; Clk                                   ;
;  Ciphertext[8]  ; Clk                                   ; 6.907 ; 6.907 ; Rise       ; Clk                                   ;
;  Ciphertext[9]  ; Clk                                   ; 8.183 ; 8.183 ; Rise       ; Clk                                   ;
;  Ciphertext[10] ; Clk                                   ; 6.647 ; 6.647 ; Rise       ; Clk                                   ;
;  Ciphertext[11] ; Clk                                   ; 7.082 ; 7.082 ; Rise       ; Clk                                   ;
;  Ciphertext[12] ; Clk                                   ; 6.965 ; 6.965 ; Rise       ; Clk                                   ;
;  Ciphertext[13] ; Clk                                   ; 7.095 ; 7.095 ; Rise       ; Clk                                   ;
;  Ciphertext[14] ; Clk                                   ; 7.632 ; 7.632 ; Rise       ; Clk                                   ;
;  Ciphertext[15] ; Clk                                   ; 8.428 ; 8.428 ; Rise       ; Clk                                   ;
;  Ciphertext[16] ; Clk                                   ; 7.589 ; 7.589 ; Rise       ; Clk                                   ;
;  Ciphertext[17] ; Clk                                   ; 7.677 ; 7.677 ; Rise       ; Clk                                   ;
;  Ciphertext[18] ; Clk                                   ; 6.869 ; 6.869 ; Rise       ; Clk                                   ;
;  Ciphertext[19] ; Clk                                   ; 7.168 ; 7.168 ; Rise       ; Clk                                   ;
;  Ciphertext[20] ; Clk                                   ; 7.073 ; 7.073 ; Rise       ; Clk                                   ;
;  Ciphertext[21] ; Clk                                   ; 7.096 ; 7.096 ; Rise       ; Clk                                   ;
;  Ciphertext[22] ; Clk                                   ; 7.564 ; 7.564 ; Rise       ; Clk                                   ;
;  Ciphertext[23] ; Clk                                   ; 7.707 ; 7.707 ; Rise       ; Clk                                   ;
;  Ciphertext[24] ; Clk                                   ; 7.797 ; 7.797 ; Rise       ; Clk                                   ;
;  Ciphertext[25] ; Clk                                   ; 8.459 ; 8.459 ; Rise       ; Clk                                   ;
;  Ciphertext[26] ; Clk                                   ; 6.684 ; 6.684 ; Rise       ; Clk                                   ;
;  Ciphertext[27] ; Clk                                   ; 7.095 ; 7.095 ; Rise       ; Clk                                   ;
;  Ciphertext[28] ; Clk                                   ; 7.882 ; 7.882 ; Rise       ; Clk                                   ;
;  Ciphertext[29] ; Clk                                   ; 8.083 ; 8.083 ; Rise       ; Clk                                   ;
;  Ciphertext[30] ; Clk                                   ; 6.402 ; 6.402 ; Rise       ; Clk                                   ;
;  Ciphertext[31] ; Clk                                   ; 7.494 ; 7.494 ; Rise       ; Clk                                   ;
;  Ciphertext[32] ; Clk                                   ; 6.383 ; 6.383 ; Rise       ; Clk                                   ;
;  Ciphertext[33] ; Clk                                   ; 7.073 ; 7.073 ; Rise       ; Clk                                   ;
;  Ciphertext[34] ; Clk                                   ; 6.925 ; 6.925 ; Rise       ; Clk                                   ;
;  Ciphertext[35] ; Clk                                   ; 7.105 ; 7.105 ; Rise       ; Clk                                   ;
;  Ciphertext[36] ; Clk                                   ; 7.091 ; 7.091 ; Rise       ; Clk                                   ;
;  Ciphertext[37] ; Clk                                   ; 7.992 ; 7.992 ; Rise       ; Clk                                   ;
;  Ciphertext[38] ; Clk                                   ; 7.357 ; 7.357 ; Rise       ; Clk                                   ;
;  Ciphertext[39] ; Clk                                   ; 6.961 ; 6.961 ; Rise       ; Clk                                   ;
;  Ciphertext[40] ; Clk                                   ; 8.494 ; 8.494 ; Rise       ; Clk                                   ;
;  Ciphertext[41] ; Clk                                   ; 8.406 ; 8.406 ; Rise       ; Clk                                   ;
;  Ciphertext[42] ; Clk                                   ; 8.099 ; 8.099 ; Rise       ; Clk                                   ;
;  Ciphertext[43] ; Clk                                   ; 6.894 ; 6.894 ; Rise       ; Clk                                   ;
;  Ciphertext[44] ; Clk                                   ; 7.778 ; 7.778 ; Rise       ; Clk                                   ;
;  Ciphertext[45] ; Clk                                   ; 7.102 ; 7.102 ; Rise       ; Clk                                   ;
;  Ciphertext[46] ; Clk                                   ; 6.385 ; 6.385 ; Rise       ; Clk                                   ;
;  Ciphertext[47] ; Clk                                   ; 7.478 ; 7.478 ; Rise       ; Clk                                   ;
;  Ciphertext[48] ; Clk                                   ; 7.597 ; 7.597 ; Rise       ; Clk                                   ;
;  Ciphertext[49] ; Clk                                   ; 8.397 ; 8.397 ; Rise       ; Clk                                   ;
;  Ciphertext[50] ; Clk                                   ; 7.210 ; 7.210 ; Rise       ; Clk                                   ;
;  Ciphertext[51] ; Clk                                   ; 7.619 ; 7.619 ; Rise       ; Clk                                   ;
;  Ciphertext[52] ; Clk                                   ; 7.067 ; 7.067 ; Rise       ; Clk                                   ;
;  Ciphertext[53] ; Clk                                   ; 7.437 ; 7.437 ; Rise       ; Clk                                   ;
;  Ciphertext[54] ; Clk                                   ; 7.391 ; 7.391 ; Rise       ; Clk                                   ;
;  Ciphertext[55] ; Clk                                   ; 7.802 ; 7.802 ; Rise       ; Clk                                   ;
;  Ciphertext[56] ; Clk                                   ; 7.374 ; 7.374 ; Rise       ; Clk                                   ;
;  Ciphertext[57] ; Clk                                   ; 7.546 ; 7.546 ; Rise       ; Clk                                   ;
;  Ciphertext[58] ; Clk                                   ; 6.905 ; 6.905 ; Rise       ; Clk                                   ;
;  Ciphertext[59] ; Clk                                   ; 7.376 ; 7.376 ; Rise       ; Clk                                   ;
;  Ciphertext[60] ; Clk                                   ; 6.645 ; 6.645 ; Rise       ; Clk                                   ;
;  Ciphertext[61] ; Clk                                   ; 7.647 ; 7.647 ; Rise       ; Clk                                   ;
;  Ciphertext[62] ; Clk                                   ; 6.392 ; 6.392 ; Rise       ; Clk                                   ;
;  Ciphertext[63] ; Clk                                   ; 6.588 ; 6.588 ; Rise       ; Clk                                   ;
; Done            ; Clk                                   ; 9.941 ; 9.941 ; Rise       ; Clk                                   ;
; Done            ; DES_CONTROL:control_unit|Pre_state[0] ;       ; 5.918 ; Rise       ; DES_CONTROL:control_unit|Pre_state[0] ;
; Done            ; DES_CONTROL:control_unit|Pre_state[0] ; 5.918 ;       ; Fall       ; DES_CONTROL:control_unit|Pre_state[0] ;
+-----------------+---------------------------------------+-------+-------+------------+---------------------------------------+


+------------------------------------------------------------------------------------------------------------------------------+
; Minimum Clock to Output Times                                                                                                ;
+-----------------+---------------------------------------+-------+-------+------------+---------------------------------------+
; Data Port       ; Clock Port                            ; Rise  ; Fall  ; Clock Edge ; Clock Reference                       ;
+-----------------+---------------------------------------+-------+-------+------------+---------------------------------------+
; Ciphertext[*]   ; Clk                                   ; 6.383 ; 6.383 ; Rise       ; Clk                                   ;
;  Ciphertext[0]  ; Clk                                   ; 6.935 ; 6.935 ; Rise       ; Clk                                   ;
;  Ciphertext[1]  ; Clk                                   ; 6.812 ; 6.812 ; Rise       ; Clk                                   ;
;  Ciphertext[2]  ; Clk                                   ; 6.414 ; 6.414 ; Rise       ; Clk                                   ;
;  Ciphertext[3]  ; Clk                                   ; 7.742 ; 7.742 ; Rise       ; Clk                                   ;
;  Ciphertext[4]  ; Clk                                   ; 6.417 ; 6.417 ; Rise       ; Clk                                   ;
;  Ciphertext[5]  ; Clk                                   ; 7.277 ; 7.277 ; Rise       ; Clk                                   ;
;  Ciphertext[6]  ; Clk                                   ; 6.922 ; 6.922 ; Rise       ; Clk                                   ;
;  Ciphertext[7]  ; Clk                                   ; 7.794 ; 7.794 ; Rise       ; Clk                                   ;
;  Ciphertext[8]  ; Clk                                   ; 6.907 ; 6.907 ; Rise       ; Clk                                   ;
;  Ciphertext[9]  ; Clk                                   ; 8.183 ; 8.183 ; Rise       ; Clk                                   ;
;  Ciphertext[10] ; Clk                                   ; 6.647 ; 6.647 ; Rise       ; Clk                                   ;
;  Ciphertext[11] ; Clk                                   ; 7.082 ; 7.082 ; Rise       ; Clk                                   ;
;  Ciphertext[12] ; Clk                                   ; 6.965 ; 6.965 ; Rise       ; Clk                                   ;
;  Ciphertext[13] ; Clk                                   ; 7.095 ; 7.095 ; Rise       ; Clk                                   ;
;  Ciphertext[14] ; Clk                                   ; 7.632 ; 7.632 ; Rise       ; Clk                                   ;
;  Ciphertext[15] ; Clk                                   ; 8.428 ; 8.428 ; Rise       ; Clk                                   ;
;  Ciphertext[16] ; Clk                                   ; 7.589 ; 7.589 ; Rise       ; Clk                                   ;
;  Ciphertext[17] ; Clk                                   ; 7.677 ; 7.677 ; Rise       ; Clk                                   ;
;  Ciphertext[18] ; Clk                                   ; 6.869 ; 6.869 ; Rise       ; Clk                                   ;
;  Ciphertext[19] ; Clk                                   ; 7.168 ; 7.168 ; Rise       ; Clk                                   ;
;  Ciphertext[20] ; Clk                                   ; 7.073 ; 7.073 ; Rise       ; Clk                                   ;
;  Ciphertext[21] ; Clk                                   ; 7.096 ; 7.096 ; Rise       ; Clk                                   ;
;  Ciphertext[22] ; Clk                                   ; 7.564 ; 7.564 ; Rise       ; Clk                                   ;
;  Ciphertext[23] ; Clk                                   ; 7.707 ; 7.707 ; Rise       ; Clk                                   ;
;  Ciphertext[24] ; Clk                                   ; 7.797 ; 7.797 ; Rise       ; Clk                                   ;
;  Ciphertext[25] ; Clk                                   ; 8.459 ; 8.459 ; Rise       ; Clk                                   ;
;  Ciphertext[26] ; Clk                                   ; 6.684 ; 6.684 ; Rise       ; Clk                                   ;
;  Ciphertext[27] ; Clk                                   ; 7.095 ; 7.095 ; Rise       ; Clk                                   ;
;  Ciphertext[28] ; Clk                                   ; 7.882 ; 7.882 ; Rise       ; Clk                                   ;
;  Ciphertext[29] ; Clk                                   ; 8.083 ; 8.083 ; Rise       ; Clk                                   ;
;  Ciphertext[30] ; Clk                                   ; 6.402 ; 6.402 ; Rise       ; Clk                                   ;
;  Ciphertext[31] ; Clk                                   ; 7.494 ; 7.494 ; Rise       ; Clk                                   ;
;  Ciphertext[32] ; Clk                                   ; 6.383 ; 6.383 ; Rise       ; Clk                                   ;
;  Ciphertext[33] ; Clk                                   ; 7.073 ; 7.073 ; Rise       ; Clk                                   ;
;  Ciphertext[34] ; Clk                                   ; 6.925 ; 6.925 ; Rise       ; Clk                                   ;
;  Ciphertext[35] ; Clk                                   ; 7.105 ; 7.105 ; Rise       ; Clk                                   ;
;  Ciphertext[36] ; Clk                                   ; 7.091 ; 7.091 ; Rise       ; Clk                                   ;
;  Ciphertext[37] ; Clk                                   ; 7.992 ; 7.992 ; Rise       ; Clk                                   ;
;  Ciphertext[38] ; Clk                                   ; 7.357 ; 7.357 ; Rise       ; Clk                                   ;
;  Ciphertext[39] ; Clk                                   ; 6.961 ; 6.961 ; Rise       ; Clk                                   ;
;  Ciphertext[40] ; Clk                                   ; 8.494 ; 8.494 ; Rise       ; Clk                                   ;
;  Ciphertext[41] ; Clk                                   ; 8.406 ; 8.406 ; Rise       ; Clk                                   ;
;  Ciphertext[42] ; Clk                                   ; 8.099 ; 8.099 ; Rise       ; Clk                                   ;
;  Ciphertext[43] ; Clk                                   ; 6.894 ; 6.894 ; Rise       ; Clk                                   ;
;  Ciphertext[44] ; Clk                                   ; 7.778 ; 7.778 ; Rise       ; Clk                                   ;
;  Ciphertext[45] ; Clk                                   ; 7.102 ; 7.102 ; Rise       ; Clk                                   ;
;  Ciphertext[46] ; Clk                                   ; 6.385 ; 6.385 ; Rise       ; Clk                                   ;
;  Ciphertext[47] ; Clk                                   ; 7.478 ; 7.478 ; Rise       ; Clk                                   ;
;  Ciphertext[48] ; Clk                                   ; 7.597 ; 7.597 ; Rise       ; Clk                                   ;
;  Ciphertext[49] ; Clk                                   ; 8.397 ; 8.397 ; Rise       ; Clk                                   ;
;  Ciphertext[50] ; Clk                                   ; 7.210 ; 7.210 ; Rise       ; Clk                                   ;
;  Ciphertext[51] ; Clk                                   ; 7.619 ; 7.619 ; Rise       ; Clk                                   ;
;  Ciphertext[52] ; Clk                                   ; 7.067 ; 7.067 ; Rise       ; Clk                                   ;
;  Ciphertext[53] ; Clk                                   ; 7.437 ; 7.437 ; Rise       ; Clk                                   ;
;  Ciphertext[54] ; Clk                                   ; 7.391 ; 7.391 ; Rise       ; Clk                                   ;
;  Ciphertext[55] ; Clk                                   ; 7.802 ; 7.802 ; Rise       ; Clk                                   ;
;  Ciphertext[56] ; Clk                                   ; 7.374 ; 7.374 ; Rise       ; Clk                                   ;
;  Ciphertext[57] ; Clk                                   ; 7.546 ; 7.546 ; Rise       ; Clk                                   ;
;  Ciphertext[58] ; Clk                                   ; 6.905 ; 6.905 ; Rise       ; Clk                                   ;
;  Ciphertext[59] ; Clk                                   ; 7.376 ; 7.376 ; Rise       ; Clk                                   ;
;  Ciphertext[60] ; Clk                                   ; 6.645 ; 6.645 ; Rise       ; Clk                                   ;
;  Ciphertext[61] ; Clk                                   ; 7.647 ; 7.647 ; Rise       ; Clk                                   ;
;  Ciphertext[62] ; Clk                                   ; 6.392 ; 6.392 ; Rise       ; Clk                                   ;
;  Ciphertext[63] ; Clk                                   ; 6.588 ; 6.588 ; Rise       ; Clk                                   ;
; Done            ; Clk                                   ; 9.941 ; 9.941 ; Rise       ; Clk                                   ;
; Done            ; DES_CONTROL:control_unit|Pre_state[0] ;       ; 5.918 ; Rise       ; DES_CONTROL:control_unit|Pre_state[0] ;
; Done            ; DES_CONTROL:control_unit|Pre_state[0] ; 5.918 ;       ; Fall       ; DES_CONTROL:control_unit|Pre_state[0] ;
+-----------------+---------------------------------------+-------+-------+------------+---------------------------------------+


+----------------------------------------------------------------+
; Fast Model Setup Summary                                       ;
+---------------------------------------+--------+---------------+
; Clock                                 ; Slack  ; End Point TNS ;
+---------------------------------------+--------+---------------+
; Clk                                   ; -1.560 ; -71.208       ;
; DES_CONTROL:control_unit|Pre_state[0] ; -0.247 ; -0.418        ;
+---------------------------------------+--------+---------------+


+----------------------------------------------------------------+
; Fast Model Hold Summary                                        ;
+---------------------------------------+--------+---------------+
; Clock                                 ; Slack  ; End Point TNS ;
+---------------------------------------+--------+---------------+
; DES_CONTROL:control_unit|Pre_state[0] ; -1.354 ; -2.395        ;
; Clk                                   ; -1.310 ; -73.693       ;
+---------------------------------------+--------+---------------+


-------------------------------
; Fast Model Recovery Summary ;
-------------------------------
No paths to report.


------------------------------
; Fast Model Removal Summary ;
------------------------------
No paths to report.


+----------------------------------------------------------------+
; Fast Model Minimum Pulse Width Summary                         ;
+---------------------------------------+--------+---------------+
; Clock                                 ; Slack  ; End Point TNS ;
+---------------------------------------+--------+---------------+
; Clk                                   ; -1.380 ; -127.380      ;
; DES_CONTROL:control_unit|Pre_state[0] ; 0.500  ; 0.000         ;
+---------------------------------------+--------+---------------+


+--------------------------------------------------------------------------------------------------------------------------------+
; Fast Model Setup: 'Clk'                                                                                                        ;
+--------+---------------------------------------+---------+--------------+-------------+--------------+------------+------------+
; Slack  ; From Node                             ; To Node ; Launch Clock ; Latch Clock ; Relationship ; Clock Skew ; Data Delay ;
+--------+---------------------------------------+---------+--------------+-------------+--------------+------------+------------+
; -1.560 ; DES_CONTROL:control_unit|Counter[1]   ; R[13]   ; Clk          ; Clk         ; 1.000        ; -0.003     ; 2.589      ;
; -1.553 ; DES_CONTROL:control_unit|Counter[3]   ; R[13]   ; Clk          ; Clk         ; 1.000        ; -0.003     ; 2.582      ;
; -1.547 ; DES_CONTROL:control_unit|Counter[2]   ; R[13]   ; Clk          ; Clk         ; 1.000        ; -0.003     ; 2.576      ;
; -1.545 ; DES_CONTROL:control_unit|Counter[1]   ; R[5]    ; Clk          ; Clk         ; 1.000        ; -0.004     ; 2.573      ;
; -1.538 ; DES_CONTROL:control_unit|Counter[3]   ; R[5]    ; Clk          ; Clk         ; 1.000        ; -0.004     ; 2.566      ;
; -1.532 ; DES_CONTROL:control_unit|Counter[2]   ; R[5]    ; Clk          ; Clk         ; 1.000        ; -0.004     ; 2.560      ;
; -1.524 ; DES_CONTROL:control_unit|Counter[1]   ; R[1]    ; Clk          ; Clk         ; 1.000        ; 0.002      ; 2.558      ;
; -1.517 ; DES_CONTROL:control_unit|Counter[3]   ; R[1]    ; Clk          ; Clk         ; 1.000        ; 0.002      ; 2.551      ;
; -1.511 ; DES_CONTROL:control_unit|Counter[2]   ; R[1]    ; Clk          ; Clk         ; 1.000        ; 0.002      ; 2.545      ;
; -1.500 ; DES_CONTROL:control_unit|Counter[1]   ; R[10]   ; Clk          ; Clk         ; 1.000        ; -0.002     ; 2.530      ;
; -1.498 ; DES_CONTROL:control_unit|Counter[1]   ; R[0]    ; Clk          ; Clk         ; 1.000        ; -0.005     ; 2.525      ;
; -1.497 ; DES_CONTROL:control_unit|Counter[1]   ; R[25]   ; Clk          ; Clk         ; 1.000        ; -0.005     ; 2.524      ;
; -1.493 ; DES_CONTROL:control_unit|Counter[3]   ; R[10]   ; Clk          ; Clk         ; 1.000        ; -0.002     ; 2.523      ;
; -1.491 ; DES_CONTROL:control_unit|Counter[3]   ; R[0]    ; Clk          ; Clk         ; 1.000        ; -0.005     ; 2.518      ;
; -1.490 ; DES_CONTROL:control_unit|Counter[1]   ; R[16]   ; Clk          ; Clk         ; 1.000        ; 0.003      ; 2.525      ;
; -1.490 ; DES_CONTROL:control_unit|Counter[3]   ; R[25]   ; Clk          ; Clk         ; 1.000        ; -0.005     ; 2.517      ;
; -1.487 ; DES_CONTROL:control_unit|Counter[2]   ; R[10]   ; Clk          ; Clk         ; 1.000        ; -0.002     ; 2.517      ;
; -1.485 ; DES_CONTROL:control_unit|Counter[2]   ; R[0]    ; Clk          ; Clk         ; 1.000        ; -0.005     ; 2.512      ;
; -1.484 ; DES_CONTROL:control_unit|Counter[2]   ; R[25]   ; Clk          ; Clk         ; 1.000        ; -0.005     ; 2.511      ;
; -1.483 ; DES_CONTROL:control_unit|Counter[3]   ; R[16]   ; Clk          ; Clk         ; 1.000        ; 0.003      ; 2.518      ;
; -1.478 ; DES_CONTROL:control_unit|Counter[1]   ; R[7]    ; Clk          ; Clk         ; 1.000        ; 0.000      ; 2.510      ;
; -1.477 ; DES_CONTROL:control_unit|Counter[1]   ; R[21]   ; Clk          ; Clk         ; 1.000        ; -0.003     ; 2.506      ;
; -1.477 ; DES_CONTROL:control_unit|Counter[2]   ; R[16]   ; Clk          ; Clk         ; 1.000        ; 0.003      ; 2.512      ;
; -1.476 ; DES_CONTROL:control_unit|Counter[1]   ; R[26]   ; Clk          ; Clk         ; 1.000        ; 0.006      ; 2.514      ;
; -1.475 ; DES_CONTROL:control_unit|Counter[1]   ; R[20]   ; Clk          ; Clk         ; 1.000        ; -0.002     ; 2.505      ;
; -1.474 ; DES_CONTROL:control_unit|Counter[1]   ; R[11]   ; Clk          ; Clk         ; 1.000        ; -0.003     ; 2.503      ;
; -1.473 ; DES_CONTROL:control_unit|Counter[1]   ; R[3]    ; Clk          ; Clk         ; 1.000        ; -0.002     ; 2.503      ;
; -1.471 ; DES_CONTROL:control_unit|Counter[1]   ; R[18]   ; Clk          ; Clk         ; 1.000        ; 0.000      ; 2.503      ;
; -1.471 ; DES_CONTROL:control_unit|Counter[3]   ; R[7]    ; Clk          ; Clk         ; 1.000        ; 0.000      ; 2.503      ;
; -1.470 ; DES_CONTROL:control_unit|Counter[3]   ; R[21]   ; Clk          ; Clk         ; 1.000        ; -0.003     ; 2.499      ;
; -1.469 ; DES_CONTROL:control_unit|Counter[3]   ; R[26]   ; Clk          ; Clk         ; 1.000        ; 0.006      ; 2.507      ;
; -1.468 ; DES_CONTROL:control_unit|Counter[3]   ; R[20]   ; Clk          ; Clk         ; 1.000        ; -0.002     ; 2.498      ;
; -1.467 ; DES_CONTROL:control_unit|Counter[3]   ; R[11]   ; Clk          ; Clk         ; 1.000        ; -0.003     ; 2.496      ;
; -1.466 ; DES_CONTROL:control_unit|Counter[3]   ; R[3]    ; Clk          ; Clk         ; 1.000        ; -0.002     ; 2.496      ;
; -1.465 ; DES_CONTROL:control_unit|Counter[2]   ; R[7]    ; Clk          ; Clk         ; 1.000        ; 0.000      ; 2.497      ;
; -1.464 ; DES_CONTROL:control_unit|Counter[2]   ; R[21]   ; Clk          ; Clk         ; 1.000        ; -0.003     ; 2.493      ;
; -1.464 ; DES_CONTROL:control_unit|Counter[3]   ; R[18]   ; Clk          ; Clk         ; 1.000        ; 0.000      ; 2.496      ;
; -1.463 ; DES_CONTROL:control_unit|Counter[2]   ; R[26]   ; Clk          ; Clk         ; 1.000        ; 0.006      ; 2.501      ;
; -1.462 ; DES_CONTROL:control_unit|Counter[2]   ; R[20]   ; Clk          ; Clk         ; 1.000        ; -0.002     ; 2.492      ;
; -1.461 ; DES_CONTROL:control_unit|Counter[2]   ; R[11]   ; Clk          ; Clk         ; 1.000        ; -0.003     ; 2.490      ;
; -1.460 ; DES_CONTROL:control_unit|Counter[2]   ; R[3]    ; Clk          ; Clk         ; 1.000        ; -0.002     ; 2.490      ;
; -1.458 ; DES_CONTROL:control_unit|Counter[2]   ; R[18]   ; Clk          ; Clk         ; 1.000        ; 0.000      ; 2.490      ;
; -1.440 ; DES_CONTROL:control_unit|Pre_state[1] ; R[13]   ; Clk          ; Clk         ; 1.000        ; -0.284     ; 2.188      ;
; -1.438 ; DES_CONTROL:control_unit|Counter[0]   ; R[13]   ; Clk          ; Clk         ; 1.000        ; -0.003     ; 2.467      ;
; -1.436 ; DES_CONTROL:control_unit|Counter[1]   ; R[27]   ; Clk          ; Clk         ; 1.000        ; -0.004     ; 2.464      ;
; -1.436 ; DES_CONTROL:control_unit|Counter[1]   ; R[9]    ; Clk          ; Clk         ; 1.000        ; 0.002      ; 2.470      ;
; -1.429 ; DES_CONTROL:control_unit|Counter[3]   ; R[27]   ; Clk          ; Clk         ; 1.000        ; -0.004     ; 2.457      ;
; -1.429 ; DES_CONTROL:control_unit|Counter[3]   ; R[9]    ; Clk          ; Clk         ; 1.000        ; 0.002      ; 2.463      ;
; -1.423 ; DES_CONTROL:control_unit|Counter[0]   ; R[5]    ; Clk          ; Clk         ; 1.000        ; -0.004     ; 2.451      ;
; -1.423 ; DES_CONTROL:control_unit|Counter[2]   ; R[27]   ; Clk          ; Clk         ; 1.000        ; -0.004     ; 2.451      ;
; -1.423 ; DES_CONTROL:control_unit|Counter[2]   ; R[9]    ; Clk          ; Clk         ; 1.000        ; 0.002      ; 2.457      ;
; -1.421 ; DES_CONTROL:control_unit|Counter[1]   ; R[28]   ; Clk          ; Clk         ; 1.000        ; -0.002     ; 2.451      ;
; -1.416 ; DES_CONTROL:control_unit|Pre_state[1] ; R[5]    ; Clk          ; Clk         ; 1.000        ; -0.285     ; 2.163      ;
; -1.414 ; DES_CONTROL:control_unit|Counter[3]   ; R[28]   ; Clk          ; Clk         ; 1.000        ; -0.002     ; 2.444      ;
; -1.412 ; DES_CONTROL:control_unit|Pre_state[1] ; R[21]   ; Clk          ; Clk         ; 1.000        ; -0.284     ; 2.160      ;
; -1.411 ; DES_CONTROL:control_unit|Counter[1]   ; R[30]   ; Clk          ; Clk         ; 1.000        ; 0.006      ; 2.449      ;
; -1.408 ; DES_CONTROL:control_unit|Counter[2]   ; R[28]   ; Clk          ; Clk         ; 1.000        ; -0.002     ; 2.438      ;
; -1.407 ; DES_CONTROL:control_unit|Counter[1]   ; R[6]    ; Clk          ; Clk         ; 1.000        ; 0.000      ; 2.439      ;
; -1.406 ; DES_CONTROL:control_unit|Counter[1]   ; R[12]   ; Clk          ; Clk         ; 1.000        ; 0.000      ; 2.438      ;
; -1.405 ; DES_CONTROL:control_unit|Pre_state[1] ; R[3]    ; Clk          ; Clk         ; 1.000        ; -0.283     ; 2.154      ;
; -1.404 ; DES_CONTROL:control_unit|Counter[1]   ; R[31]   ; Clk          ; Clk         ; 1.000        ; 0.000      ; 2.436      ;
; -1.404 ; DES_CONTROL:control_unit|Counter[1]   ; R[24]   ; Clk          ; Clk         ; 1.000        ; 0.000      ; 2.436      ;
; -1.404 ; DES_CONTROL:control_unit|Counter[3]   ; R[30]   ; Clk          ; Clk         ; 1.000        ; 0.006      ; 2.442      ;
; -1.402 ; DES_CONTROL:control_unit|Counter[1]   ; R[22]   ; Clk          ; Clk         ; 1.000        ; 0.000      ; 2.434      ;
; -1.402 ; DES_CONTROL:control_unit|Counter[0]   ; R[1]    ; Clk          ; Clk         ; 1.000        ; 0.002      ; 2.436      ;
; -1.400 ; DES_CONTROL:control_unit|Counter[1]   ; R[8]    ; Clk          ; Clk         ; 1.000        ; 0.003      ; 2.435      ;
; -1.400 ; DES_CONTROL:control_unit|Counter[3]   ; R[6]    ; Clk          ; Clk         ; 1.000        ; 0.000      ; 2.432      ;
; -1.399 ; DES_CONTROL:control_unit|Counter[3]   ; R[12]   ; Clk          ; Clk         ; 1.000        ; 0.000      ; 2.431      ;
; -1.398 ; DES_CONTROL:control_unit|Counter[2]   ; R[30]   ; Clk          ; Clk         ; 1.000        ; 0.006      ; 2.436      ;
; -1.397 ; DES_CONTROL:control_unit|Pre_state[1] ; R[26]   ; Clk          ; Clk         ; 1.000        ; -0.275     ; 2.154      ;
; -1.397 ; DES_CONTROL:control_unit|Counter[3]   ; R[31]   ; Clk          ; Clk         ; 1.000        ; 0.000      ; 2.429      ;
; -1.397 ; DES_CONTROL:control_unit|Counter[3]   ; R[24]   ; Clk          ; Clk         ; 1.000        ; 0.000      ; 2.429      ;
; -1.396 ; DES_CONTROL:control_unit|Counter[1]   ; R[2]    ; Clk          ; Clk         ; 1.000        ; 0.003      ; 2.431      ;
; -1.396 ; DES_CONTROL:control_unit|Pre_state[1] ; R[7]    ; Clk          ; Clk         ; 1.000        ; -0.281     ; 2.147      ;
; -1.395 ; DES_CONTROL:control_unit|Counter[1]   ; R[19]   ; Clk          ; Clk         ; 1.000        ; 0.005      ; 2.432      ;
; -1.395 ; DES_CONTROL:control_unit|Counter[3]   ; R[22]   ; Clk          ; Clk         ; 1.000        ; 0.000      ; 2.427      ;
; -1.394 ; DES_CONTROL:control_unit|Counter[1]   ; R[17]   ; Clk          ; Clk         ; 1.000        ; -0.003     ; 2.423      ;
; -1.394 ; DES_CONTROL:control_unit|Counter[2]   ; R[6]    ; Clk          ; Clk         ; 1.000        ; 0.000      ; 2.426      ;
; -1.393 ; DES_CONTROL:control_unit|Counter[2]   ; R[12]   ; Clk          ; Clk         ; 1.000        ; 0.000      ; 2.425      ;
; -1.393 ; DES_CONTROL:control_unit|Counter[3]   ; R[8]    ; Clk          ; Clk         ; 1.000        ; 0.003      ; 2.428      ;
; -1.392 ; DES_CONTROL:control_unit|Pre_state[1] ; R[18]   ; Clk          ; Clk         ; 1.000        ; -0.281     ; 2.143      ;
; -1.391 ; DES_CONTROL:control_unit|Counter[2]   ; R[31]   ; Clk          ; Clk         ; 1.000        ; 0.000      ; 2.423      ;
; -1.391 ; DES_CONTROL:control_unit|Counter[2]   ; R[24]   ; Clk          ; Clk         ; 1.000        ; 0.000      ; 2.423      ;
; -1.389 ; DES_CONTROL:control_unit|Counter[2]   ; R[22]   ; Clk          ; Clk         ; 1.000        ; 0.000      ; 2.421      ;
; -1.389 ; DES_CONTROL:control_unit|Counter[3]   ; R[2]    ; Clk          ; Clk         ; 1.000        ; 0.003      ; 2.424      ;
; -1.388 ; DES_CONTROL:control_unit|Pre_state[1] ; R[16]   ; Clk          ; Clk         ; 1.000        ; -0.278     ; 2.142      ;
; -1.388 ; DES_CONTROL:control_unit|Counter[3]   ; R[19]   ; Clk          ; Clk         ; 1.000        ; 0.005      ; 2.425      ;
; -1.387 ; DES_CONTROL:control_unit|Counter[2]   ; R[8]    ; Clk          ; Clk         ; 1.000        ; 0.003      ; 2.422      ;
; -1.387 ; DES_CONTROL:control_unit|Counter[3]   ; R[17]   ; Clk          ; Clk         ; 1.000        ; -0.003     ; 2.416      ;
; -1.384 ; DES_CONTROL:control_unit|Pre_state[1] ; R[0]    ; Clk          ; Clk         ; 1.000        ; -0.286     ; 2.130      ;
; -1.384 ; DES_CONTROL:control_unit|Pre_state[1] ; R[10]   ; Clk          ; Clk         ; 1.000        ; -0.283     ; 2.133      ;
; -1.383 ; DES_CONTROL:control_unit|Counter[2]   ; R[2]    ; Clk          ; Clk         ; 1.000        ; 0.003      ; 2.418      ;
; -1.382 ; DES_CONTROL:control_unit|Pre_state[1] ; R[6]    ; Clk          ; Clk         ; 1.000        ; -0.281     ; 2.133      ;
; -1.382 ; DES_CONTROL:control_unit|Counter[2]   ; R[19]   ; Clk          ; Clk         ; 1.000        ; 0.005      ; 2.419      ;
; -1.381 ; DES_CONTROL:control_unit|Counter[2]   ; R[17]   ; Clk          ; Clk         ; 1.000        ; -0.003     ; 2.410      ;
; -1.378 ; DES_CONTROL:control_unit|Counter[0]   ; R[10]   ; Clk          ; Clk         ; 1.000        ; -0.002     ; 2.408      ;
; -1.376 ; DES_CONTROL:control_unit|Counter[0]   ; R[0]    ; Clk          ; Clk         ; 1.000        ; -0.005     ; 2.403      ;
; -1.376 ; DES_CONTROL:control_unit|Pre_state[1] ; R[20]   ; Clk          ; Clk         ; 1.000        ; -0.283     ; 2.125      ;
; -1.376 ; DES_CONTROL:control_unit|Pre_state[1] ; R[19]   ; Clk          ; Clk         ; 1.000        ; -0.276     ; 2.132      ;
; -1.375 ; DES_CONTROL:control_unit|Counter[0]   ; R[25]   ; Clk          ; Clk         ; 1.000        ; -0.005     ; 2.402      ;
+--------+---------------------------------------+---------+--------------+-------------+--------------+------------+------------+


+------------------------------------------------------------------------------------------------------------------------------------------------------------------------------------------------------------------+
; Fast Model Setup: 'DES_CONTROL:control_unit|Pre_state[0]'                                                                                                                                                        ;
+--------+---------------------------------------+----------------------------------------+---------------------------------------+---------------------------------------+--------------+------------+------------+
; Slack  ; From Node                             ; To Node                                ; Launch Clock                          ; Latch Clock                           ; Relationship ; Clock Skew ; Data Delay ;
+--------+---------------------------------------+----------------------------------------+---------------------------------------+---------------------------------------+--------------+------------+------------+
; -0.247 ; DES_CONTROL:control_unit|Counter[3]   ; DES_CONTROL:control_unit|Next_state[0] ; Clk                                   ; DES_CONTROL:control_unit|Pre_state[0] ; 1.000        ; 0.202      ; 0.969      ;
; -0.229 ; DES_CONTROL:control_unit|Counter[1]   ; DES_CONTROL:control_unit|Next_state[0] ; Clk                                   ; DES_CONTROL:control_unit|Pre_state[0] ; 1.000        ; 0.202      ; 0.951      ;
; -0.221 ; DES_CONTROL:control_unit|Counter[2]   ; DES_CONTROL:control_unit|Next_state[0] ; Clk                                   ; DES_CONTROL:control_unit|Pre_state[0] ; 1.000        ; 0.202      ; 0.943      ;
; -0.192 ; DES_CONTROL:control_unit|Pre_state[1] ; DES_CONTROL:control_unit|Next_state[0] ; Clk                                   ; DES_CONTROL:control_unit|Pre_state[0] ; 1.000        ; -0.079     ; 0.633      ;
; -0.171 ; DES_CONTROL:control_unit|Counter[3]   ; DES_CONTROL:control_unit|Next_state[1] ; Clk                                   ; DES_CONTROL:control_unit|Pre_state[0] ; 1.000        ; 0.147      ; 0.977      ;
; -0.153 ; DES_CONTROL:control_unit|Counter[1]   ; DES_CONTROL:control_unit|Next_state[1] ; Clk                                   ; DES_CONTROL:control_unit|Pre_state[0] ; 1.000        ; 0.147      ; 0.959      ;
; -0.145 ; DES_CONTROL:control_unit|Counter[2]   ; DES_CONTROL:control_unit|Next_state[1] ; Clk                                   ; DES_CONTROL:control_unit|Pre_state[0] ; 1.000        ; 0.147      ; 0.951      ;
; -0.108 ; DES_CONTROL:control_unit|Counter[0]   ; DES_CONTROL:control_unit|Next_state[0] ; Clk                                   ; DES_CONTROL:control_unit|Pre_state[0] ; 1.000        ; 0.202      ; 0.830      ;
; -0.032 ; DES_CONTROL:control_unit|Counter[0]   ; DES_CONTROL:control_unit|Next_state[1] ; Clk                                   ; DES_CONTROL:control_unit|Pre_state[0] ; 1.000        ; 0.147      ; 0.838      ;
; 1.200  ; DES_CONTROL:control_unit|Pre_state[0] ; DES_CONTROL:control_unit|Next_state[1] ; DES_CONTROL:control_unit|Pre_state[0] ; DES_CONTROL:control_unit|Pre_state[0] ; 0.500        ; 1.812      ; 0.912      ;
; 1.374  ; DES_CONTROL:control_unit|Pre_state[0] ; DES_CONTROL:control_unit|Next_state[0] ; DES_CONTROL:control_unit|Pre_state[0] ; DES_CONTROL:control_unit|Pre_state[0] ; 0.500        ; 1.867      ; 0.654      ;
; 1.700  ; DES_CONTROL:control_unit|Pre_state[0] ; DES_CONTROL:control_unit|Next_state[1] ; DES_CONTROL:control_unit|Pre_state[0] ; DES_CONTROL:control_unit|Pre_state[0] ; 1.000        ; 1.812      ; 0.912      ;
; 1.874  ; DES_CONTROL:control_unit|Pre_state[0] ; DES_CONTROL:control_unit|Next_state[0] ; DES_CONTROL:control_unit|Pre_state[0] ; DES_CONTROL:control_unit|Pre_state[0] ; 1.000        ; 1.867      ; 0.654      ;
+--------+---------------------------------------+----------------------------------------+---------------------------------------+---------------------------------------+--------------+------------+------------+


+------------------------------------------------------------------------------------------------------------------------------------------------------------------------------------------------------------------+
; Fast Model Hold: 'DES_CONTROL:control_unit|Pre_state[0]'                                                                                                                                                         ;
+--------+---------------------------------------+----------------------------------------+---------------------------------------+---------------------------------------+--------------+------------+------------+
; Slack  ; From Node                             ; To Node                                ; Launch Clock                          ; Latch Clock                           ; Relationship ; Clock Skew ; Data Delay ;
+--------+---------------------------------------+----------------------------------------+---------------------------------------+---------------------------------------+--------------+------------+------------+
; -1.354 ; DES_CONTROL:control_unit|Pre_state[0] ; DES_CONTROL:control_unit|Next_state[0] ; DES_CONTROL:control_unit|Pre_state[0] ; DES_CONTROL:control_unit|Pre_state[0] ; 0.000        ; 1.867      ; 0.654      ;
; -1.041 ; DES_CONTROL:control_unit|Pre_state[0] ; DES_CONTROL:control_unit|Next_state[1] ; DES_CONTROL:control_unit|Pre_state[0] ; DES_CONTROL:control_unit|Pre_state[0] ; 0.000        ; 1.812      ; 0.912      ;
; -0.854 ; DES_CONTROL:control_unit|Pre_state[0] ; DES_CONTROL:control_unit|Next_state[0] ; DES_CONTROL:control_unit|Pre_state[0] ; DES_CONTROL:control_unit|Pre_state[0] ; -0.500       ; 1.867      ; 0.654      ;
; -0.541 ; DES_CONTROL:control_unit|Pre_state[0] ; DES_CONTROL:control_unit|Next_state[1] ; DES_CONTROL:control_unit|Pre_state[0] ; DES_CONTROL:control_unit|Pre_state[0] ; -0.500       ; 1.812      ; 0.912      ;
; 0.628  ; DES_CONTROL:control_unit|Counter[0]   ; DES_CONTROL:control_unit|Next_state[0] ; Clk                                   ; DES_CONTROL:control_unit|Pre_state[0] ; 0.000        ; 0.202      ; 0.830      ;
; 0.691  ; DES_CONTROL:control_unit|Counter[0]   ; DES_CONTROL:control_unit|Next_state[1] ; Clk                                   ; DES_CONTROL:control_unit|Pre_state[0] ; 0.000        ; 0.147      ; 0.838      ;
; 0.712  ; DES_CONTROL:control_unit|Pre_state[1] ; DES_CONTROL:control_unit|Next_state[0] ; Clk                                   ; DES_CONTROL:control_unit|Pre_state[0] ; 0.000        ; -0.079     ; 0.633      ;
; 0.741  ; DES_CONTROL:control_unit|Counter[2]   ; DES_CONTROL:control_unit|Next_state[0] ; Clk                                   ; DES_CONTROL:control_unit|Pre_state[0] ; 0.000        ; 0.202      ; 0.943      ;
; 0.749  ; DES_CONTROL:control_unit|Counter[1]   ; DES_CONTROL:control_unit|Next_state[0] ; Clk                                   ; DES_CONTROL:control_unit|Pre_state[0] ; 0.000        ; 0.202      ; 0.951      ;
; 0.767  ; DES_CONTROL:control_unit|Counter[3]   ; DES_CONTROL:control_unit|Next_state[0] ; Clk                                   ; DES_CONTROL:control_unit|Pre_state[0] ; 0.000        ; 0.202      ; 0.969      ;
; 0.804  ; DES_CONTROL:control_unit|Counter[2]   ; DES_CONTROL:control_unit|Next_state[1] ; Clk                                   ; DES_CONTROL:control_unit|Pre_state[0] ; 0.000        ; 0.147      ; 0.951      ;
; 0.812  ; DES_CONTROL:control_unit|Counter[1]   ; DES_CONTROL:control_unit|Next_state[1] ; Clk                                   ; DES_CONTROL:control_unit|Pre_state[0] ; 0.000        ; 0.147      ; 0.959      ;
; 0.830  ; DES_CONTROL:control_unit|Counter[3]   ; DES_CONTROL:control_unit|Next_state[1] ; Clk                                   ; DES_CONTROL:control_unit|Pre_state[0] ; 0.000        ; 0.147      ; 0.977      ;
+--------+---------------------------------------+----------------------------------------+---------------------------------------+---------------------------------------+--------------+------------+------------+


+-------------------------------------------------------------------------------------------------------------------------------------------------------------------------------------+
; Fast Model Hold: 'Clk'                                                                                                                                                              ;
+--------+---------------------------------------+-------------------------------------+---------------------------------------+-------------+--------------+------------+------------+
; Slack  ; From Node                             ; To Node                             ; Launch Clock                          ; Latch Clock ; Relationship ; Clock Skew ; Data Delay ;
+--------+---------------------------------------+-------------------------------------+---------------------------------------+-------------+--------------+------------+------------+
; -1.310 ; DES_CONTROL:control_unit|Pre_state[0] ; DES_CONTROL:control_unit|Counter[1] ; DES_CONTROL:control_unit|Pre_state[0] ; Clk         ; 0.000        ; 1.665      ; 0.648      ;
; -1.256 ; DES_CONTROL:control_unit|Pre_state[0] ; C[17]                               ; DES_CONTROL:control_unit|Pre_state[0] ; Clk         ; 0.000        ; 1.664      ; 0.701      ;
; -1.255 ; DES_CONTROL:control_unit|Pre_state[0] ; C[21]                               ; DES_CONTROL:control_unit|Pre_state[0] ; Clk         ; 0.000        ; 1.664      ; 0.702      ;
; -1.229 ; DES_CONTROL:control_unit|Pre_state[0] ; DES_CONTROL:control_unit|Counter[0] ; DES_CONTROL:control_unit|Pre_state[0] ; Clk         ; 0.000        ; 1.665      ; 0.729      ;
; -1.065 ; DES_CONTROL:control_unit|Pre_state[0] ; C[10]                               ; DES_CONTROL:control_unit|Pre_state[0] ; Clk         ; 0.000        ; 1.665      ; 0.893      ;
; -1.013 ; DES_CONTROL:control_unit|Pre_state[0] ; C[9]                                ; DES_CONTROL:control_unit|Pre_state[0] ; Clk         ; 0.000        ; 1.665      ; 0.945      ;
; -0.995 ; DES_CONTROL:control_unit|Pre_state[0] ; C[26]                               ; DES_CONTROL:control_unit|Pre_state[0] ; Clk         ; 0.000        ; 1.665      ; 0.963      ;
; -0.973 ; DES_CONTROL:control_unit|Pre_state[0] ; D[6]                                ; DES_CONTROL:control_unit|Pre_state[0] ; Clk         ; 0.000        ; 1.668      ; 0.988      ;
; -0.970 ; DES_CONTROL:control_unit|Pre_state[0] ; D[15]                               ; DES_CONTROL:control_unit|Pre_state[0] ; Clk         ; 0.000        ; 1.669      ; 0.992      ;
; -0.959 ; DES_CONTROL:control_unit|Pre_state[0] ; DES_CONTROL:control_unit|Counter[2] ; DES_CONTROL:control_unit|Pre_state[0] ; Clk         ; 0.000        ; 1.665      ; 0.999      ;
; -0.941 ; DES_CONTROL:control_unit|Pre_state[0] ; C[19]                               ; DES_CONTROL:control_unit|Pre_state[0] ; Clk         ; 0.000        ; 1.664      ; 1.016      ;
; -0.939 ; DES_CONTROL:control_unit|Pre_state[0] ; D[2]                                ; DES_CONTROL:control_unit|Pre_state[0] ; Clk         ; 0.000        ; 1.664      ; 1.018      ;
; -0.930 ; DES_CONTROL:control_unit|Pre_state[0] ; C[27]                               ; DES_CONTROL:control_unit|Pre_state[0] ; Clk         ; 0.000        ; 1.665      ; 1.028      ;
; -0.922 ; DES_CONTROL:control_unit|Pre_state[0] ; D[21]                               ; DES_CONTROL:control_unit|Pre_state[0] ; Clk         ; 0.000        ; 1.657      ; 1.028      ;
; -0.920 ; DES_CONTROL:control_unit|Pre_state[0] ; D[1]                                ; DES_CONTROL:control_unit|Pre_state[0] ; Clk         ; 0.000        ; 1.659      ; 1.032      ;
; -0.884 ; DES_CONTROL:control_unit|Pre_state[0] ; D[13]                               ; DES_CONTROL:control_unit|Pre_state[0] ; Clk         ; 0.000        ; 1.658      ; 1.067      ;
; -0.883 ; DES_CONTROL:control_unit|Pre_state[0] ; D[18]                               ; DES_CONTROL:control_unit|Pre_state[0] ; Clk         ; 0.000        ; 1.658      ; 1.068      ;
; -0.869 ; DES_CONTROL:control_unit|Pre_state[0] ; D[10]                               ; DES_CONTROL:control_unit|Pre_state[0] ; Clk         ; 0.000        ; 1.670      ; 1.094      ;
; -0.864 ; DES_CONTROL:control_unit|Pre_state[0] ; C[25]                               ; DES_CONTROL:control_unit|Pre_state[0] ; Clk         ; 0.000        ; 1.665      ; 1.094      ;
; -0.857 ; DES_CONTROL:control_unit|Pre_state[0] ; D[16]                               ; DES_CONTROL:control_unit|Pre_state[0] ; Clk         ; 0.000        ; 1.669      ; 1.105      ;
; -0.847 ; DES_CONTROL:control_unit|Pre_state[0] ; C[13]                               ; DES_CONTROL:control_unit|Pre_state[0] ; Clk         ; 0.000        ; 1.670      ; 1.116      ;
; -0.841 ; DES_CONTROL:control_unit|Pre_state[0] ; C[14]                               ; DES_CONTROL:control_unit|Pre_state[0] ; Clk         ; 0.000        ; 1.670      ; 1.122      ;
; -0.834 ; DES_CONTROL:control_unit|Pre_state[0] ; C[4]                                ; DES_CONTROL:control_unit|Pre_state[0] ; Clk         ; 0.000        ; 1.671      ; 1.130      ;
; -0.830 ; DES_CONTROL:control_unit|Pre_state[0] ; DES_CONTROL:control_unit|Counter[3] ; DES_CONTROL:control_unit|Pre_state[0] ; Clk         ; 0.000        ; 1.665      ; 1.128      ;
; -0.828 ; DES_CONTROL:control_unit|Pre_state[0] ; C[15]                               ; DES_CONTROL:control_unit|Pre_state[0] ; Clk         ; 0.000        ; 1.670      ; 1.135      ;
; -0.819 ; DES_CONTROL:control_unit|Pre_state[0] ; C[8]                                ; DES_CONTROL:control_unit|Pre_state[0] ; Clk         ; 0.000        ; 1.665      ; 1.139      ;
; -0.811 ; DES_CONTROL:control_unit|Pre_state[0] ; D[20]                               ; DES_CONTROL:control_unit|Pre_state[0] ; Clk         ; 0.000        ; 1.657      ; 1.139      ;
; -0.810 ; DES_CONTROL:control_unit|Pre_state[0] ; DES_CONTROL:control_unit|Counter[1] ; DES_CONTROL:control_unit|Pre_state[0] ; Clk         ; -0.500       ; 1.665      ; 0.648      ;
; -0.799 ; DES_CONTROL:control_unit|Pre_state[0] ; D[27]                               ; DES_CONTROL:control_unit|Pre_state[0] ; Clk         ; 0.000        ; 1.664      ; 1.158      ;
; -0.790 ; DES_CONTROL:control_unit|Pre_state[0] ; C[5]                                ; DES_CONTROL:control_unit|Pre_state[0] ; Clk         ; 0.000        ; 1.671      ; 1.174      ;
; -0.783 ; DES_CONTROL:control_unit|Pre_state[0] ; D[8]                                ; DES_CONTROL:control_unit|Pre_state[0] ; Clk         ; 0.000        ; 1.670      ; 1.180      ;
; -0.781 ; DES_CONTROL:control_unit|Pre_state[0] ; C[22]                               ; DES_CONTROL:control_unit|Pre_state[0] ; Clk         ; 0.000        ; 1.668      ; 1.180      ;
; -0.758 ; DES_CONTROL:control_unit|Pre_state[0] ; D[22]                               ; DES_CONTROL:control_unit|Pre_state[0] ; Clk         ; 0.000        ; 1.658      ; 1.193      ;
; -0.756 ; DES_CONTROL:control_unit|Pre_state[0] ; C[17]                               ; DES_CONTROL:control_unit|Pre_state[0] ; Clk         ; -0.500       ; 1.664      ; 0.701      ;
; -0.755 ; DES_CONTROL:control_unit|Pre_state[0] ; C[21]                               ; DES_CONTROL:control_unit|Pre_state[0] ; Clk         ; -0.500       ; 1.664      ; 0.702      ;
; -0.740 ; DES_CONTROL:control_unit|Pre_state[0] ; D[25]                               ; DES_CONTROL:control_unit|Pre_state[0] ; Clk         ; 0.000        ; 1.664      ; 1.217      ;
; -0.740 ; DES_CONTROL:control_unit|Pre_state[0] ; D[4]                                ; DES_CONTROL:control_unit|Pre_state[0] ; Clk         ; 0.000        ; 1.668      ; 1.221      ;
; -0.739 ; DES_CONTROL:control_unit|Pre_state[0] ; D[11]                               ; DES_CONTROL:control_unit|Pre_state[0] ; Clk         ; 0.000        ; 1.667      ; 1.221      ;
; -0.739 ; DES_CONTROL:control_unit|Pre_state[0] ; C[0]                                ; DES_CONTROL:control_unit|Pre_state[0] ; Clk         ; 0.000        ; 1.667      ; 1.221      ;
; -0.739 ; DES_CONTROL:control_unit|Pre_state[0] ; C[1]                                ; DES_CONTROL:control_unit|Pre_state[0] ; Clk         ; 0.000        ; 1.667      ; 1.221      ;
; -0.739 ; DES_CONTROL:control_unit|Pre_state[0] ; L[24]                               ; DES_CONTROL:control_unit|Pre_state[0] ; Clk         ; 0.000        ; 1.667      ; 1.221      ;
; -0.739 ; DES_CONTROL:control_unit|Pre_state[0] ; L[12]                               ; DES_CONTROL:control_unit|Pre_state[0] ; Clk         ; 0.000        ; 1.667      ; 1.221      ;
; -0.739 ; DES_CONTROL:control_unit|Pre_state[0] ; L[14]                               ; DES_CONTROL:control_unit|Pre_state[0] ; Clk         ; 0.000        ; 1.667      ; 1.221      ;
; -0.729 ; DES_CONTROL:control_unit|Pre_state[0] ; DES_CONTROL:control_unit|Counter[0] ; DES_CONTROL:control_unit|Pre_state[0] ; Clk         ; -0.500       ; 1.665      ; 0.729      ;
; -0.714 ; DES_CONTROL:control_unit|Pre_state[0] ; D[3]                                ; DES_CONTROL:control_unit|Pre_state[0] ; Clk         ; 0.000        ; 1.659      ; 1.238      ;
; -0.708 ; DES_CONTROL:control_unit|Pre_state[0] ; C[23]                               ; DES_CONTROL:control_unit|Pre_state[0] ; Clk         ; 0.000        ; 1.668      ; 1.253      ;
; -0.681 ; DES_CONTROL:control_unit|Pre_state[0] ; C[6]                                ; DES_CONTROL:control_unit|Pre_state[0] ; Clk         ; 0.000        ; 1.671      ; 1.283      ;
; -0.669 ; DES_CONTROL:control_unit|Pre_state[0] ; C[16]                               ; DES_CONTROL:control_unit|Pre_state[0] ; Clk         ; 0.000        ; 1.664      ; 1.288      ;
; -0.668 ; DES_CONTROL:control_unit|Pre_state[0] ; D[26]                               ; DES_CONTROL:control_unit|Pre_state[0] ; Clk         ; 0.000        ; 1.664      ; 1.289      ;
; -0.640 ; DES_CONTROL:control_unit|Pre_state[0] ; C[12]                               ; DES_CONTROL:control_unit|Pre_state[0] ; Clk         ; 0.000        ; 1.670      ; 1.323      ;
; -0.619 ; DES_CONTROL:control_unit|Pre_state[0] ; C[24]                               ; DES_CONTROL:control_unit|Pre_state[0] ; Clk         ; 0.000        ; 1.665      ; 1.339      ;
; -0.618 ; DES_CONTROL:control_unit|Pre_state[0] ; D[17]                               ; DES_CONTROL:control_unit|Pre_state[0] ; Clk         ; 0.000        ; 1.658      ; 1.333      ;
; -0.607 ; DES_CONTROL:control_unit|Pre_state[0] ; C[7]                                ; DES_CONTROL:control_unit|Pre_state[0] ; Clk         ; 0.000        ; 1.665      ; 1.351      ;
; -0.566 ; DES_CONTROL:control_unit|Pre_state[0] ; C[18]                               ; DES_CONTROL:control_unit|Pre_state[0] ; Clk         ; 0.000        ; 1.668      ; 1.395      ;
; -0.565 ; DES_CONTROL:control_unit|Pre_state[0] ; C[10]                               ; DES_CONTROL:control_unit|Pre_state[0] ; Clk         ; -0.500       ; 1.665      ; 0.893      ;
; -0.561 ; DES_CONTROL:control_unit|Pre_state[0] ; D[7]                                ; DES_CONTROL:control_unit|Pre_state[0] ; Clk         ; 0.000        ; 1.670      ; 1.402      ;
; -0.560 ; DES_CONTROL:control_unit|Pre_state[0] ; D[24]                               ; DES_CONTROL:control_unit|Pre_state[0] ; Clk         ; 0.000        ; 1.664      ; 1.397      ;
; -0.556 ; DES_CONTROL:control_unit|Pre_state[0] ; C[3]                                ; DES_CONTROL:control_unit|Pre_state[0] ; Clk         ; 0.000        ; 1.671      ; 1.408      ;
; -0.547 ; DES_CONTROL:control_unit|Pre_state[0] ; D[12]                               ; DES_CONTROL:control_unit|Pre_state[0] ; Clk         ; 0.000        ; 1.659      ; 1.405      ;
; -0.542 ; DES_CONTROL:control_unit|Pre_state[0] ; D[19]                               ; DES_CONTROL:control_unit|Pre_state[0] ; Clk         ; 0.000        ; 1.657      ; 1.408      ;
; -0.539 ; DES_CONTROL:control_unit|Pre_state[0] ; D[5]                                ; DES_CONTROL:control_unit|Pre_state[0] ; Clk         ; 0.000        ; 1.668      ; 1.422      ;
; -0.537 ; DES_CONTROL:control_unit|Pre_state[0] ; L[18]                               ; DES_CONTROL:control_unit|Pre_state[0] ; Clk         ; 0.000        ; 1.665      ; 1.421      ;
; -0.537 ; DES_CONTROL:control_unit|Pre_state[0] ; R[18]                               ; DES_CONTROL:control_unit|Pre_state[0] ; Clk         ; 0.000        ; 1.665      ; 1.421      ;
; -0.537 ; DES_CONTROL:control_unit|Pre_state[0] ; L[7]                                ; DES_CONTROL:control_unit|Pre_state[0] ; Clk         ; 0.000        ; 1.665      ; 1.421      ;
; -0.537 ; DES_CONTROL:control_unit|Pre_state[0] ; R[7]                                ; DES_CONTROL:control_unit|Pre_state[0] ; Clk         ; 0.000        ; 1.665      ; 1.421      ;
; -0.530 ; DES_CONTROL:control_unit|Pre_state[0] ; D[9]                                ; DES_CONTROL:control_unit|Pre_state[0] ; Clk         ; 0.000        ; 1.670      ; 1.433      ;
; -0.528 ; DES_CONTROL:control_unit|Pre_state[0] ; D[0]                                ; DES_CONTROL:control_unit|Pre_state[0] ; Clk         ; 0.000        ; 1.659      ; 1.424      ;
; -0.528 ; DES_CONTROL:control_unit|Pre_state[0] ; R[14]                               ; DES_CONTROL:control_unit|Pre_state[0] ; Clk         ; 0.000        ; 1.671      ; 1.436      ;
; -0.516 ; DES_CONTROL:control_unit|Pre_state[0] ; L[26]                               ; DES_CONTROL:control_unit|Pre_state[0] ; Clk         ; 0.000        ; 1.671      ; 1.448      ;
; -0.516 ; DES_CONTROL:control_unit|Pre_state[0] ; R[26]                               ; DES_CONTROL:control_unit|Pre_state[0] ; Clk         ; 0.000        ; 1.671      ; 1.448      ;
; -0.514 ; DES_CONTROL:control_unit|Pre_state[0] ; L[19]                               ; DES_CONTROL:control_unit|Pre_state[0] ; Clk         ; 0.000        ; 1.670      ; 1.449      ;
; -0.514 ; DES_CONTROL:control_unit|Pre_state[0] ; R[19]                               ; DES_CONTROL:control_unit|Pre_state[0] ; Clk         ; 0.000        ; 1.670      ; 1.449      ;
; -0.513 ; DES_CONTROL:control_unit|Pre_state[0] ; C[9]                                ; DES_CONTROL:control_unit|Pre_state[0] ; Clk         ; -0.500       ; 1.665      ; 0.945      ;
; -0.510 ; DES_CONTROL:control_unit|Pre_state[0] ; R[24]                               ; DES_CONTROL:control_unit|Pre_state[0] ; Clk         ; 0.000        ; 1.665      ; 1.448      ;
; -0.510 ; DES_CONTROL:control_unit|Pre_state[0] ; R[29]                               ; DES_CONTROL:control_unit|Pre_state[0] ; Clk         ; 0.000        ; 1.665      ; 1.448      ;
; -0.508 ; DES_CONTROL:control_unit|Pre_state[0] ; C[11]                               ; DES_CONTROL:control_unit|Pre_state[0] ; Clk         ; 0.000        ; 1.670      ; 1.455      ;
; -0.504 ; DES_CONTROL:control_unit|Pre_state[0] ; D[14]                               ; DES_CONTROL:control_unit|Pre_state[0] ; Clk         ; 0.000        ; 1.664      ; 1.453      ;
; -0.504 ; DES_CONTROL:control_unit|Pre_state[0] ; L[5]                                ; DES_CONTROL:control_unit|Pre_state[0] ; Clk         ; 0.000        ; 1.664      ; 1.453      ;
; -0.504 ; DES_CONTROL:control_unit|Pre_state[0] ; L[28]                               ; DES_CONTROL:control_unit|Pre_state[0] ; Clk         ; 0.000        ; 1.664      ; 1.453      ;
; -0.495 ; DES_CONTROL:control_unit|Pre_state[0] ; C[26]                               ; DES_CONTROL:control_unit|Pre_state[0] ; Clk         ; -0.500       ; 1.665      ; 0.963      ;
; -0.489 ; DES_CONTROL:control_unit|Pre_state[0] ; R[10]                               ; DES_CONTROL:control_unit|Pre_state[0] ; Clk         ; 0.000        ; 1.663      ; 1.467      ;
; -0.489 ; DES_CONTROL:control_unit|Pre_state[0] ; L[20]                               ; DES_CONTROL:control_unit|Pre_state[0] ; Clk         ; 0.000        ; 1.663      ; 1.467      ;
; -0.489 ; DES_CONTROL:control_unit|Pre_state[0] ; R[20]                               ; DES_CONTROL:control_unit|Pre_state[0] ; Clk         ; 0.000        ; 1.663      ; 1.467      ;
; -0.479 ; DES_CONTROL:control_unit|Pre_state[0] ; L[25]                               ; DES_CONTROL:control_unit|Pre_state[0] ; Clk         ; 0.000        ; 1.660      ; 1.474      ;
; -0.479 ; DES_CONTROL:control_unit|Pre_state[0] ; R[25]                               ; DES_CONTROL:control_unit|Pre_state[0] ; Clk         ; 0.000        ; 1.660      ; 1.474      ;
; -0.479 ; DES_CONTROL:control_unit|Pre_state[0] ; L[0]                                ; DES_CONTROL:control_unit|Pre_state[0] ; Clk         ; 0.000        ; 1.660      ; 1.474      ;
; -0.479 ; DES_CONTROL:control_unit|Pre_state[0] ; R[0]                                ; DES_CONTROL:control_unit|Pre_state[0] ; Clk         ; 0.000        ; 1.660      ; 1.474      ;
; -0.473 ; DES_CONTROL:control_unit|Pre_state[0] ; D[6]                                ; DES_CONTROL:control_unit|Pre_state[0] ; Clk         ; -0.500       ; 1.668      ; 0.988      ;
; -0.470 ; DES_CONTROL:control_unit|Pre_state[0] ; D[15]                               ; DES_CONTROL:control_unit|Pre_state[0] ; Clk         ; -0.500       ; 1.669      ; 0.992      ;
; -0.466 ; DES_CONTROL:control_unit|Pre_state[0] ; D[23]                               ; DES_CONTROL:control_unit|Pre_state[0] ; Clk         ; 0.000        ; 1.659      ; 1.486      ;
; -0.459 ; DES_CONTROL:control_unit|Pre_state[0] ; DES_CONTROL:control_unit|Counter[2] ; DES_CONTROL:control_unit|Pre_state[0] ; Clk         ; -0.500       ; 1.665      ; 0.999      ;
; -0.447 ; DES_CONTROL:control_unit|Pre_state[0] ; C[2]                                ; DES_CONTROL:control_unit|Pre_state[0] ; Clk         ; 0.000        ; 1.665      ; 1.511      ;
; -0.441 ; DES_CONTROL:control_unit|Pre_state[0] ; C[19]                               ; DES_CONTROL:control_unit|Pre_state[0] ; Clk         ; -0.500       ; 1.664      ; 1.016      ;
; -0.439 ; DES_CONTROL:control_unit|Pre_state[0] ; D[2]                                ; DES_CONTROL:control_unit|Pre_state[0] ; Clk         ; -0.500       ; 1.664      ; 1.018      ;
; -0.430 ; DES_CONTROL:control_unit|Pre_state[0] ; C[27]                               ; DES_CONTROL:control_unit|Pre_state[0] ; Clk         ; -0.500       ; 1.665      ; 1.028      ;
; -0.422 ; DES_CONTROL:control_unit|Pre_state[0] ; D[21]                               ; DES_CONTROL:control_unit|Pre_state[0] ; Clk         ; -0.500       ; 1.657      ; 1.028      ;
; -0.420 ; DES_CONTROL:control_unit|Pre_state[0] ; D[1]                                ; DES_CONTROL:control_unit|Pre_state[0] ; Clk         ; -0.500       ; 1.659      ; 1.032      ;
; -0.419 ; DES_CONTROL:control_unit|Pre_state[0] ; L[30]                               ; DES_CONTROL:control_unit|Pre_state[0] ; Clk         ; 0.000        ; 1.671      ; 1.545      ;
; -0.419 ; DES_CONTROL:control_unit|Pre_state[0] ; R[30]                               ; DES_CONTROL:control_unit|Pre_state[0] ; Clk         ; 0.000        ; 1.671      ; 1.545      ;
; -0.419 ; DES_CONTROL:control_unit|Pre_state[0] ; L[23]                               ; DES_CONTROL:control_unit|Pre_state[0] ; Clk         ; 0.000        ; 1.671      ; 1.545      ;
+--------+---------------------------------------+-------------------------------------+---------------------------------------+-------------+--------------+------------+------------+


+------------------------------------------------------------------------------------------------------------------------+
; Fast Model Minimum Pulse Width: 'Clk'                                                                                  ;
+--------+--------------+----------------+------------------+-------+------------+---------------------------------------+
; Slack  ; Actual Width ; Required Width ; Type             ; Clock ; Clock Edge ; Target                                ;
+--------+--------------+----------------+------------------+-------+------------+---------------------------------------+
; -1.380 ; 1.000        ; 2.380          ; Port Rate        ; Clk   ; Rise       ; Clk                                   ;
; -0.500 ; 0.500        ; 1.000          ; High Pulse Width ; Clk   ; Rise       ; C[0]                                  ;
; -0.500 ; 0.500        ; 1.000          ; Low Pulse Width  ; Clk   ; Rise       ; C[0]                                  ;
; -0.500 ; 0.500        ; 1.000          ; High Pulse Width ; Clk   ; Rise       ; C[10]                                 ;
; -0.500 ; 0.500        ; 1.000          ; Low Pulse Width  ; Clk   ; Rise       ; C[10]                                 ;
; -0.500 ; 0.500        ; 1.000          ; High Pulse Width ; Clk   ; Rise       ; C[11]                                 ;
; -0.500 ; 0.500        ; 1.000          ; Low Pulse Width  ; Clk   ; Rise       ; C[11]                                 ;
; -0.500 ; 0.500        ; 1.000          ; High Pulse Width ; Clk   ; Rise       ; C[12]                                 ;
; -0.500 ; 0.500        ; 1.000          ; Low Pulse Width  ; Clk   ; Rise       ; C[12]                                 ;
; -0.500 ; 0.500        ; 1.000          ; High Pulse Width ; Clk   ; Rise       ; C[13]                                 ;
; -0.500 ; 0.500        ; 1.000          ; Low Pulse Width  ; Clk   ; Rise       ; C[13]                                 ;
; -0.500 ; 0.500        ; 1.000          ; High Pulse Width ; Clk   ; Rise       ; C[14]                                 ;
; -0.500 ; 0.500        ; 1.000          ; Low Pulse Width  ; Clk   ; Rise       ; C[14]                                 ;
; -0.500 ; 0.500        ; 1.000          ; High Pulse Width ; Clk   ; Rise       ; C[15]                                 ;
; -0.500 ; 0.500        ; 1.000          ; Low Pulse Width  ; Clk   ; Rise       ; C[15]                                 ;
; -0.500 ; 0.500        ; 1.000          ; High Pulse Width ; Clk   ; Rise       ; C[16]                                 ;
; -0.500 ; 0.500        ; 1.000          ; Low Pulse Width  ; Clk   ; Rise       ; C[16]                                 ;
; -0.500 ; 0.500        ; 1.000          ; High Pulse Width ; Clk   ; Rise       ; C[17]                                 ;
; -0.500 ; 0.500        ; 1.000          ; Low Pulse Width  ; Clk   ; Rise       ; C[17]                                 ;
; -0.500 ; 0.500        ; 1.000          ; High Pulse Width ; Clk   ; Rise       ; C[18]                                 ;
; -0.500 ; 0.500        ; 1.000          ; Low Pulse Width  ; Clk   ; Rise       ; C[18]                                 ;
; -0.500 ; 0.500        ; 1.000          ; High Pulse Width ; Clk   ; Rise       ; C[19]                                 ;
; -0.500 ; 0.500        ; 1.000          ; Low Pulse Width  ; Clk   ; Rise       ; C[19]                                 ;
; -0.500 ; 0.500        ; 1.000          ; High Pulse Width ; Clk   ; Rise       ; C[1]                                  ;
; -0.500 ; 0.500        ; 1.000          ; Low Pulse Width  ; Clk   ; Rise       ; C[1]                                  ;
; -0.500 ; 0.500        ; 1.000          ; High Pulse Width ; Clk   ; Rise       ; C[20]                                 ;
; -0.500 ; 0.500        ; 1.000          ; Low Pulse Width  ; Clk   ; Rise       ; C[20]                                 ;
; -0.500 ; 0.500        ; 1.000          ; High Pulse Width ; Clk   ; Rise       ; C[21]                                 ;
; -0.500 ; 0.500        ; 1.000          ; Low Pulse Width  ; Clk   ; Rise       ; C[21]                                 ;
; -0.500 ; 0.500        ; 1.000          ; High Pulse Width ; Clk   ; Rise       ; C[22]                                 ;
; -0.500 ; 0.500        ; 1.000          ; Low Pulse Width  ; Clk   ; Rise       ; C[22]                                 ;
; -0.500 ; 0.500        ; 1.000          ; High Pulse Width ; Clk   ; Rise       ; C[23]                                 ;
; -0.500 ; 0.500        ; 1.000          ; Low Pulse Width  ; Clk   ; Rise       ; C[23]                                 ;
; -0.500 ; 0.500        ; 1.000          ; High Pulse Width ; Clk   ; Rise       ; C[24]                                 ;
; -0.500 ; 0.500        ; 1.000          ; Low Pulse Width  ; Clk   ; Rise       ; C[24]                                 ;
; -0.500 ; 0.500        ; 1.000          ; High Pulse Width ; Clk   ; Rise       ; C[25]                                 ;
; -0.500 ; 0.500        ; 1.000          ; Low Pulse Width  ; Clk   ; Rise       ; C[25]                                 ;
; -0.500 ; 0.500        ; 1.000          ; High Pulse Width ; Clk   ; Rise       ; C[26]                                 ;
; -0.500 ; 0.500        ; 1.000          ; Low Pulse Width  ; Clk   ; Rise       ; C[26]                                 ;
; -0.500 ; 0.500        ; 1.000          ; High Pulse Width ; Clk   ; Rise       ; C[27]                                 ;
; -0.500 ; 0.500        ; 1.000          ; Low Pulse Width  ; Clk   ; Rise       ; C[27]                                 ;
; -0.500 ; 0.500        ; 1.000          ; High Pulse Width ; Clk   ; Rise       ; C[2]                                  ;
; -0.500 ; 0.500        ; 1.000          ; Low Pulse Width  ; Clk   ; Rise       ; C[2]                                  ;
; -0.500 ; 0.500        ; 1.000          ; High Pulse Width ; Clk   ; Rise       ; C[3]                                  ;
; -0.500 ; 0.500        ; 1.000          ; Low Pulse Width  ; Clk   ; Rise       ; C[3]                                  ;
; -0.500 ; 0.500        ; 1.000          ; High Pulse Width ; Clk   ; Rise       ; C[4]                                  ;
; -0.500 ; 0.500        ; 1.000          ; Low Pulse Width  ; Clk   ; Rise       ; C[4]                                  ;
; -0.500 ; 0.500        ; 1.000          ; High Pulse Width ; Clk   ; Rise       ; C[5]                                  ;
; -0.500 ; 0.500        ; 1.000          ; Low Pulse Width  ; Clk   ; Rise       ; C[5]                                  ;
; -0.500 ; 0.500        ; 1.000          ; High Pulse Width ; Clk   ; Rise       ; C[6]                                  ;
; -0.500 ; 0.500        ; 1.000          ; Low Pulse Width  ; Clk   ; Rise       ; C[6]                                  ;
; -0.500 ; 0.500        ; 1.000          ; High Pulse Width ; Clk   ; Rise       ; C[7]                                  ;
; -0.500 ; 0.500        ; 1.000          ; Low Pulse Width  ; Clk   ; Rise       ; C[7]                                  ;
; -0.500 ; 0.500        ; 1.000          ; High Pulse Width ; Clk   ; Rise       ; C[8]                                  ;
; -0.500 ; 0.500        ; 1.000          ; Low Pulse Width  ; Clk   ; Rise       ; C[8]                                  ;
; -0.500 ; 0.500        ; 1.000          ; High Pulse Width ; Clk   ; Rise       ; C[9]                                  ;
; -0.500 ; 0.500        ; 1.000          ; Low Pulse Width  ; Clk   ; Rise       ; C[9]                                  ;
; -0.500 ; 0.500        ; 1.000          ; High Pulse Width ; Clk   ; Rise       ; DES_CONTROL:control_unit|Counter[0]   ;
; -0.500 ; 0.500        ; 1.000          ; Low Pulse Width  ; Clk   ; Rise       ; DES_CONTROL:control_unit|Counter[0]   ;
; -0.500 ; 0.500        ; 1.000          ; High Pulse Width ; Clk   ; Rise       ; DES_CONTROL:control_unit|Counter[1]   ;
; -0.500 ; 0.500        ; 1.000          ; Low Pulse Width  ; Clk   ; Rise       ; DES_CONTROL:control_unit|Counter[1]   ;
; -0.500 ; 0.500        ; 1.000          ; High Pulse Width ; Clk   ; Rise       ; DES_CONTROL:control_unit|Counter[2]   ;
; -0.500 ; 0.500        ; 1.000          ; Low Pulse Width  ; Clk   ; Rise       ; DES_CONTROL:control_unit|Counter[2]   ;
; -0.500 ; 0.500        ; 1.000          ; High Pulse Width ; Clk   ; Rise       ; DES_CONTROL:control_unit|Counter[3]   ;
; -0.500 ; 0.500        ; 1.000          ; Low Pulse Width  ; Clk   ; Rise       ; DES_CONTROL:control_unit|Counter[3]   ;
; -0.500 ; 0.500        ; 1.000          ; High Pulse Width ; Clk   ; Rise       ; DES_CONTROL:control_unit|Pre_state[0] ;
; -0.500 ; 0.500        ; 1.000          ; Low Pulse Width  ; Clk   ; Rise       ; DES_CONTROL:control_unit|Pre_state[0] ;
; -0.500 ; 0.500        ; 1.000          ; High Pulse Width ; Clk   ; Rise       ; DES_CONTROL:control_unit|Pre_state[1] ;
; -0.500 ; 0.500        ; 1.000          ; Low Pulse Width  ; Clk   ; Rise       ; DES_CONTROL:control_unit|Pre_state[1] ;
; -0.500 ; 0.500        ; 1.000          ; High Pulse Width ; Clk   ; Rise       ; D[0]                                  ;
; -0.500 ; 0.500        ; 1.000          ; Low Pulse Width  ; Clk   ; Rise       ; D[0]                                  ;
; -0.500 ; 0.500        ; 1.000          ; High Pulse Width ; Clk   ; Rise       ; D[10]                                 ;
; -0.500 ; 0.500        ; 1.000          ; Low Pulse Width  ; Clk   ; Rise       ; D[10]                                 ;
; -0.500 ; 0.500        ; 1.000          ; High Pulse Width ; Clk   ; Rise       ; D[11]                                 ;
; -0.500 ; 0.500        ; 1.000          ; Low Pulse Width  ; Clk   ; Rise       ; D[11]                                 ;
; -0.500 ; 0.500        ; 1.000          ; High Pulse Width ; Clk   ; Rise       ; D[12]                                 ;
; -0.500 ; 0.500        ; 1.000          ; Low Pulse Width  ; Clk   ; Rise       ; D[12]                                 ;
; -0.500 ; 0.500        ; 1.000          ; High Pulse Width ; Clk   ; Rise       ; D[13]                                 ;
; -0.500 ; 0.500        ; 1.000          ; Low Pulse Width  ; Clk   ; Rise       ; D[13]                                 ;
; -0.500 ; 0.500        ; 1.000          ; High Pulse Width ; Clk   ; Rise       ; D[14]                                 ;
; -0.500 ; 0.500        ; 1.000          ; Low Pulse Width  ; Clk   ; Rise       ; D[14]                                 ;
; -0.500 ; 0.500        ; 1.000          ; High Pulse Width ; Clk   ; Rise       ; D[15]                                 ;
; -0.500 ; 0.500        ; 1.000          ; Low Pulse Width  ; Clk   ; Rise       ; D[15]                                 ;
; -0.500 ; 0.500        ; 1.000          ; High Pulse Width ; Clk   ; Rise       ; D[16]                                 ;
; -0.500 ; 0.500        ; 1.000          ; Low Pulse Width  ; Clk   ; Rise       ; D[16]                                 ;
; -0.500 ; 0.500        ; 1.000          ; High Pulse Width ; Clk   ; Rise       ; D[17]                                 ;
; -0.500 ; 0.500        ; 1.000          ; Low Pulse Width  ; Clk   ; Rise       ; D[17]                                 ;
; -0.500 ; 0.500        ; 1.000          ; High Pulse Width ; Clk   ; Rise       ; D[18]                                 ;
; -0.500 ; 0.500        ; 1.000          ; Low Pulse Width  ; Clk   ; Rise       ; D[18]                                 ;
; -0.500 ; 0.500        ; 1.000          ; High Pulse Width ; Clk   ; Rise       ; D[19]                                 ;
; -0.500 ; 0.500        ; 1.000          ; Low Pulse Width  ; Clk   ; Rise       ; D[19]                                 ;
; -0.500 ; 0.500        ; 1.000          ; High Pulse Width ; Clk   ; Rise       ; D[1]                                  ;
; -0.500 ; 0.500        ; 1.000          ; Low Pulse Width  ; Clk   ; Rise       ; D[1]                                  ;
; -0.500 ; 0.500        ; 1.000          ; High Pulse Width ; Clk   ; Rise       ; D[20]                                 ;
; -0.500 ; 0.500        ; 1.000          ; Low Pulse Width  ; Clk   ; Rise       ; D[20]                                 ;
; -0.500 ; 0.500        ; 1.000          ; High Pulse Width ; Clk   ; Rise       ; D[21]                                 ;
; -0.500 ; 0.500        ; 1.000          ; Low Pulse Width  ; Clk   ; Rise       ; D[21]                                 ;
; -0.500 ; 0.500        ; 1.000          ; High Pulse Width ; Clk   ; Rise       ; D[22]                                 ;
; -0.500 ; 0.500        ; 1.000          ; Low Pulse Width  ; Clk   ; Rise       ; D[22]                                 ;
; -0.500 ; 0.500        ; 1.000          ; High Pulse Width ; Clk   ; Rise       ; D[23]                                 ;
+--------+--------------+----------------+------------------+-------+------------+---------------------------------------+


+--------------------------------------------------------------------------------------------------------------------------------------------------------+
; Fast Model Minimum Pulse Width: 'DES_CONTROL:control_unit|Pre_state[0]'                                                                                ;
+-------+--------------+----------------+------------------+---------------------------------------+------------+----------------------------------------+
; Slack ; Actual Width ; Required Width ; Type             ; Clock                                 ; Clock Edge ; Target                                 ;
+-------+--------------+----------------+------------------+---------------------------------------+------------+----------------------------------------+
; 0.500 ; 0.500        ; 0.000          ; High Pulse Width ; DES_CONTROL:control_unit|Pre_state[0] ; Rise       ; DES_CONTROL:control_unit|Next_state[0] ;
; 0.500 ; 0.500        ; 0.000          ; Low Pulse Width  ; DES_CONTROL:control_unit|Pre_state[0] ; Rise       ; DES_CONTROL:control_unit|Next_state[0] ;
; 0.500 ; 0.500        ; 0.000          ; High Pulse Width ; DES_CONTROL:control_unit|Pre_state[0] ; Rise       ; DES_CONTROL:control_unit|Next_state[1] ;
; 0.500 ; 0.500        ; 0.000          ; Low Pulse Width  ; DES_CONTROL:control_unit|Pre_state[0] ; Rise       ; DES_CONTROL:control_unit|Next_state[1] ;
; 0.500 ; 0.500        ; 0.000          ; High Pulse Width ; DES_CONTROL:control_unit|Pre_state[0] ; Fall       ; control_unit|Mux2~0clkctrl|inclk[0]    ;
; 0.500 ; 0.500        ; 0.000          ; Low Pulse Width  ; DES_CONTROL:control_unit|Pre_state[0] ; Fall       ; control_unit|Mux2~0clkctrl|inclk[0]    ;
; 0.500 ; 0.500        ; 0.000          ; High Pulse Width ; DES_CONTROL:control_unit|Pre_state[0] ; Fall       ; control_unit|Mux2~0clkctrl|outclk      ;
; 0.500 ; 0.500        ; 0.000          ; Low Pulse Width  ; DES_CONTROL:control_unit|Pre_state[0] ; Fall       ; control_unit|Mux2~0clkctrl|outclk      ;
; 0.500 ; 0.500        ; 0.000          ; High Pulse Width ; DES_CONTROL:control_unit|Pre_state[0] ; Fall       ; control_unit|Mux2~0|combout            ;
; 0.500 ; 0.500        ; 0.000          ; Low Pulse Width  ; DES_CONTROL:control_unit|Pre_state[0] ; Fall       ; control_unit|Mux2~0|combout            ;
; 0.500 ; 0.500        ; 0.000          ; High Pulse Width ; DES_CONTROL:control_unit|Pre_state[0] ; Rise       ; control_unit|Mux2~0|datad              ;
; 0.500 ; 0.500        ; 0.000          ; Low Pulse Width  ; DES_CONTROL:control_unit|Pre_state[0] ; Rise       ; control_unit|Mux2~0|datad              ;
; 0.500 ; 0.500        ; 0.000          ; High Pulse Width ; DES_CONTROL:control_unit|Pre_state[0] ; Fall       ; control_unit|Next_state[0]|datac       ;
; 0.500 ; 0.500        ; 0.000          ; Low Pulse Width  ; DES_CONTROL:control_unit|Pre_state[0] ; Fall       ; control_unit|Next_state[0]|datac       ;
; 0.500 ; 0.500        ; 0.000          ; High Pulse Width ; DES_CONTROL:control_unit|Pre_state[0] ; Fall       ; control_unit|Next_state[1]|datad       ;
; 0.500 ; 0.500        ; 0.000          ; Low Pulse Width  ; DES_CONTROL:control_unit|Pre_state[0] ; Fall       ; control_unit|Next_state[1]|datad       ;
; 0.500 ; 0.500        ; 0.000          ; High Pulse Width ; DES_CONTROL:control_unit|Pre_state[0] ; Rise       ; control_unit|Pre_state[0]|regout       ;
; 0.500 ; 0.500        ; 0.000          ; Low Pulse Width  ; DES_CONTROL:control_unit|Pre_state[0] ; Rise       ; control_unit|Pre_state[0]|regout       ;
+-------+--------------+----------------+------------------+---------------------------------------+------------+----------------------------------------+


+-----------------------------------------------------------------------------------------------------------------------------+
; Setup Times                                                                                                                 ;
+----------------+---------------------------------------+-------+-------+------------+---------------------------------------+
; Data Port      ; Clock Port                            ; Rise  ; Fall  ; Clock Edge ; Clock Reference                       ;
+----------------+---------------------------------------+-------+-------+------------+---------------------------------------+
; Key_in[*]      ; Clk                                   ; 2.673 ; 2.673 ; Rise       ; Clk                                   ;
;  Key_in[1]     ; Clk                                   ; 2.129 ; 2.129 ; Rise       ; Clk                                   ;
;  Key_in[2]     ; Clk                                   ; 2.009 ; 2.009 ; Rise       ; Clk                                   ;
;  Key_in[3]     ; Clk                                   ; 2.388 ; 2.388 ; Rise       ; Clk                                   ;
;  Key_in[4]     ; Clk                                   ; 2.450 ; 2.450 ; Rise       ; Clk                                   ;
;  Key_in[5]     ; Clk                                   ; 2.422 ; 2.422 ; Rise       ; Clk                                   ;
;  Key_in[6]     ; Clk                                   ; 2.385 ; 2.385 ; Rise       ; Clk                                   ;
;  Key_in[7]     ; Clk                                   ; 2.431 ; 2.431 ; Rise       ; Clk                                   ;
;  Key_in[9]     ; Clk                                   ; 2.148 ; 2.148 ; Rise       ; Clk                                   ;
;  Key_in[10]    ; Clk                                   ; 2.422 ; 2.422 ; Rise       ; Clk                                   ;
;  Key_in[11]    ; Clk                                   ; 2.356 ; 2.356 ; Rise       ; Clk                                   ;
;  Key_in[12]    ; Clk                                   ; 2.427 ; 2.427 ; Rise       ; Clk                                   ;
;  Key_in[13]    ; Clk                                   ; 2.183 ; 2.183 ; Rise       ; Clk                                   ;
;  Key_in[14]    ; Clk                                   ; 2.332 ; 2.332 ; Rise       ; Clk                                   ;
;  Key_in[15]    ; Clk                                   ; 2.123 ; 2.123 ; Rise       ; Clk                                   ;
;  Key_in[17]    ; Clk                                   ; 2.405 ; 2.405 ; Rise       ; Clk                                   ;
;  Key_in[18]    ; Clk                                   ; 2.457 ; 2.457 ; Rise       ; Clk                                   ;
;  Key_in[19]    ; Clk                                   ; 1.814 ; 1.814 ; Rise       ; Clk                                   ;
;  Key_in[20]    ; Clk                                   ; 2.403 ; 2.403 ; Rise       ; Clk                                   ;
;  Key_in[21]    ; Clk                                   ; 2.213 ; 2.213 ; Rise       ; Clk                                   ;
;  Key_in[22]    ; Clk                                   ; 2.200 ; 2.200 ; Rise       ; Clk                                   ;
;  Key_in[23]    ; Clk                                   ; 2.131 ; 2.131 ; Rise       ; Clk                                   ;
;  Key_in[25]    ; Clk                                   ; 2.340 ; 2.340 ; Rise       ; Clk                                   ;
;  Key_in[26]    ; Clk                                   ; 2.262 ; 2.262 ; Rise       ; Clk                                   ;
;  Key_in[27]    ; Clk                                   ; 1.822 ; 1.822 ; Rise       ; Clk                                   ;
;  Key_in[28]    ; Clk                                   ; 2.316 ; 2.316 ; Rise       ; Clk                                   ;
;  Key_in[29]    ; Clk                                   ; 2.239 ; 2.239 ; Rise       ; Clk                                   ;
;  Key_in[30]    ; Clk                                   ; 2.401 ; 2.401 ; Rise       ; Clk                                   ;
;  Key_in[31]    ; Clk                                   ; 2.032 ; 2.032 ; Rise       ; Clk                                   ;
;  Key_in[33]    ; Clk                                   ; 2.308 ; 2.308 ; Rise       ; Clk                                   ;
;  Key_in[34]    ; Clk                                   ; 2.017 ; 2.017 ; Rise       ; Clk                                   ;
;  Key_in[35]    ; Clk                                   ; 2.291 ; 2.291 ; Rise       ; Clk                                   ;
;  Key_in[36]    ; Clk                                   ; 2.353 ; 2.353 ; Rise       ; Clk                                   ;
;  Key_in[37]    ; Clk                                   ; 2.144 ; 2.144 ; Rise       ; Clk                                   ;
;  Key_in[38]    ; Clk                                   ; 2.227 ; 2.227 ; Rise       ; Clk                                   ;
;  Key_in[39]    ; Clk                                   ; 2.193 ; 2.193 ; Rise       ; Clk                                   ;
;  Key_in[41]    ; Clk                                   ; 2.225 ; 2.225 ; Rise       ; Clk                                   ;
;  Key_in[42]    ; Clk                                   ; 2.205 ; 2.205 ; Rise       ; Clk                                   ;
;  Key_in[43]    ; Clk                                   ; 2.401 ; 2.401 ; Rise       ; Clk                                   ;
;  Key_in[44]    ; Clk                                   ; 2.634 ; 2.634 ; Rise       ; Clk                                   ;
;  Key_in[45]    ; Clk                                   ; 2.412 ; 2.412 ; Rise       ; Clk                                   ;
;  Key_in[46]    ; Clk                                   ; 2.342 ; 2.342 ; Rise       ; Clk                                   ;
;  Key_in[47]    ; Clk                                   ; 2.095 ; 2.095 ; Rise       ; Clk                                   ;
;  Key_in[49]    ; Clk                                   ; 2.265 ; 2.265 ; Rise       ; Clk                                   ;
;  Key_in[50]    ; Clk                                   ; 2.092 ; 2.092 ; Rise       ; Clk                                   ;
;  Key_in[51]    ; Clk                                   ; 2.498 ; 2.498 ; Rise       ; Clk                                   ;
;  Key_in[52]    ; Clk                                   ; 2.434 ; 2.434 ; Rise       ; Clk                                   ;
;  Key_in[53]    ; Clk                                   ; 1.969 ; 1.969 ; Rise       ; Clk                                   ;
;  Key_in[54]    ; Clk                                   ; 2.288 ; 2.288 ; Rise       ; Clk                                   ;
;  Key_in[55]    ; Clk                                   ; 2.594 ; 2.594 ; Rise       ; Clk                                   ;
;  Key_in[57]    ; Clk                                   ; 2.116 ; 2.116 ; Rise       ; Clk                                   ;
;  Key_in[58]    ; Clk                                   ; 2.368 ; 2.368 ; Rise       ; Clk                                   ;
;  Key_in[59]    ; Clk                                   ; 2.210 ; 2.210 ; Rise       ; Clk                                   ;
;  Key_in[60]    ; Clk                                   ; 2.127 ; 2.127 ; Rise       ; Clk                                   ;
;  Key_in[61]    ; Clk                                   ; 2.673 ; 2.673 ; Rise       ; Clk                                   ;
;  Key_in[62]    ; Clk                                   ; 2.026 ; 2.026 ; Rise       ; Clk                                   ;
;  Key_in[63]    ; Clk                                   ; 2.385 ; 2.385 ; Rise       ; Clk                                   ;
; Plaintext[*]   ; Clk                                   ; 2.525 ; 2.525 ; Rise       ; Clk                                   ;
;  Plaintext[0]  ; Clk                                   ; 1.973 ; 1.973 ; Rise       ; Clk                                   ;
;  Plaintext[1]  ; Clk                                   ; 2.274 ; 2.274 ; Rise       ; Clk                                   ;
;  Plaintext[2]  ; Clk                                   ; 2.200 ; 2.200 ; Rise       ; Clk                                   ;
;  Plaintext[3]  ; Clk                                   ; 1.994 ; 1.994 ; Rise       ; Clk                                   ;
;  Plaintext[4]  ; Clk                                   ; 2.258 ; 2.258 ; Rise       ; Clk                                   ;
;  Plaintext[5]  ; Clk                                   ; 2.194 ; 2.194 ; Rise       ; Clk                                   ;
;  Plaintext[6]  ; Clk                                   ; 2.444 ; 2.444 ; Rise       ; Clk                                   ;
;  Plaintext[7]  ; Clk                                   ; 1.905 ; 1.905 ; Rise       ; Clk                                   ;
;  Plaintext[8]  ; Clk                                   ; 2.525 ; 2.525 ; Rise       ; Clk                                   ;
;  Plaintext[9]  ; Clk                                   ; 2.205 ; 2.205 ; Rise       ; Clk                                   ;
;  Plaintext[10] ; Clk                                   ; 2.171 ; 2.171 ; Rise       ; Clk                                   ;
;  Plaintext[11] ; Clk                                   ; 2.340 ; 2.340 ; Rise       ; Clk                                   ;
;  Plaintext[12] ; Clk                                   ; 1.905 ; 1.905 ; Rise       ; Clk                                   ;
;  Plaintext[13] ; Clk                                   ; 2.316 ; 2.316 ; Rise       ; Clk                                   ;
;  Plaintext[14] ; Clk                                   ; 2.332 ; 2.332 ; Rise       ; Clk                                   ;
;  Plaintext[15] ; Clk                                   ; 2.309 ; 2.309 ; Rise       ; Clk                                   ;
;  Plaintext[16] ; Clk                                   ; 1.961 ; 1.961 ; Rise       ; Clk                                   ;
;  Plaintext[17] ; Clk                                   ; 2.203 ; 2.203 ; Rise       ; Clk                                   ;
;  Plaintext[18] ; Clk                                   ; 2.512 ; 2.512 ; Rise       ; Clk                                   ;
;  Plaintext[19] ; Clk                                   ; 2.234 ; 2.234 ; Rise       ; Clk                                   ;
;  Plaintext[20] ; Clk                                   ; 1.800 ; 1.800 ; Rise       ; Clk                                   ;
;  Plaintext[21] ; Clk                                   ; 2.007 ; 2.007 ; Rise       ; Clk                                   ;
;  Plaintext[22] ; Clk                                   ; 2.343 ; 2.343 ; Rise       ; Clk                                   ;
;  Plaintext[23] ; Clk                                   ; 2.008 ; 2.008 ; Rise       ; Clk                                   ;
;  Plaintext[24] ; Clk                                   ; 2.244 ; 2.244 ; Rise       ; Clk                                   ;
;  Plaintext[25] ; Clk                                   ; 2.513 ; 2.513 ; Rise       ; Clk                                   ;
;  Plaintext[26] ; Clk                                   ; 2.216 ; 2.216 ; Rise       ; Clk                                   ;
;  Plaintext[27] ; Clk                                   ; 2.266 ; 2.266 ; Rise       ; Clk                                   ;
;  Plaintext[28] ; Clk                                   ; 2.248 ; 2.248 ; Rise       ; Clk                                   ;
;  Plaintext[29] ; Clk                                   ; 2.153 ; 2.153 ; Rise       ; Clk                                   ;
;  Plaintext[30] ; Clk                                   ; 2.339 ; 2.339 ; Rise       ; Clk                                   ;
;  Plaintext[31] ; Clk                                   ; 2.378 ; 2.378 ; Rise       ; Clk                                   ;
;  Plaintext[32] ; Clk                                   ; 1.921 ; 1.921 ; Rise       ; Clk                                   ;
;  Plaintext[33] ; Clk                                   ; 2.222 ; 2.222 ; Rise       ; Clk                                   ;
;  Plaintext[34] ; Clk                                   ; 2.296 ; 2.296 ; Rise       ; Clk                                   ;
;  Plaintext[35] ; Clk                                   ; 2.238 ; 2.238 ; Rise       ; Clk                                   ;
;  Plaintext[36] ; Clk                                   ; 2.294 ; 2.294 ; Rise       ; Clk                                   ;
;  Plaintext[37] ; Clk                                   ; 2.352 ; 2.352 ; Rise       ; Clk                                   ;
;  Plaintext[38] ; Clk                                   ; 2.254 ; 2.254 ; Rise       ; Clk                                   ;
;  Plaintext[39] ; Clk                                   ; 2.134 ; 2.134 ; Rise       ; Clk                                   ;
;  Plaintext[40] ; Clk                                   ; 1.814 ; 1.814 ; Rise       ; Clk                                   ;
;  Plaintext[41] ; Clk                                   ; 2.194 ; 2.194 ; Rise       ; Clk                                   ;
;  Plaintext[42] ; Clk                                   ; 2.352 ; 2.352 ; Rise       ; Clk                                   ;
;  Plaintext[43] ; Clk                                   ; 2.469 ; 2.469 ; Rise       ; Clk                                   ;
;  Plaintext[44] ; Clk                                   ; 1.820 ; 1.820 ; Rise       ; Clk                                   ;
;  Plaintext[45] ; Clk                                   ; 1.997 ; 1.997 ; Rise       ; Clk                                   ;
;  Plaintext[46] ; Clk                                   ; 2.362 ; 2.362 ; Rise       ; Clk                                   ;
;  Plaintext[47] ; Clk                                   ; 2.101 ; 2.101 ; Rise       ; Clk                                   ;
;  Plaintext[48] ; Clk                                   ; 2.317 ; 2.317 ; Rise       ; Clk                                   ;
;  Plaintext[49] ; Clk                                   ; 2.274 ; 2.274 ; Rise       ; Clk                                   ;
;  Plaintext[50] ; Clk                                   ; 2.468 ; 2.468 ; Rise       ; Clk                                   ;
;  Plaintext[51] ; Clk                                   ; 1.780 ; 1.780 ; Rise       ; Clk                                   ;
;  Plaintext[52] ; Clk                                   ; 1.997 ; 1.997 ; Rise       ; Clk                                   ;
;  Plaintext[53] ; Clk                                   ; 2.099 ; 2.099 ; Rise       ; Clk                                   ;
;  Plaintext[54] ; Clk                                   ; 2.410 ; 2.410 ; Rise       ; Clk                                   ;
;  Plaintext[55] ; Clk                                   ; 2.337 ; 2.337 ; Rise       ; Clk                                   ;
;  Plaintext[56] ; Clk                                   ; 2.301 ; 2.301 ; Rise       ; Clk                                   ;
;  Plaintext[57] ; Clk                                   ; 2.396 ; 2.396 ; Rise       ; Clk                                   ;
;  Plaintext[58] ; Clk                                   ; 2.082 ; 2.082 ; Rise       ; Clk                                   ;
;  Plaintext[59] ; Clk                                   ; 2.248 ; 2.248 ; Rise       ; Clk                                   ;
;  Plaintext[60] ; Clk                                   ; 2.118 ; 2.118 ; Rise       ; Clk                                   ;
;  Plaintext[61] ; Clk                                   ; 2.234 ; 2.234 ; Rise       ; Clk                                   ;
;  Plaintext[62] ; Clk                                   ; 2.246 ; 2.246 ; Rise       ; Clk                                   ;
;  Plaintext[63] ; Clk                                   ; 2.498 ; 2.498 ; Rise       ; Clk                                   ;
; Start          ; Clk                                   ; 2.925 ; 2.925 ; Rise       ; Clk                                   ;
; Start          ; DES_CONTROL:control_unit|Pre_state[0] ; 2.565 ; 2.565 ; Rise       ; DES_CONTROL:control_unit|Pre_state[0] ;
+----------------+---------------------------------------+-------+-------+------------+---------------------------------------+


+-------------------------------------------------------------------------------------------------------------------------------+
; Hold Times                                                                                                                    ;
+----------------+---------------------------------------+--------+--------+------------+---------------------------------------+
; Data Port      ; Clock Port                            ; Rise   ; Fall   ; Clock Edge ; Clock Reference                       ;
+----------------+---------------------------------------+--------+--------+------------+---------------------------------------+
; Key_in[*]      ; Clk                                   ; -1.694 ; -1.694 ; Rise       ; Clk                                   ;
;  Key_in[1]     ; Clk                                   ; -2.009 ; -2.009 ; Rise       ; Clk                                   ;
;  Key_in[2]     ; Clk                                   ; -1.889 ; -1.889 ; Rise       ; Clk                                   ;
;  Key_in[3]     ; Clk                                   ; -2.268 ; -2.268 ; Rise       ; Clk                                   ;
;  Key_in[4]     ; Clk                                   ; -2.330 ; -2.330 ; Rise       ; Clk                                   ;
;  Key_in[5]     ; Clk                                   ; -2.302 ; -2.302 ; Rise       ; Clk                                   ;
;  Key_in[6]     ; Clk                                   ; -2.265 ; -2.265 ; Rise       ; Clk                                   ;
;  Key_in[7]     ; Clk                                   ; -2.311 ; -2.311 ; Rise       ; Clk                                   ;
;  Key_in[9]     ; Clk                                   ; -2.028 ; -2.028 ; Rise       ; Clk                                   ;
;  Key_in[10]    ; Clk                                   ; -2.302 ; -2.302 ; Rise       ; Clk                                   ;
;  Key_in[11]    ; Clk                                   ; -2.236 ; -2.236 ; Rise       ; Clk                                   ;
;  Key_in[12]    ; Clk                                   ; -2.307 ; -2.307 ; Rise       ; Clk                                   ;
;  Key_in[13]    ; Clk                                   ; -2.063 ; -2.063 ; Rise       ; Clk                                   ;
;  Key_in[14]    ; Clk                                   ; -2.212 ; -2.212 ; Rise       ; Clk                                   ;
;  Key_in[15]    ; Clk                                   ; -2.003 ; -2.003 ; Rise       ; Clk                                   ;
;  Key_in[17]    ; Clk                                   ; -2.285 ; -2.285 ; Rise       ; Clk                                   ;
;  Key_in[18]    ; Clk                                   ; -2.337 ; -2.337 ; Rise       ; Clk                                   ;
;  Key_in[19]    ; Clk                                   ; -1.694 ; -1.694 ; Rise       ; Clk                                   ;
;  Key_in[20]    ; Clk                                   ; -2.283 ; -2.283 ; Rise       ; Clk                                   ;
;  Key_in[21]    ; Clk                                   ; -2.093 ; -2.093 ; Rise       ; Clk                                   ;
;  Key_in[22]    ; Clk                                   ; -2.080 ; -2.080 ; Rise       ; Clk                                   ;
;  Key_in[23]    ; Clk                                   ; -2.011 ; -2.011 ; Rise       ; Clk                                   ;
;  Key_in[25]    ; Clk                                   ; -2.220 ; -2.220 ; Rise       ; Clk                                   ;
;  Key_in[26]    ; Clk                                   ; -2.142 ; -2.142 ; Rise       ; Clk                                   ;
;  Key_in[27]    ; Clk                                   ; -1.702 ; -1.702 ; Rise       ; Clk                                   ;
;  Key_in[28]    ; Clk                                   ; -2.196 ; -2.196 ; Rise       ; Clk                                   ;
;  Key_in[29]    ; Clk                                   ; -2.119 ; -2.119 ; Rise       ; Clk                                   ;
;  Key_in[30]    ; Clk                                   ; -2.281 ; -2.281 ; Rise       ; Clk                                   ;
;  Key_in[31]    ; Clk                                   ; -1.912 ; -1.912 ; Rise       ; Clk                                   ;
;  Key_in[33]    ; Clk                                   ; -2.188 ; -2.188 ; Rise       ; Clk                                   ;
;  Key_in[34]    ; Clk                                   ; -1.897 ; -1.897 ; Rise       ; Clk                                   ;
;  Key_in[35]    ; Clk                                   ; -2.171 ; -2.171 ; Rise       ; Clk                                   ;
;  Key_in[36]    ; Clk                                   ; -2.233 ; -2.233 ; Rise       ; Clk                                   ;
;  Key_in[37]    ; Clk                                   ; -2.024 ; -2.024 ; Rise       ; Clk                                   ;
;  Key_in[38]    ; Clk                                   ; -2.107 ; -2.107 ; Rise       ; Clk                                   ;
;  Key_in[39]    ; Clk                                   ; -2.073 ; -2.073 ; Rise       ; Clk                                   ;
;  Key_in[41]    ; Clk                                   ; -2.105 ; -2.105 ; Rise       ; Clk                                   ;
;  Key_in[42]    ; Clk                                   ; -2.085 ; -2.085 ; Rise       ; Clk                                   ;
;  Key_in[43]    ; Clk                                   ; -2.281 ; -2.281 ; Rise       ; Clk                                   ;
;  Key_in[44]    ; Clk                                   ; -2.514 ; -2.514 ; Rise       ; Clk                                   ;
;  Key_in[45]    ; Clk                                   ; -2.292 ; -2.292 ; Rise       ; Clk                                   ;
;  Key_in[46]    ; Clk                                   ; -2.222 ; -2.222 ; Rise       ; Clk                                   ;
;  Key_in[47]    ; Clk                                   ; -1.975 ; -1.975 ; Rise       ; Clk                                   ;
;  Key_in[49]    ; Clk                                   ; -2.145 ; -2.145 ; Rise       ; Clk                                   ;
;  Key_in[50]    ; Clk                                   ; -1.972 ; -1.972 ; Rise       ; Clk                                   ;
;  Key_in[51]    ; Clk                                   ; -2.378 ; -2.378 ; Rise       ; Clk                                   ;
;  Key_in[52]    ; Clk                                   ; -2.314 ; -2.314 ; Rise       ; Clk                                   ;
;  Key_in[53]    ; Clk                                   ; -1.849 ; -1.849 ; Rise       ; Clk                                   ;
;  Key_in[54]    ; Clk                                   ; -2.168 ; -2.168 ; Rise       ; Clk                                   ;
;  Key_in[55]    ; Clk                                   ; -2.474 ; -2.474 ; Rise       ; Clk                                   ;
;  Key_in[57]    ; Clk                                   ; -1.996 ; -1.996 ; Rise       ; Clk                                   ;
;  Key_in[58]    ; Clk                                   ; -2.248 ; -2.248 ; Rise       ; Clk                                   ;
;  Key_in[59]    ; Clk                                   ; -2.090 ; -2.090 ; Rise       ; Clk                                   ;
;  Key_in[60]    ; Clk                                   ; -2.007 ; -2.007 ; Rise       ; Clk                                   ;
;  Key_in[61]    ; Clk                                   ; -2.553 ; -2.553 ; Rise       ; Clk                                   ;
;  Key_in[62]    ; Clk                                   ; -1.906 ; -1.906 ; Rise       ; Clk                                   ;
;  Key_in[63]    ; Clk                                   ; -2.265 ; -2.265 ; Rise       ; Clk                                   ;
; Plaintext[*]   ; Clk                                   ; -1.660 ; -1.660 ; Rise       ; Clk                                   ;
;  Plaintext[0]  ; Clk                                   ; -1.853 ; -1.853 ; Rise       ; Clk                                   ;
;  Plaintext[1]  ; Clk                                   ; -2.154 ; -2.154 ; Rise       ; Clk                                   ;
;  Plaintext[2]  ; Clk                                   ; -2.080 ; -2.080 ; Rise       ; Clk                                   ;
;  Plaintext[3]  ; Clk                                   ; -1.874 ; -1.874 ; Rise       ; Clk                                   ;
;  Plaintext[4]  ; Clk                                   ; -2.138 ; -2.138 ; Rise       ; Clk                                   ;
;  Plaintext[5]  ; Clk                                   ; -2.074 ; -2.074 ; Rise       ; Clk                                   ;
;  Plaintext[6]  ; Clk                                   ; -2.324 ; -2.324 ; Rise       ; Clk                                   ;
;  Plaintext[7]  ; Clk                                   ; -1.785 ; -1.785 ; Rise       ; Clk                                   ;
;  Plaintext[8]  ; Clk                                   ; -2.405 ; -2.405 ; Rise       ; Clk                                   ;
;  Plaintext[9]  ; Clk                                   ; -2.085 ; -2.085 ; Rise       ; Clk                                   ;
;  Plaintext[10] ; Clk                                   ; -2.051 ; -2.051 ; Rise       ; Clk                                   ;
;  Plaintext[11] ; Clk                                   ; -2.220 ; -2.220 ; Rise       ; Clk                                   ;
;  Plaintext[12] ; Clk                                   ; -1.785 ; -1.785 ; Rise       ; Clk                                   ;
;  Plaintext[13] ; Clk                                   ; -2.196 ; -2.196 ; Rise       ; Clk                                   ;
;  Plaintext[14] ; Clk                                   ; -2.212 ; -2.212 ; Rise       ; Clk                                   ;
;  Plaintext[15] ; Clk                                   ; -2.189 ; -2.189 ; Rise       ; Clk                                   ;
;  Plaintext[16] ; Clk                                   ; -1.841 ; -1.841 ; Rise       ; Clk                                   ;
;  Plaintext[17] ; Clk                                   ; -2.083 ; -2.083 ; Rise       ; Clk                                   ;
;  Plaintext[18] ; Clk                                   ; -2.392 ; -2.392 ; Rise       ; Clk                                   ;
;  Plaintext[19] ; Clk                                   ; -2.114 ; -2.114 ; Rise       ; Clk                                   ;
;  Plaintext[20] ; Clk                                   ; -1.680 ; -1.680 ; Rise       ; Clk                                   ;
;  Plaintext[21] ; Clk                                   ; -1.887 ; -1.887 ; Rise       ; Clk                                   ;
;  Plaintext[22] ; Clk                                   ; -2.223 ; -2.223 ; Rise       ; Clk                                   ;
;  Plaintext[23] ; Clk                                   ; -1.888 ; -1.888 ; Rise       ; Clk                                   ;
;  Plaintext[24] ; Clk                                   ; -2.124 ; -2.124 ; Rise       ; Clk                                   ;
;  Plaintext[25] ; Clk                                   ; -2.393 ; -2.393 ; Rise       ; Clk                                   ;
;  Plaintext[26] ; Clk                                   ; -2.096 ; -2.096 ; Rise       ; Clk                                   ;
;  Plaintext[27] ; Clk                                   ; -2.146 ; -2.146 ; Rise       ; Clk                                   ;
;  Plaintext[28] ; Clk                                   ; -2.128 ; -2.128 ; Rise       ; Clk                                   ;
;  Plaintext[29] ; Clk                                   ; -2.033 ; -2.033 ; Rise       ; Clk                                   ;
;  Plaintext[30] ; Clk                                   ; -2.219 ; -2.219 ; Rise       ; Clk                                   ;
;  Plaintext[31] ; Clk                                   ; -2.258 ; -2.258 ; Rise       ; Clk                                   ;
;  Plaintext[32] ; Clk                                   ; -1.801 ; -1.801 ; Rise       ; Clk                                   ;
;  Plaintext[33] ; Clk                                   ; -2.102 ; -2.102 ; Rise       ; Clk                                   ;
;  Plaintext[34] ; Clk                                   ; -2.176 ; -2.176 ; Rise       ; Clk                                   ;
;  Plaintext[35] ; Clk                                   ; -2.118 ; -2.118 ; Rise       ; Clk                                   ;
;  Plaintext[36] ; Clk                                   ; -2.174 ; -2.174 ; Rise       ; Clk                                   ;
;  Plaintext[37] ; Clk                                   ; -2.232 ; -2.232 ; Rise       ; Clk                                   ;
;  Plaintext[38] ; Clk                                   ; -2.134 ; -2.134 ; Rise       ; Clk                                   ;
;  Plaintext[39] ; Clk                                   ; -2.014 ; -2.014 ; Rise       ; Clk                                   ;
;  Plaintext[40] ; Clk                                   ; -1.694 ; -1.694 ; Rise       ; Clk                                   ;
;  Plaintext[41] ; Clk                                   ; -2.074 ; -2.074 ; Rise       ; Clk                                   ;
;  Plaintext[42] ; Clk                                   ; -2.232 ; -2.232 ; Rise       ; Clk                                   ;
;  Plaintext[43] ; Clk                                   ; -2.349 ; -2.349 ; Rise       ; Clk                                   ;
;  Plaintext[44] ; Clk                                   ; -1.700 ; -1.700 ; Rise       ; Clk                                   ;
;  Plaintext[45] ; Clk                                   ; -1.877 ; -1.877 ; Rise       ; Clk                                   ;
;  Plaintext[46] ; Clk                                   ; -2.242 ; -2.242 ; Rise       ; Clk                                   ;
;  Plaintext[47] ; Clk                                   ; -1.981 ; -1.981 ; Rise       ; Clk                                   ;
;  Plaintext[48] ; Clk                                   ; -2.197 ; -2.197 ; Rise       ; Clk                                   ;
;  Plaintext[49] ; Clk                                   ; -2.154 ; -2.154 ; Rise       ; Clk                                   ;
;  Plaintext[50] ; Clk                                   ; -2.348 ; -2.348 ; Rise       ; Clk                                   ;
;  Plaintext[51] ; Clk                                   ; -1.660 ; -1.660 ; Rise       ; Clk                                   ;
;  Plaintext[52] ; Clk                                   ; -1.877 ; -1.877 ; Rise       ; Clk                                   ;
;  Plaintext[53] ; Clk                                   ; -1.979 ; -1.979 ; Rise       ; Clk                                   ;
;  Plaintext[54] ; Clk                                   ; -2.290 ; -2.290 ; Rise       ; Clk                                   ;
;  Plaintext[55] ; Clk                                   ; -2.217 ; -2.217 ; Rise       ; Clk                                   ;
;  Plaintext[56] ; Clk                                   ; -2.181 ; -2.181 ; Rise       ; Clk                                   ;
;  Plaintext[57] ; Clk                                   ; -2.276 ; -2.276 ; Rise       ; Clk                                   ;
;  Plaintext[58] ; Clk                                   ; -1.962 ; -1.962 ; Rise       ; Clk                                   ;
;  Plaintext[59] ; Clk                                   ; -2.128 ; -2.128 ; Rise       ; Clk                                   ;
;  Plaintext[60] ; Clk                                   ; -1.998 ; -1.998 ; Rise       ; Clk                                   ;
;  Plaintext[61] ; Clk                                   ; -2.114 ; -2.114 ; Rise       ; Clk                                   ;
;  Plaintext[62] ; Clk                                   ; -2.126 ; -2.126 ; Rise       ; Clk                                   ;
;  Plaintext[63] ; Clk                                   ; -2.378 ; -2.378 ; Rise       ; Clk                                   ;
; Start          ; Clk                                   ; -1.668 ; -1.668 ; Rise       ; Clk                                   ;
; Start          ; DES_CONTROL:control_unit|Pre_state[0] ; -2.085 ; -2.085 ; Rise       ; DES_CONTROL:control_unit|Pre_state[0] ;
+----------------+---------------------------------------+--------+--------+------------+---------------------------------------+


+------------------------------------------------------------------------------------------------------------------------------+
; Clock to Output Times                                                                                                        ;
+-----------------+---------------------------------------+-------+-------+------------+---------------------------------------+
; Data Port       ; Clock Port                            ; Rise  ; Fall  ; Clock Edge ; Clock Reference                       ;
+-----------------+---------------------------------------+-------+-------+------------+---------------------------------------+
; Ciphertext[*]   ; Clk                                   ; 4.744 ; 4.744 ; Rise       ; Clk                                   ;
;  Ciphertext[0]  ; Clk                                   ; 3.906 ; 3.906 ; Rise       ; Clk                                   ;
;  Ciphertext[1]  ; Clk                                   ; 3.843 ; 3.843 ; Rise       ; Clk                                   ;
;  Ciphertext[2]  ; Clk                                   ; 3.679 ; 3.679 ; Rise       ; Clk                                   ;
;  Ciphertext[3]  ; Clk                                   ; 4.270 ; 4.270 ; Rise       ; Clk                                   ;
;  Ciphertext[4]  ; Clk                                   ; 3.677 ; 3.677 ; Rise       ; Clk                                   ;
;  Ciphertext[5]  ; Clk                                   ; 4.052 ; 4.052 ; Rise       ; Clk                                   ;
;  Ciphertext[6]  ; Clk                                   ; 3.917 ; 3.917 ; Rise       ; Clk                                   ;
;  Ciphertext[7]  ; Clk                                   ; 4.317 ; 4.317 ; Rise       ; Clk                                   ;
;  Ciphertext[8]  ; Clk                                   ; 3.898 ; 3.898 ; Rise       ; Clk                                   ;
;  Ciphertext[9]  ; Clk                                   ; 4.443 ; 4.443 ; Rise       ; Clk                                   ;
;  Ciphertext[10] ; Clk                                   ; 3.782 ; 3.782 ; Rise       ; Clk                                   ;
;  Ciphertext[11] ; Clk                                   ; 4.016 ; 4.016 ; Rise       ; Clk                                   ;
;  Ciphertext[12] ; Clk                                   ; 3.936 ; 3.936 ; Rise       ; Clk                                   ;
;  Ciphertext[13] ; Clk                                   ; 3.980 ; 3.980 ; Rise       ; Clk                                   ;
;  Ciphertext[14] ; Clk                                   ; 4.229 ; 4.229 ; Rise       ; Clk                                   ;
;  Ciphertext[15] ; Clk                                   ; 4.576 ; 4.576 ; Rise       ; Clk                                   ;
;  Ciphertext[16] ; Clk                                   ; 4.220 ; 4.220 ; Rise       ; Clk                                   ;
;  Ciphertext[17] ; Clk                                   ; 4.254 ; 4.254 ; Rise       ; Clk                                   ;
;  Ciphertext[18] ; Clk                                   ; 3.877 ; 3.877 ; Rise       ; Clk                                   ;
;  Ciphertext[19] ; Clk                                   ; 4.034 ; 4.034 ; Rise       ; Clk                                   ;
;  Ciphertext[20] ; Clk                                   ; 4.008 ; 4.008 ; Rise       ; Clk                                   ;
;  Ciphertext[21] ; Clk                                   ; 3.981 ; 3.981 ; Rise       ; Clk                                   ;
;  Ciphertext[22] ; Clk                                   ; 4.214 ; 4.214 ; Rise       ; Clk                                   ;
;  Ciphertext[23] ; Clk                                   ; 4.194 ; 4.194 ; Rise       ; Clk                                   ;
;  Ciphertext[24] ; Clk                                   ; 4.295 ; 4.295 ; Rise       ; Clk                                   ;
;  Ciphertext[25] ; Clk                                   ; 4.596 ; 4.596 ; Rise       ; Clk                                   ;
;  Ciphertext[26] ; Clk                                   ; 3.827 ; 3.827 ; Rise       ; Clk                                   ;
;  Ciphertext[27] ; Clk                                   ; 4.018 ; 4.018 ; Rise       ; Clk                                   ;
;  Ciphertext[28] ; Clk                                   ; 4.349 ; 4.349 ; Rise       ; Clk                                   ;
;  Ciphertext[29] ; Clk                                   ; 4.396 ; 4.396 ; Rise       ; Clk                                   ;
;  Ciphertext[30] ; Clk                                   ; 3.670 ; 3.670 ; Rise       ; Clk                                   ;
;  Ciphertext[31] ; Clk                                   ; 4.131 ; 4.131 ; Rise       ; Clk                                   ;
;  Ciphertext[32] ; Clk                                   ; 3.651 ; 3.651 ; Rise       ; Clk                                   ;
;  Ciphertext[33] ; Clk                                   ; 3.991 ; 3.991 ; Rise       ; Clk                                   ;
;  Ciphertext[34] ; Clk                                   ; 3.909 ; 3.909 ; Rise       ; Clk                                   ;
;  Ciphertext[35] ; Clk                                   ; 3.988 ; 3.988 ; Rise       ; Clk                                   ;
;  Ciphertext[36] ; Clk                                   ; 4.011 ; 4.011 ; Rise       ; Clk                                   ;
;  Ciphertext[37] ; Clk                                   ; 4.384 ; 4.384 ; Rise       ; Clk                                   ;
;  Ciphertext[38] ; Clk                                   ; 4.103 ; 4.103 ; Rise       ; Clk                                   ;
;  Ciphertext[39] ; Clk                                   ; 3.895 ; 3.895 ; Rise       ; Clk                                   ;
;  Ciphertext[40] ; Clk                                   ; 4.744 ; 4.744 ; Rise       ; Clk                                   ;
;  Ciphertext[41] ; Clk                                   ; 4.653 ; 4.653 ; Rise       ; Clk                                   ;
;  Ciphertext[42] ; Clk                                   ; 4.433 ; 4.433 ; Rise       ; Clk                                   ;
;  Ciphertext[43] ; Clk                                   ; 3.896 ; 3.896 ; Rise       ; Clk                                   ;
;  Ciphertext[44] ; Clk                                   ; 4.290 ; 4.290 ; Rise       ; Clk                                   ;
;  Ciphertext[45] ; Clk                                   ; 3.994 ; 3.994 ; Rise       ; Clk                                   ;
;  Ciphertext[46] ; Clk                                   ; 3.662 ; 3.662 ; Rise       ; Clk                                   ;
;  Ciphertext[47] ; Clk                                   ; 4.215 ; 4.215 ; Rise       ; Clk                                   ;
;  Ciphertext[48] ; Clk                                   ; 4.213 ; 4.213 ; Rise       ; Clk                                   ;
;  Ciphertext[49] ; Clk                                   ; 4.560 ; 4.560 ; Rise       ; Clk                                   ;
;  Ciphertext[50] ; Clk                                   ; 4.032 ; 4.032 ; Rise       ; Clk                                   ;
;  Ciphertext[51] ; Clk                                   ; 4.258 ; 4.258 ; Rise       ; Clk                                   ;
;  Ciphertext[52] ; Clk                                   ; 3.993 ; 3.993 ; Rise       ; Clk                                   ;
;  Ciphertext[53] ; Clk                                   ; 4.088 ; 4.088 ; Rise       ; Clk                                   ;
;  Ciphertext[54] ; Clk                                   ; 4.082 ; 4.082 ; Rise       ; Clk                                   ;
;  Ciphertext[55] ; Clk                                   ; 4.283 ; 4.283 ; Rise       ; Clk                                   ;
;  Ciphertext[56] ; Clk                                   ; 4.146 ; 4.146 ; Rise       ; Clk                                   ;
;  Ciphertext[57] ; Clk                                   ; 4.206 ; 4.206 ; Rise       ; Clk                                   ;
;  Ciphertext[58] ; Clk                                   ; 3.911 ; 3.911 ; Rise       ; Clk                                   ;
;  Ciphertext[59] ; Clk                                   ; 4.116 ; 4.116 ; Rise       ; Clk                                   ;
;  Ciphertext[60] ; Clk                                   ; 3.786 ; 3.786 ; Rise       ; Clk                                   ;
;  Ciphertext[61] ; Clk                                   ; 4.203 ; 4.203 ; Rise       ; Clk                                   ;
;  Ciphertext[62] ; Clk                                   ; 3.659 ; 3.659 ; Rise       ; Clk                                   ;
;  Ciphertext[63] ; Clk                                   ; 3.747 ; 3.747 ; Rise       ; Clk                                   ;
; Done            ; Clk                                   ; 5.139 ; 5.139 ; Rise       ; Clk                                   ;
; Done            ; DES_CONTROL:control_unit|Pre_state[0] ;       ; 2.962 ; Rise       ; DES_CONTROL:control_unit|Pre_state[0] ;
; Done            ; DES_CONTROL:control_unit|Pre_state[0] ; 2.962 ;       ; Fall       ; DES_CONTROL:control_unit|Pre_state[0] ;
+-----------------+---------------------------------------+-------+-------+------------+---------------------------------------+


+------------------------------------------------------------------------------------------------------------------------------+
; Minimum Clock to Output Times                                                                                                ;
+-----------------+---------------------------------------+-------+-------+------------+---------------------------------------+
; Data Port       ; Clock Port                            ; Rise  ; Fall  ; Clock Edge ; Clock Reference                       ;
+-----------------+---------------------------------------+-------+-------+------------+---------------------------------------+
; Ciphertext[*]   ; Clk                                   ; 3.651 ; 3.651 ; Rise       ; Clk                                   ;
;  Ciphertext[0]  ; Clk                                   ; 3.906 ; 3.906 ; Rise       ; Clk                                   ;
;  Ciphertext[1]  ; Clk                                   ; 3.843 ; 3.843 ; Rise       ; Clk                                   ;
;  Ciphertext[2]  ; Clk                                   ; 3.679 ; 3.679 ; Rise       ; Clk                                   ;
;  Ciphertext[3]  ; Clk                                   ; 4.270 ; 4.270 ; Rise       ; Clk                                   ;
;  Ciphertext[4]  ; Clk                                   ; 3.677 ; 3.677 ; Rise       ; Clk                                   ;
;  Ciphertext[5]  ; Clk                                   ; 4.052 ; 4.052 ; Rise       ; Clk                                   ;
;  Ciphertext[6]  ; Clk                                   ; 3.917 ; 3.917 ; Rise       ; Clk                                   ;
;  Ciphertext[7]  ; Clk                                   ; 4.317 ; 4.317 ; Rise       ; Clk                                   ;
;  Ciphertext[8]  ; Clk                                   ; 3.898 ; 3.898 ; Rise       ; Clk                                   ;
;  Ciphertext[9]  ; Clk                                   ; 4.443 ; 4.443 ; Rise       ; Clk                                   ;
;  Ciphertext[10] ; Clk                                   ; 3.782 ; 3.782 ; Rise       ; Clk                                   ;
;  Ciphertext[11] ; Clk                                   ; 4.016 ; 4.016 ; Rise       ; Clk                                   ;
;  Ciphertext[12] ; Clk                                   ; 3.936 ; 3.936 ; Rise       ; Clk                                   ;
;  Ciphertext[13] ; Clk                                   ; 3.980 ; 3.980 ; Rise       ; Clk                                   ;
;  Ciphertext[14] ; Clk                                   ; 4.229 ; 4.229 ; Rise       ; Clk                                   ;
;  Ciphertext[15] ; Clk                                   ; 4.576 ; 4.576 ; Rise       ; Clk                                   ;
;  Ciphertext[16] ; Clk                                   ; 4.220 ; 4.220 ; Rise       ; Clk                                   ;
;  Ciphertext[17] ; Clk                                   ; 4.254 ; 4.254 ; Rise       ; Clk                                   ;
;  Ciphertext[18] ; Clk                                   ; 3.877 ; 3.877 ; Rise       ; Clk                                   ;
;  Ciphertext[19] ; Clk                                   ; 4.034 ; 4.034 ; Rise       ; Clk                                   ;
;  Ciphertext[20] ; Clk                                   ; 4.008 ; 4.008 ; Rise       ; Clk                                   ;
;  Ciphertext[21] ; Clk                                   ; 3.981 ; 3.981 ; Rise       ; Clk                                   ;
;  Ciphertext[22] ; Clk                                   ; 4.214 ; 4.214 ; Rise       ; Clk                                   ;
;  Ciphertext[23] ; Clk                                   ; 4.194 ; 4.194 ; Rise       ; Clk                                   ;
;  Ciphertext[24] ; Clk                                   ; 4.295 ; 4.295 ; Rise       ; Clk                                   ;
;  Ciphertext[25] ; Clk                                   ; 4.596 ; 4.596 ; Rise       ; Clk                                   ;
;  Ciphertext[26] ; Clk                                   ; 3.827 ; 3.827 ; Rise       ; Clk                                   ;
;  Ciphertext[27] ; Clk                                   ; 4.018 ; 4.018 ; Rise       ; Clk                                   ;
;  Ciphertext[28] ; Clk                                   ; 4.349 ; 4.349 ; Rise       ; Clk                                   ;
;  Ciphertext[29] ; Clk                                   ; 4.396 ; 4.396 ; Rise       ; Clk                                   ;
;  Ciphertext[30] ; Clk                                   ; 3.670 ; 3.670 ; Rise       ; Clk                                   ;
;  Ciphertext[31] ; Clk                                   ; 4.131 ; 4.131 ; Rise       ; Clk                                   ;
;  Ciphertext[32] ; Clk                                   ; 3.651 ; 3.651 ; Rise       ; Clk                                   ;
;  Ciphertext[33] ; Clk                                   ; 3.991 ; 3.991 ; Rise       ; Clk                                   ;
;  Ciphertext[34] ; Clk                                   ; 3.909 ; 3.909 ; Rise       ; Clk                                   ;
;  Ciphertext[35] ; Clk                                   ; 3.988 ; 3.988 ; Rise       ; Clk                                   ;
;  Ciphertext[36] ; Clk                                   ; 4.011 ; 4.011 ; Rise       ; Clk                                   ;
;  Ciphertext[37] ; Clk                                   ; 4.384 ; 4.384 ; Rise       ; Clk                                   ;
;  Ciphertext[38] ; Clk                                   ; 4.103 ; 4.103 ; Rise       ; Clk                                   ;
;  Ciphertext[39] ; Clk                                   ; 3.895 ; 3.895 ; Rise       ; Clk                                   ;
;  Ciphertext[40] ; Clk                                   ; 4.744 ; 4.744 ; Rise       ; Clk                                   ;
;  Ciphertext[41] ; Clk                                   ; 4.653 ; 4.653 ; Rise       ; Clk                                   ;
;  Ciphertext[42] ; Clk                                   ; 4.433 ; 4.433 ; Rise       ; Clk                                   ;
;  Ciphertext[43] ; Clk                                   ; 3.896 ; 3.896 ; Rise       ; Clk                                   ;
;  Ciphertext[44] ; Clk                                   ; 4.290 ; 4.290 ; Rise       ; Clk                                   ;
;  Ciphertext[45] ; Clk                                   ; 3.994 ; 3.994 ; Rise       ; Clk                                   ;
;  Ciphertext[46] ; Clk                                   ; 3.662 ; 3.662 ; Rise       ; Clk                                   ;
;  Ciphertext[47] ; Clk                                   ; 4.215 ; 4.215 ; Rise       ; Clk                                   ;
;  Ciphertext[48] ; Clk                                   ; 4.213 ; 4.213 ; Rise       ; Clk                                   ;
;  Ciphertext[49] ; Clk                                   ; 4.560 ; 4.560 ; Rise       ; Clk                                   ;
;  Ciphertext[50] ; Clk                                   ; 4.032 ; 4.032 ; Rise       ; Clk                                   ;
;  Ciphertext[51] ; Clk                                   ; 4.258 ; 4.258 ; Rise       ; Clk                                   ;
;  Ciphertext[52] ; Clk                                   ; 3.993 ; 3.993 ; Rise       ; Clk                                   ;
;  Ciphertext[53] ; Clk                                   ; 4.088 ; 4.088 ; Rise       ; Clk                                   ;
;  Ciphertext[54] ; Clk                                   ; 4.082 ; 4.082 ; Rise       ; Clk                                   ;
;  Ciphertext[55] ; Clk                                   ; 4.283 ; 4.283 ; Rise       ; Clk                                   ;
;  Ciphertext[56] ; Clk                                   ; 4.146 ; 4.146 ; Rise       ; Clk                                   ;
;  Ciphertext[57] ; Clk                                   ; 4.206 ; 4.206 ; Rise       ; Clk                                   ;
;  Ciphertext[58] ; Clk                                   ; 3.911 ; 3.911 ; Rise       ; Clk                                   ;
;  Ciphertext[59] ; Clk                                   ; 4.116 ; 4.116 ; Rise       ; Clk                                   ;
;  Ciphertext[60] ; Clk                                   ; 3.786 ; 3.786 ; Rise       ; Clk                                   ;
;  Ciphertext[61] ; Clk                                   ; 4.203 ; 4.203 ; Rise       ; Clk                                   ;
;  Ciphertext[62] ; Clk                                   ; 3.659 ; 3.659 ; Rise       ; Clk                                   ;
;  Ciphertext[63] ; Clk                                   ; 3.747 ; 3.747 ; Rise       ; Clk                                   ;
; Done            ; Clk                                   ; 5.139 ; 5.139 ; Rise       ; Clk                                   ;
; Done            ; DES_CONTROL:control_unit|Pre_state[0] ;       ; 2.962 ; Rise       ; DES_CONTROL:control_unit|Pre_state[0] ;
; Done            ; DES_CONTROL:control_unit|Pre_state[0] ; 2.962 ;       ; Fall       ; DES_CONTROL:control_unit|Pre_state[0] ;
+-----------------+---------------------------------------+-------+-------+------------+---------------------------------------+


+--------------------------------------------------------------------------------------------------------+
; Multicorner Timing Analysis Summary                                                                    ;
+----------------------------------------+----------+---------+----------+---------+---------------------+
; Clock                                  ; Setup    ; Hold    ; Recovery ; Removal ; Minimum Pulse Width ;
+----------------------------------------+----------+---------+----------+---------+---------------------+
; Worst-case Slack                       ; -4.810   ; -2.363  ; N/A      ; N/A     ; -1.380              ;
;  Clk                                   ; -4.810   ; -1.856  ; N/A      ; N/A     ; -1.380              ;
;  DES_CONTROL:control_unit|Pre_state[0] ; -1.584   ; -2.363  ; N/A      ; N/A     ; 0.500               ;
; Design-wide TNS                        ; -298.102 ; -76.088 ; 0.0      ; 0.0     ; -127.38             ;
;  Clk                                   ; -295.293 ; -73.693 ; N/A      ; N/A     ; -127.380            ;
;  DES_CONTROL:control_unit|Pre_state[0] ; -2.809   ; -4.007  ; N/A      ; N/A     ; 0.000               ;
+----------------------------------------+----------+---------+----------+---------+---------------------+


+-----------------------------------------------------------------------------------------------------------------------------+
; Setup Times                                                                                                                 ;
+----------------+---------------------------------------+-------+-------+------------+---------------------------------------+
; Data Port      ; Clock Port                            ; Rise  ; Fall  ; Clock Edge ; Clock Reference                       ;
+----------------+---------------------------------------+-------+-------+------------+---------------------------------------+
; Key_in[*]      ; Clk                                   ; 4.939 ; 4.939 ; Rise       ; Clk                                   ;
;  Key_in[1]     ; Clk                                   ; 3.916 ; 3.916 ; Rise       ; Clk                                   ;
;  Key_in[2]     ; Clk                                   ; 3.634 ; 3.634 ; Rise       ; Clk                                   ;
;  Key_in[3]     ; Clk                                   ; 4.412 ; 4.412 ; Rise       ; Clk                                   ;
;  Key_in[4]     ; Clk                                   ; 4.606 ; 4.606 ; Rise       ; Clk                                   ;
;  Key_in[5]     ; Clk                                   ; 4.459 ; 4.459 ; Rise       ; Clk                                   ;
;  Key_in[6]     ; Clk                                   ; 4.440 ; 4.440 ; Rise       ; Clk                                   ;
;  Key_in[7]     ; Clk                                   ; 4.505 ; 4.505 ; Rise       ; Clk                                   ;
;  Key_in[9]     ; Clk                                   ; 3.935 ; 3.935 ; Rise       ; Clk                                   ;
;  Key_in[10]    ; Clk                                   ; 4.431 ; 4.431 ; Rise       ; Clk                                   ;
;  Key_in[11]    ; Clk                                   ; 4.378 ; 4.378 ; Rise       ; Clk                                   ;
;  Key_in[12]    ; Clk                                   ; 4.462 ; 4.462 ; Rise       ; Clk                                   ;
;  Key_in[13]    ; Clk                                   ; 4.112 ; 4.112 ; Rise       ; Clk                                   ;
;  Key_in[14]    ; Clk                                   ; 4.359 ; 4.359 ; Rise       ; Clk                                   ;
;  Key_in[15]    ; Clk                                   ; 4.009 ; 4.009 ; Rise       ; Clk                                   ;
;  Key_in[17]    ; Clk                                   ; 4.429 ; 4.429 ; Rise       ; Clk                                   ;
;  Key_in[18]    ; Clk                                   ; 4.522 ; 4.522 ; Rise       ; Clk                                   ;
;  Key_in[19]    ; Clk                                   ; 3.320 ; 3.320 ; Rise       ; Clk                                   ;
;  Key_in[20]    ; Clk                                   ; 4.457 ; 4.457 ; Rise       ; Clk                                   ;
;  Key_in[21]    ; Clk                                   ; 4.088 ; 4.088 ; Rise       ; Clk                                   ;
;  Key_in[22]    ; Clk                                   ; 4.080 ; 4.080 ; Rise       ; Clk                                   ;
;  Key_in[23]    ; Clk                                   ; 4.021 ; 4.021 ; Rise       ; Clk                                   ;
;  Key_in[25]    ; Clk                                   ; 4.302 ; 4.302 ; Rise       ; Clk                                   ;
;  Key_in[26]    ; Clk                                   ; 4.130 ; 4.130 ; Rise       ; Clk                                   ;
;  Key_in[27]    ; Clk                                   ; 3.326 ; 3.326 ; Rise       ; Clk                                   ;
;  Key_in[28]    ; Clk                                   ; 4.321 ; 4.321 ; Rise       ; Clk                                   ;
;  Key_in[29]    ; Clk                                   ; 4.059 ; 4.059 ; Rise       ; Clk                                   ;
;  Key_in[30]    ; Clk                                   ; 4.400 ; 4.400 ; Rise       ; Clk                                   ;
;  Key_in[31]    ; Clk                                   ; 3.794 ; 3.794 ; Rise       ; Clk                                   ;
;  Key_in[33]    ; Clk                                   ; 4.248 ; 4.248 ; Rise       ; Clk                                   ;
;  Key_in[34]    ; Clk                                   ; 3.770 ; 3.770 ; Rise       ; Clk                                   ;
;  Key_in[35]    ; Clk                                   ; 4.285 ; 4.285 ; Rise       ; Clk                                   ;
;  Key_in[36]    ; Clk                                   ; 4.315 ; 4.315 ; Rise       ; Clk                                   ;
;  Key_in[37]    ; Clk                                   ; 4.038 ; 4.038 ; Rise       ; Clk                                   ;
;  Key_in[38]    ; Clk                                   ; 4.077 ; 4.077 ; Rise       ; Clk                                   ;
;  Key_in[39]    ; Clk                                   ; 4.097 ; 4.097 ; Rise       ; Clk                                   ;
;  Key_in[41]    ; Clk                                   ; 4.053 ; 4.053 ; Rise       ; Clk                                   ;
;  Key_in[42]    ; Clk                                   ; 4.002 ; 4.002 ; Rise       ; Clk                                   ;
;  Key_in[43]    ; Clk                                   ; 4.465 ; 4.465 ; Rise       ; Clk                                   ;
;  Key_in[44]    ; Clk                                   ; 4.873 ; 4.873 ; Rise       ; Clk                                   ;
;  Key_in[45]    ; Clk                                   ; 4.495 ; 4.495 ; Rise       ; Clk                                   ;
;  Key_in[46]    ; Clk                                   ; 4.373 ; 4.373 ; Rise       ; Clk                                   ;
;  Key_in[47]    ; Clk                                   ; 3.905 ; 3.905 ; Rise       ; Clk                                   ;
;  Key_in[49]    ; Clk                                   ; 4.086 ; 4.086 ; Rise       ; Clk                                   ;
;  Key_in[50]    ; Clk                                   ; 3.762 ; 3.762 ; Rise       ; Clk                                   ;
;  Key_in[51]    ; Clk                                   ; 4.546 ; 4.546 ; Rise       ; Clk                                   ;
;  Key_in[52]    ; Clk                                   ; 4.486 ; 4.486 ; Rise       ; Clk                                   ;
;  Key_in[53]    ; Clk                                   ; 3.642 ; 3.642 ; Rise       ; Clk                                   ;
;  Key_in[54]    ; Clk                                   ; 4.153 ; 4.153 ; Rise       ; Clk                                   ;
;  Key_in[55]    ; Clk                                   ; 4.818 ; 4.818 ; Rise       ; Clk                                   ;
;  Key_in[57]    ; Clk                                   ; 3.879 ; 3.879 ; Rise       ; Clk                                   ;
;  Key_in[58]    ; Clk                                   ; 4.392 ; 4.392 ; Rise       ; Clk                                   ;
;  Key_in[59]    ; Clk                                   ; 4.051 ; 4.051 ; Rise       ; Clk                                   ;
;  Key_in[60]    ; Clk                                   ; 3.918 ; 3.918 ; Rise       ; Clk                                   ;
;  Key_in[61]    ; Clk                                   ; 4.939 ; 4.939 ; Rise       ; Clk                                   ;
;  Key_in[62]    ; Clk                                   ; 3.787 ; 3.787 ; Rise       ; Clk                                   ;
;  Key_in[63]    ; Clk                                   ; 4.435 ; 4.435 ; Rise       ; Clk                                   ;
; Plaintext[*]   ; Clk                                   ; 4.785 ; 4.785 ; Rise       ; Clk                                   ;
;  Plaintext[0]  ; Clk                                   ; 3.754 ; 3.754 ; Rise       ; Clk                                   ;
;  Plaintext[1]  ; Clk                                   ; 4.247 ; 4.247 ; Rise       ; Clk                                   ;
;  Plaintext[2]  ; Clk                                   ; 4.070 ; 4.070 ; Rise       ; Clk                                   ;
;  Plaintext[3]  ; Clk                                   ; 3.665 ; 3.665 ; Rise       ; Clk                                   ;
;  Plaintext[4]  ; Clk                                   ; 4.230 ; 4.230 ; Rise       ; Clk                                   ;
;  Plaintext[5]  ; Clk                                   ; 4.026 ; 4.026 ; Rise       ; Clk                                   ;
;  Plaintext[6]  ; Clk                                   ; 4.591 ; 4.591 ; Rise       ; Clk                                   ;
;  Plaintext[7]  ; Clk                                   ; 3.537 ; 3.537 ; Rise       ; Clk                                   ;
;  Plaintext[8]  ; Clk                                   ; 4.785 ; 4.785 ; Rise       ; Clk                                   ;
;  Plaintext[9]  ; Clk                                   ; 4.123 ; 4.123 ; Rise       ; Clk                                   ;
;  Plaintext[10] ; Clk                                   ; 4.016 ; 4.016 ; Rise       ; Clk                                   ;
;  Plaintext[11] ; Clk                                   ; 4.365 ; 4.365 ; Rise       ; Clk                                   ;
;  Plaintext[12] ; Clk                                   ; 3.610 ; 3.610 ; Rise       ; Clk                                   ;
;  Plaintext[13] ; Clk                                   ; 4.328 ; 4.328 ; Rise       ; Clk                                   ;
;  Plaintext[14] ; Clk                                   ; 4.367 ; 4.367 ; Rise       ; Clk                                   ;
;  Plaintext[15] ; Clk                                   ; 4.315 ; 4.315 ; Rise       ; Clk                                   ;
;  Plaintext[16] ; Clk                                   ; 3.550 ; 3.550 ; Rise       ; Clk                                   ;
;  Plaintext[17] ; Clk                                   ; 4.023 ; 4.023 ; Rise       ; Clk                                   ;
;  Plaintext[18] ; Clk                                   ; 4.657 ; 4.657 ; Rise       ; Clk                                   ;
;  Plaintext[19] ; Clk                                   ; 4.127 ; 4.127 ; Rise       ; Clk                                   ;
;  Plaintext[20] ; Clk                                   ; 3.373 ; 3.373 ; Rise       ; Clk                                   ;
;  Plaintext[21] ; Clk                                   ; 3.759 ; 3.759 ; Rise       ; Clk                                   ;
;  Plaintext[22] ; Clk                                   ; 4.391 ; 4.391 ; Rise       ; Clk                                   ;
;  Plaintext[23] ; Clk                                   ; 3.767 ; 3.767 ; Rise       ; Clk                                   ;
;  Plaintext[24] ; Clk                                   ; 4.207 ; 4.207 ; Rise       ; Clk                                   ;
;  Plaintext[25] ; Clk                                   ; 4.705 ; 4.705 ; Rise       ; Clk                                   ;
;  Plaintext[26] ; Clk                                   ; 4.206 ; 4.206 ; Rise       ; Clk                                   ;
;  Plaintext[27] ; Clk                                   ; 4.124 ; 4.124 ; Rise       ; Clk                                   ;
;  Plaintext[28] ; Clk                                   ; 4.172 ; 4.172 ; Rise       ; Clk                                   ;
;  Plaintext[29] ; Clk                                   ; 3.953 ; 3.953 ; Rise       ; Clk                                   ;
;  Plaintext[30] ; Clk                                   ; 4.394 ; 4.394 ; Rise       ; Clk                                   ;
;  Plaintext[31] ; Clk                                   ; 4.382 ; 4.382 ; Rise       ; Clk                                   ;
;  Plaintext[32] ; Clk                                   ; 3.504 ; 3.504 ; Rise       ; Clk                                   ;
;  Plaintext[33] ; Clk                                   ; 4.088 ; 4.088 ; Rise       ; Clk                                   ;
;  Plaintext[34] ; Clk                                   ; 4.275 ; 4.275 ; Rise       ; Clk                                   ;
;  Plaintext[35] ; Clk                                   ; 4.089 ; 4.089 ; Rise       ; Clk                                   ;
;  Plaintext[36] ; Clk                                   ; 4.301 ; 4.301 ; Rise       ; Clk                                   ;
;  Plaintext[37] ; Clk                                   ; 4.366 ; 4.366 ; Rise       ; Clk                                   ;
;  Plaintext[38] ; Clk                                   ; 4.124 ; 4.124 ; Rise       ; Clk                                   ;
;  Plaintext[39] ; Clk                                   ; 3.887 ; 3.887 ; Rise       ; Clk                                   ;
;  Plaintext[40] ; Clk                                   ; 3.430 ; 3.430 ; Rise       ; Clk                                   ;
;  Plaintext[41] ; Clk                                   ; 4.085 ; 4.085 ; Rise       ; Clk                                   ;
;  Plaintext[42] ; Clk                                   ; 4.348 ; 4.348 ; Rise       ; Clk                                   ;
;  Plaintext[43] ; Clk                                   ; 4.540 ; 4.540 ; Rise       ; Clk                                   ;
;  Plaintext[44] ; Clk                                   ; 3.402 ; 3.402 ; Rise       ; Clk                                   ;
;  Plaintext[45] ; Clk                                   ; 3.755 ; 3.755 ; Rise       ; Clk                                   ;
;  Plaintext[46] ; Clk                                   ; 4.451 ; 4.451 ; Rise       ; Clk                                   ;
;  Plaintext[47] ; Clk                                   ; 3.994 ; 3.994 ; Rise       ; Clk                                   ;
;  Plaintext[48] ; Clk                                   ; 4.317 ; 4.317 ; Rise       ; Clk                                   ;
;  Plaintext[49] ; Clk                                   ; 4.103 ; 4.103 ; Rise       ; Clk                                   ;
;  Plaintext[50] ; Clk                                   ; 4.543 ; 4.543 ; Rise       ; Clk                                   ;
;  Plaintext[51] ; Clk                                   ; 3.284 ; 3.284 ; Rise       ; Clk                                   ;
;  Plaintext[52] ; Clk                                   ; 3.779 ; 3.779 ; Rise       ; Clk                                   ;
;  Plaintext[53] ; Clk                                   ; 3.853 ; 3.853 ; Rise       ; Clk                                   ;
;  Plaintext[54] ; Clk                                   ; 4.447 ; 4.447 ; Rise       ; Clk                                   ;
;  Plaintext[55] ; Clk                                   ; 4.291 ; 4.291 ; Rise       ; Clk                                   ;
;  Plaintext[56] ; Clk                                   ; 4.270 ; 4.270 ; Rise       ; Clk                                   ;
;  Plaintext[57] ; Clk                                   ; 4.400 ; 4.400 ; Rise       ; Clk                                   ;
;  Plaintext[58] ; Clk                                   ; 3.818 ; 3.818 ; Rise       ; Clk                                   ;
;  Plaintext[59] ; Clk                                   ; 4.098 ; 4.098 ; Rise       ; Clk                                   ;
;  Plaintext[60] ; Clk                                   ; 3.886 ; 3.886 ; Rise       ; Clk                                   ;
;  Plaintext[61] ; Clk                                   ; 4.135 ; 4.135 ; Rise       ; Clk                                   ;
;  Plaintext[62] ; Clk                                   ; 4.225 ; 4.225 ; Rise       ; Clk                                   ;
;  Plaintext[63] ; Clk                                   ; 4.568 ; 4.568 ; Rise       ; Clk                                   ;
; Start          ; Clk                                   ; 5.641 ; 5.641 ; Rise       ; Clk                                   ;
; Start          ; DES_CONTROL:control_unit|Pre_state[0] ; 4.736 ; 4.736 ; Rise       ; DES_CONTROL:control_unit|Pre_state[0] ;
+----------------+---------------------------------------+-------+-------+------------+---------------------------------------+


+-------------------------------------------------------------------------------------------------------------------------------+
; Hold Times                                                                                                                    ;
+----------------+---------------------------------------+--------+--------+------------+---------------------------------------+
; Data Port      ; Clock Port                            ; Rise   ; Fall   ; Clock Edge ; Clock Reference                       ;
+----------------+---------------------------------------+--------+--------+------------+---------------------------------------+
; Key_in[*]      ; Clk                                   ; -1.694 ; -1.694 ; Rise       ; Clk                                   ;
;  Key_in[1]     ; Clk                                   ; -2.009 ; -2.009 ; Rise       ; Clk                                   ;
;  Key_in[2]     ; Clk                                   ; -1.889 ; -1.889 ; Rise       ; Clk                                   ;
;  Key_in[3]     ; Clk                                   ; -2.268 ; -2.268 ; Rise       ; Clk                                   ;
;  Key_in[4]     ; Clk                                   ; -2.330 ; -2.330 ; Rise       ; Clk                                   ;
;  Key_in[5]     ; Clk                                   ; -2.302 ; -2.302 ; Rise       ; Clk                                   ;
;  Key_in[6]     ; Clk                                   ; -2.265 ; -2.265 ; Rise       ; Clk                                   ;
;  Key_in[7]     ; Clk                                   ; -2.311 ; -2.311 ; Rise       ; Clk                                   ;
;  Key_in[9]     ; Clk                                   ; -2.028 ; -2.028 ; Rise       ; Clk                                   ;
;  Key_in[10]    ; Clk                                   ; -2.302 ; -2.302 ; Rise       ; Clk                                   ;
;  Key_in[11]    ; Clk                                   ; -2.236 ; -2.236 ; Rise       ; Clk                                   ;
;  Key_in[12]    ; Clk                                   ; -2.307 ; -2.307 ; Rise       ; Clk                                   ;
;  Key_in[13]    ; Clk                                   ; -2.063 ; -2.063 ; Rise       ; Clk                                   ;
;  Key_in[14]    ; Clk                                   ; -2.212 ; -2.212 ; Rise       ; Clk                                   ;
;  Key_in[15]    ; Clk                                   ; -2.003 ; -2.003 ; Rise       ; Clk                                   ;
;  Key_in[17]    ; Clk                                   ; -2.285 ; -2.285 ; Rise       ; Clk                                   ;
;  Key_in[18]    ; Clk                                   ; -2.337 ; -2.337 ; Rise       ; Clk                                   ;
;  Key_in[19]    ; Clk                                   ; -1.694 ; -1.694 ; Rise       ; Clk                                   ;
;  Key_in[20]    ; Clk                                   ; -2.283 ; -2.283 ; Rise       ; Clk                                   ;
;  Key_in[21]    ; Clk                                   ; -2.093 ; -2.093 ; Rise       ; Clk                                   ;
;  Key_in[22]    ; Clk                                   ; -2.080 ; -2.080 ; Rise       ; Clk                                   ;
;  Key_in[23]    ; Clk                                   ; -2.011 ; -2.011 ; Rise       ; Clk                                   ;
;  Key_in[25]    ; Clk                                   ; -2.220 ; -2.220 ; Rise       ; Clk                                   ;
;  Key_in[26]    ; Clk                                   ; -2.142 ; -2.142 ; Rise       ; Clk                                   ;
;  Key_in[27]    ; Clk                                   ; -1.702 ; -1.702 ; Rise       ; Clk                                   ;
;  Key_in[28]    ; Clk                                   ; -2.196 ; -2.196 ; Rise       ; Clk                                   ;
;  Key_in[29]    ; Clk                                   ; -2.119 ; -2.119 ; Rise       ; Clk                                   ;
;  Key_in[30]    ; Clk                                   ; -2.281 ; -2.281 ; Rise       ; Clk                                   ;
;  Key_in[31]    ; Clk                                   ; -1.912 ; -1.912 ; Rise       ; Clk                                   ;
;  Key_in[33]    ; Clk                                   ; -2.188 ; -2.188 ; Rise       ; Clk                                   ;
;  Key_in[34]    ; Clk                                   ; -1.897 ; -1.897 ; Rise       ; Clk                                   ;
;  Key_in[35]    ; Clk                                   ; -2.171 ; -2.171 ; Rise       ; Clk                                   ;
;  Key_in[36]    ; Clk                                   ; -2.233 ; -2.233 ; Rise       ; Clk                                   ;
;  Key_in[37]    ; Clk                                   ; -2.024 ; -2.024 ; Rise       ; Clk                                   ;
;  Key_in[38]    ; Clk                                   ; -2.107 ; -2.107 ; Rise       ; Clk                                   ;
;  Key_in[39]    ; Clk                                   ; -2.073 ; -2.073 ; Rise       ; Clk                                   ;
;  Key_in[41]    ; Clk                                   ; -2.105 ; -2.105 ; Rise       ; Clk                                   ;
;  Key_in[42]    ; Clk                                   ; -2.085 ; -2.085 ; Rise       ; Clk                                   ;
;  Key_in[43]    ; Clk                                   ; -2.281 ; -2.281 ; Rise       ; Clk                                   ;
;  Key_in[44]    ; Clk                                   ; -2.514 ; -2.514 ; Rise       ; Clk                                   ;
;  Key_in[45]    ; Clk                                   ; -2.292 ; -2.292 ; Rise       ; Clk                                   ;
;  Key_in[46]    ; Clk                                   ; -2.222 ; -2.222 ; Rise       ; Clk                                   ;
;  Key_in[47]    ; Clk                                   ; -1.975 ; -1.975 ; Rise       ; Clk                                   ;
;  Key_in[49]    ; Clk                                   ; -2.145 ; -2.145 ; Rise       ; Clk                                   ;
;  Key_in[50]    ; Clk                                   ; -1.972 ; -1.972 ; Rise       ; Clk                                   ;
;  Key_in[51]    ; Clk                                   ; -2.378 ; -2.378 ; Rise       ; Clk                                   ;
;  Key_in[52]    ; Clk                                   ; -2.314 ; -2.314 ; Rise       ; Clk                                   ;
;  Key_in[53]    ; Clk                                   ; -1.849 ; -1.849 ; Rise       ; Clk                                   ;
;  Key_in[54]    ; Clk                                   ; -2.168 ; -2.168 ; Rise       ; Clk                                   ;
;  Key_in[55]    ; Clk                                   ; -2.474 ; -2.474 ; Rise       ; Clk                                   ;
;  Key_in[57]    ; Clk                                   ; -1.996 ; -1.996 ; Rise       ; Clk                                   ;
;  Key_in[58]    ; Clk                                   ; -2.248 ; -2.248 ; Rise       ; Clk                                   ;
;  Key_in[59]    ; Clk                                   ; -2.090 ; -2.090 ; Rise       ; Clk                                   ;
;  Key_in[60]    ; Clk                                   ; -2.007 ; -2.007 ; Rise       ; Clk                                   ;
;  Key_in[61]    ; Clk                                   ; -2.553 ; -2.553 ; Rise       ; Clk                                   ;
;  Key_in[62]    ; Clk                                   ; -1.906 ; -1.906 ; Rise       ; Clk                                   ;
;  Key_in[63]    ; Clk                                   ; -2.265 ; -2.265 ; Rise       ; Clk                                   ;
; Plaintext[*]   ; Clk                                   ; -1.660 ; -1.660 ; Rise       ; Clk                                   ;
;  Plaintext[0]  ; Clk                                   ; -1.853 ; -1.853 ; Rise       ; Clk                                   ;
;  Plaintext[1]  ; Clk                                   ; -2.154 ; -2.154 ; Rise       ; Clk                                   ;
;  Plaintext[2]  ; Clk                                   ; -2.080 ; -2.080 ; Rise       ; Clk                                   ;
;  Plaintext[3]  ; Clk                                   ; -1.874 ; -1.874 ; Rise       ; Clk                                   ;
;  Plaintext[4]  ; Clk                                   ; -2.138 ; -2.138 ; Rise       ; Clk                                   ;
;  Plaintext[5]  ; Clk                                   ; -2.074 ; -2.074 ; Rise       ; Clk                                   ;
;  Plaintext[6]  ; Clk                                   ; -2.324 ; -2.324 ; Rise       ; Clk                                   ;
;  Plaintext[7]  ; Clk                                   ; -1.785 ; -1.785 ; Rise       ; Clk                                   ;
;  Plaintext[8]  ; Clk                                   ; -2.405 ; -2.405 ; Rise       ; Clk                                   ;
;  Plaintext[9]  ; Clk                                   ; -2.085 ; -2.085 ; Rise       ; Clk                                   ;
;  Plaintext[10] ; Clk                                   ; -2.051 ; -2.051 ; Rise       ; Clk                                   ;
;  Plaintext[11] ; Clk                                   ; -2.220 ; -2.220 ; Rise       ; Clk                                   ;
;  Plaintext[12] ; Clk                                   ; -1.785 ; -1.785 ; Rise       ; Clk                                   ;
;  Plaintext[13] ; Clk                                   ; -2.196 ; -2.196 ; Rise       ; Clk                                   ;
;  Plaintext[14] ; Clk                                   ; -2.212 ; -2.212 ; Rise       ; Clk                                   ;
;  Plaintext[15] ; Clk                                   ; -2.189 ; -2.189 ; Rise       ; Clk                                   ;
;  Plaintext[16] ; Clk                                   ; -1.841 ; -1.841 ; Rise       ; Clk                                   ;
;  Plaintext[17] ; Clk                                   ; -2.083 ; -2.083 ; Rise       ; Clk                                   ;
;  Plaintext[18] ; Clk                                   ; -2.392 ; -2.392 ; Rise       ; Clk                                   ;
;  Plaintext[19] ; Clk                                   ; -2.114 ; -2.114 ; Rise       ; Clk                                   ;
;  Plaintext[20] ; Clk                                   ; -1.680 ; -1.680 ; Rise       ; Clk                                   ;
;  Plaintext[21] ; Clk                                   ; -1.887 ; -1.887 ; Rise       ; Clk                                   ;
;  Plaintext[22] ; Clk                                   ; -2.223 ; -2.223 ; Rise       ; Clk                                   ;
;  Plaintext[23] ; Clk                                   ; -1.888 ; -1.888 ; Rise       ; Clk                                   ;
;  Plaintext[24] ; Clk                                   ; -2.124 ; -2.124 ; Rise       ; Clk                                   ;
;  Plaintext[25] ; Clk                                   ; -2.393 ; -2.393 ; Rise       ; Clk                                   ;
;  Plaintext[26] ; Clk                                   ; -2.096 ; -2.096 ; Rise       ; Clk                                   ;
;  Plaintext[27] ; Clk                                   ; -2.146 ; -2.146 ; Rise       ; Clk                                   ;
;  Plaintext[28] ; Clk                                   ; -2.128 ; -2.128 ; Rise       ; Clk                                   ;
;  Plaintext[29] ; Clk                                   ; -2.033 ; -2.033 ; Rise       ; Clk                                   ;
;  Plaintext[30] ; Clk                                   ; -2.219 ; -2.219 ; Rise       ; Clk                                   ;
;  Plaintext[31] ; Clk                                   ; -2.258 ; -2.258 ; Rise       ; Clk                                   ;
;  Plaintext[32] ; Clk                                   ; -1.801 ; -1.801 ; Rise       ; Clk                                   ;
;  Plaintext[33] ; Clk                                   ; -2.102 ; -2.102 ; Rise       ; Clk                                   ;
;  Plaintext[34] ; Clk                                   ; -2.176 ; -2.176 ; Rise       ; Clk                                   ;
;  Plaintext[35] ; Clk                                   ; -2.118 ; -2.118 ; Rise       ; Clk                                   ;
;  Plaintext[36] ; Clk                                   ; -2.174 ; -2.174 ; Rise       ; Clk                                   ;
;  Plaintext[37] ; Clk                                   ; -2.232 ; -2.232 ; Rise       ; Clk                                   ;
;  Plaintext[38] ; Clk                                   ; -2.134 ; -2.134 ; Rise       ; Clk                                   ;
;  Plaintext[39] ; Clk                                   ; -2.014 ; -2.014 ; Rise       ; Clk                                   ;
;  Plaintext[40] ; Clk                                   ; -1.694 ; -1.694 ; Rise       ; Clk                                   ;
;  Plaintext[41] ; Clk                                   ; -2.074 ; -2.074 ; Rise       ; Clk                                   ;
;  Plaintext[42] ; Clk                                   ; -2.232 ; -2.232 ; Rise       ; Clk                                   ;
;  Plaintext[43] ; Clk                                   ; -2.349 ; -2.349 ; Rise       ; Clk                                   ;
;  Plaintext[44] ; Clk                                   ; -1.700 ; -1.700 ; Rise       ; Clk                                   ;
;  Plaintext[45] ; Clk                                   ; -1.877 ; -1.877 ; Rise       ; Clk                                   ;
;  Plaintext[46] ; Clk                                   ; -2.242 ; -2.242 ; Rise       ; Clk                                   ;
;  Plaintext[47] ; Clk                                   ; -1.981 ; -1.981 ; Rise       ; Clk                                   ;
;  Plaintext[48] ; Clk                                   ; -2.197 ; -2.197 ; Rise       ; Clk                                   ;
;  Plaintext[49] ; Clk                                   ; -2.154 ; -2.154 ; Rise       ; Clk                                   ;
;  Plaintext[50] ; Clk                                   ; -2.348 ; -2.348 ; Rise       ; Clk                                   ;
;  Plaintext[51] ; Clk                                   ; -1.660 ; -1.660 ; Rise       ; Clk                                   ;
;  Plaintext[52] ; Clk                                   ; -1.877 ; -1.877 ; Rise       ; Clk                                   ;
;  Plaintext[53] ; Clk                                   ; -1.979 ; -1.979 ; Rise       ; Clk                                   ;
;  Plaintext[54] ; Clk                                   ; -2.290 ; -2.290 ; Rise       ; Clk                                   ;
;  Plaintext[55] ; Clk                                   ; -2.217 ; -2.217 ; Rise       ; Clk                                   ;
;  Plaintext[56] ; Clk                                   ; -2.181 ; -2.181 ; Rise       ; Clk                                   ;
;  Plaintext[57] ; Clk                                   ; -2.276 ; -2.276 ; Rise       ; Clk                                   ;
;  Plaintext[58] ; Clk                                   ; -1.962 ; -1.962 ; Rise       ; Clk                                   ;
;  Plaintext[59] ; Clk                                   ; -2.128 ; -2.128 ; Rise       ; Clk                                   ;
;  Plaintext[60] ; Clk                                   ; -1.998 ; -1.998 ; Rise       ; Clk                                   ;
;  Plaintext[61] ; Clk                                   ; -2.114 ; -2.114 ; Rise       ; Clk                                   ;
;  Plaintext[62] ; Clk                                   ; -2.126 ; -2.126 ; Rise       ; Clk                                   ;
;  Plaintext[63] ; Clk                                   ; -2.378 ; -2.378 ; Rise       ; Clk                                   ;
; Start          ; Clk                                   ; -1.668 ; -1.668 ; Rise       ; Clk                                   ;
; Start          ; DES_CONTROL:control_unit|Pre_state[0] ; -2.085 ; -2.085 ; Rise       ; DES_CONTROL:control_unit|Pre_state[0] ;
+----------------+---------------------------------------+--------+--------+------------+---------------------------------------+


+------------------------------------------------------------------------------------------------------------------------------+
; Clock to Output Times                                                                                                        ;
+-----------------+---------------------------------------+-------+-------+------------+---------------------------------------+
; Data Port       ; Clock Port                            ; Rise  ; Fall  ; Clock Edge ; Clock Reference                       ;
+-----------------+---------------------------------------+-------+-------+------------+---------------------------------------+
; Ciphertext[*]   ; Clk                                   ; 8.494 ; 8.494 ; Rise       ; Clk                                   ;
;  Ciphertext[0]  ; Clk                                   ; 6.935 ; 6.935 ; Rise       ; Clk                                   ;
;  Ciphertext[1]  ; Clk                                   ; 6.812 ; 6.812 ; Rise       ; Clk                                   ;
;  Ciphertext[2]  ; Clk                                   ; 6.414 ; 6.414 ; Rise       ; Clk                                   ;
;  Ciphertext[3]  ; Clk                                   ; 7.742 ; 7.742 ; Rise       ; Clk                                   ;
;  Ciphertext[4]  ; Clk                                   ; 6.417 ; 6.417 ; Rise       ; Clk                                   ;
;  Ciphertext[5]  ; Clk                                   ; 7.277 ; 7.277 ; Rise       ; Clk                                   ;
;  Ciphertext[6]  ; Clk                                   ; 6.922 ; 6.922 ; Rise       ; Clk                                   ;
;  Ciphertext[7]  ; Clk                                   ; 7.794 ; 7.794 ; Rise       ; Clk                                   ;
;  Ciphertext[8]  ; Clk                                   ; 6.907 ; 6.907 ; Rise       ; Clk                                   ;
;  Ciphertext[9]  ; Clk                                   ; 8.183 ; 8.183 ; Rise       ; Clk                                   ;
;  Ciphertext[10] ; Clk                                   ; 6.647 ; 6.647 ; Rise       ; Clk                                   ;
;  Ciphertext[11] ; Clk                                   ; 7.082 ; 7.082 ; Rise       ; Clk                                   ;
;  Ciphertext[12] ; Clk                                   ; 6.965 ; 6.965 ; Rise       ; Clk                                   ;
;  Ciphertext[13] ; Clk                                   ; 7.095 ; 7.095 ; Rise       ; Clk                                   ;
;  Ciphertext[14] ; Clk                                   ; 7.632 ; 7.632 ; Rise       ; Clk                                   ;
;  Ciphertext[15] ; Clk                                   ; 8.428 ; 8.428 ; Rise       ; Clk                                   ;
;  Ciphertext[16] ; Clk                                   ; 7.589 ; 7.589 ; Rise       ; Clk                                   ;
;  Ciphertext[17] ; Clk                                   ; 7.677 ; 7.677 ; Rise       ; Clk                                   ;
;  Ciphertext[18] ; Clk                                   ; 6.869 ; 6.869 ; Rise       ; Clk                                   ;
;  Ciphertext[19] ; Clk                                   ; 7.168 ; 7.168 ; Rise       ; Clk                                   ;
;  Ciphertext[20] ; Clk                                   ; 7.073 ; 7.073 ; Rise       ; Clk                                   ;
;  Ciphertext[21] ; Clk                                   ; 7.096 ; 7.096 ; Rise       ; Clk                                   ;
;  Ciphertext[22] ; Clk                                   ; 7.564 ; 7.564 ; Rise       ; Clk                                   ;
;  Ciphertext[23] ; Clk                                   ; 7.707 ; 7.707 ; Rise       ; Clk                                   ;
;  Ciphertext[24] ; Clk                                   ; 7.797 ; 7.797 ; Rise       ; Clk                                   ;
;  Ciphertext[25] ; Clk                                   ; 8.459 ; 8.459 ; Rise       ; Clk                                   ;
;  Ciphertext[26] ; Clk                                   ; 6.684 ; 6.684 ; Rise       ; Clk                                   ;
;  Ciphertext[27] ; Clk                                   ; 7.095 ; 7.095 ; Rise       ; Clk                                   ;
;  Ciphertext[28] ; Clk                                   ; 7.882 ; 7.882 ; Rise       ; Clk                                   ;
;  Ciphertext[29] ; Clk                                   ; 8.083 ; 8.083 ; Rise       ; Clk                                   ;
;  Ciphertext[30] ; Clk                                   ; 6.402 ; 6.402 ; Rise       ; Clk                                   ;
;  Ciphertext[31] ; Clk                                   ; 7.494 ; 7.494 ; Rise       ; Clk                                   ;
;  Ciphertext[32] ; Clk                                   ; 6.383 ; 6.383 ; Rise       ; Clk                                   ;
;  Ciphertext[33] ; Clk                                   ; 7.073 ; 7.073 ; Rise       ; Clk                                   ;
;  Ciphertext[34] ; Clk                                   ; 6.925 ; 6.925 ; Rise       ; Clk                                   ;
;  Ciphertext[35] ; Clk                                   ; 7.105 ; 7.105 ; Rise       ; Clk                                   ;
;  Ciphertext[36] ; Clk                                   ; 7.091 ; 7.091 ; Rise       ; Clk                                   ;
;  Ciphertext[37] ; Clk                                   ; 7.992 ; 7.992 ; Rise       ; Clk                                   ;
;  Ciphertext[38] ; Clk                                   ; 7.357 ; 7.357 ; Rise       ; Clk                                   ;
;  Ciphertext[39] ; Clk                                   ; 6.961 ; 6.961 ; Rise       ; Clk                                   ;
;  Ciphertext[40] ; Clk                                   ; 8.494 ; 8.494 ; Rise       ; Clk                                   ;
;  Ciphertext[41] ; Clk                                   ; 8.406 ; 8.406 ; Rise       ; Clk                                   ;
;  Ciphertext[42] ; Clk                                   ; 8.099 ; 8.099 ; Rise       ; Clk                                   ;
;  Ciphertext[43] ; Clk                                   ; 6.894 ; 6.894 ; Rise       ; Clk                                   ;
;  Ciphertext[44] ; Clk                                   ; 7.778 ; 7.778 ; Rise       ; Clk                                   ;
;  Ciphertext[45] ; Clk                                   ; 7.102 ; 7.102 ; Rise       ; Clk                                   ;
;  Ciphertext[46] ; Clk                                   ; 6.385 ; 6.385 ; Rise       ; Clk                                   ;
;  Ciphertext[47] ; Clk                                   ; 7.478 ; 7.478 ; Rise       ; Clk                                   ;
;  Ciphertext[48] ; Clk                                   ; 7.597 ; 7.597 ; Rise       ; Clk                                   ;
;  Ciphertext[49] ; Clk                                   ; 8.397 ; 8.397 ; Rise       ; Clk                                   ;
;  Ciphertext[50] ; Clk                                   ; 7.210 ; 7.210 ; Rise       ; Clk                                   ;
;  Ciphertext[51] ; Clk                                   ; 7.619 ; 7.619 ; Rise       ; Clk                                   ;
;  Ciphertext[52] ; Clk                                   ; 7.067 ; 7.067 ; Rise       ; Clk                                   ;
;  Ciphertext[53] ; Clk                                   ; 7.437 ; 7.437 ; Rise       ; Clk                                   ;
;  Ciphertext[54] ; Clk                                   ; 7.391 ; 7.391 ; Rise       ; Clk                                   ;
;  Ciphertext[55] ; Clk                                   ; 7.802 ; 7.802 ; Rise       ; Clk                                   ;
;  Ciphertext[56] ; Clk                                   ; 7.374 ; 7.374 ; Rise       ; Clk                                   ;
;  Ciphertext[57] ; Clk                                   ; 7.546 ; 7.546 ; Rise       ; Clk                                   ;
;  Ciphertext[58] ; Clk                                   ; 6.905 ; 6.905 ; Rise       ; Clk                                   ;
;  Ciphertext[59] ; Clk                                   ; 7.376 ; 7.376 ; Rise       ; Clk                                   ;
;  Ciphertext[60] ; Clk                                   ; 6.645 ; 6.645 ; Rise       ; Clk                                   ;
;  Ciphertext[61] ; Clk                                   ; 7.647 ; 7.647 ; Rise       ; Clk                                   ;
;  Ciphertext[62] ; Clk                                   ; 6.392 ; 6.392 ; Rise       ; Clk                                   ;
;  Ciphertext[63] ; Clk                                   ; 6.588 ; 6.588 ; Rise       ; Clk                                   ;
; Done            ; Clk                                   ; 9.941 ; 9.941 ; Rise       ; Clk                                   ;
; Done            ; DES_CONTROL:control_unit|Pre_state[0] ;       ; 5.918 ; Rise       ; DES_CONTROL:control_unit|Pre_state[0] ;
; Done            ; DES_CONTROL:control_unit|Pre_state[0] ; 5.918 ;       ; Fall       ; DES_CONTROL:control_unit|Pre_state[0] ;
+-----------------+---------------------------------------+-------+-------+------------+---------------------------------------+


+------------------------------------------------------------------------------------------------------------------------------+
; Minimum Clock to Output Times                                                                                                ;
+-----------------+---------------------------------------+-------+-------+------------+---------------------------------------+
; Data Port       ; Clock Port                            ; Rise  ; Fall  ; Clock Edge ; Clock Reference                       ;
+-----------------+---------------------------------------+-------+-------+------------+---------------------------------------+
; Ciphertext[*]   ; Clk                                   ; 3.651 ; 3.651 ; Rise       ; Clk                                   ;
;  Ciphertext[0]  ; Clk                                   ; 3.906 ; 3.906 ; Rise       ; Clk                                   ;
;  Ciphertext[1]  ; Clk                                   ; 3.843 ; 3.843 ; Rise       ; Clk                                   ;
;  Ciphertext[2]  ; Clk                                   ; 3.679 ; 3.679 ; Rise       ; Clk                                   ;
;  Ciphertext[3]  ; Clk                                   ; 4.270 ; 4.270 ; Rise       ; Clk                                   ;
;  Ciphertext[4]  ; Clk                                   ; 3.677 ; 3.677 ; Rise       ; Clk                                   ;
;  Ciphertext[5]  ; Clk                                   ; 4.052 ; 4.052 ; Rise       ; Clk                                   ;
;  Ciphertext[6]  ; Clk                                   ; 3.917 ; 3.917 ; Rise       ; Clk                                   ;
;  Ciphertext[7]  ; Clk                                   ; 4.317 ; 4.317 ; Rise       ; Clk                                   ;
;  Ciphertext[8]  ; Clk                                   ; 3.898 ; 3.898 ; Rise       ; Clk                                   ;
;  Ciphertext[9]  ; Clk                                   ; 4.443 ; 4.443 ; Rise       ; Clk                                   ;
;  Ciphertext[10] ; Clk                                   ; 3.782 ; 3.782 ; Rise       ; Clk                                   ;
;  Ciphertext[11] ; Clk                                   ; 4.016 ; 4.016 ; Rise       ; Clk                                   ;
;  Ciphertext[12] ; Clk                                   ; 3.936 ; 3.936 ; Rise       ; Clk                                   ;
;  Ciphertext[13] ; Clk                                   ; 3.980 ; 3.980 ; Rise       ; Clk                                   ;
;  Ciphertext[14] ; Clk                                   ; 4.229 ; 4.229 ; Rise       ; Clk                                   ;
;  Ciphertext[15] ; Clk                                   ; 4.576 ; 4.576 ; Rise       ; Clk                                   ;
;  Ciphertext[16] ; Clk                                   ; 4.220 ; 4.220 ; Rise       ; Clk                                   ;
;  Ciphertext[17] ; Clk                                   ; 4.254 ; 4.254 ; Rise       ; Clk                                   ;
;  Ciphertext[18] ; Clk                                   ; 3.877 ; 3.877 ; Rise       ; Clk                                   ;
;  Ciphertext[19] ; Clk                                   ; 4.034 ; 4.034 ; Rise       ; Clk                                   ;
;  Ciphertext[20] ; Clk                                   ; 4.008 ; 4.008 ; Rise       ; Clk                                   ;
;  Ciphertext[21] ; Clk                                   ; 3.981 ; 3.981 ; Rise       ; Clk                                   ;
;  Ciphertext[22] ; Clk                                   ; 4.214 ; 4.214 ; Rise       ; Clk                                   ;
;  Ciphertext[23] ; Clk                                   ; 4.194 ; 4.194 ; Rise       ; Clk                                   ;
;  Ciphertext[24] ; Clk                                   ; 4.295 ; 4.295 ; Rise       ; Clk                                   ;
;  Ciphertext[25] ; Clk                                   ; 4.596 ; 4.596 ; Rise       ; Clk                                   ;
;  Ciphertext[26] ; Clk                                   ; 3.827 ; 3.827 ; Rise       ; Clk                                   ;
;  Ciphertext[27] ; Clk                                   ; 4.018 ; 4.018 ; Rise       ; Clk                                   ;
;  Ciphertext[28] ; Clk                                   ; 4.349 ; 4.349 ; Rise       ; Clk                                   ;
;  Ciphertext[29] ; Clk                                   ; 4.396 ; 4.396 ; Rise       ; Clk                                   ;
;  Ciphertext[30] ; Clk                                   ; 3.670 ; 3.670 ; Rise       ; Clk                                   ;
;  Ciphertext[31] ; Clk                                   ; 4.131 ; 4.131 ; Rise       ; Clk                                   ;
;  Ciphertext[32] ; Clk                                   ; 3.651 ; 3.651 ; Rise       ; Clk                                   ;
;  Ciphertext[33] ; Clk                                   ; 3.991 ; 3.991 ; Rise       ; Clk                                   ;
;  Ciphertext[34] ; Clk                                   ; 3.909 ; 3.909 ; Rise       ; Clk                                   ;
;  Ciphertext[35] ; Clk                                   ; 3.988 ; 3.988 ; Rise       ; Clk                                   ;
;  Ciphertext[36] ; Clk                                   ; 4.011 ; 4.011 ; Rise       ; Clk                                   ;
;  Ciphertext[37] ; Clk                                   ; 4.384 ; 4.384 ; Rise       ; Clk                                   ;
;  Ciphertext[38] ; Clk                                   ; 4.103 ; 4.103 ; Rise       ; Clk                                   ;
;  Ciphertext[39] ; Clk                                   ; 3.895 ; 3.895 ; Rise       ; Clk                                   ;
;  Ciphertext[40] ; Clk                                   ; 4.744 ; 4.744 ; Rise       ; Clk                                   ;
;  Ciphertext[41] ; Clk                                   ; 4.653 ; 4.653 ; Rise       ; Clk                                   ;
;  Ciphertext[42] ; Clk                                   ; 4.433 ; 4.433 ; Rise       ; Clk                                   ;
;  Ciphertext[43] ; Clk                                   ; 3.896 ; 3.896 ; Rise       ; Clk                                   ;
;  Ciphertext[44] ; Clk                                   ; 4.290 ; 4.290 ; Rise       ; Clk                                   ;
;  Ciphertext[45] ; Clk                                   ; 3.994 ; 3.994 ; Rise       ; Clk                                   ;
;  Ciphertext[46] ; Clk                                   ; 3.662 ; 3.662 ; Rise       ; Clk                                   ;
;  Ciphertext[47] ; Clk                                   ; 4.215 ; 4.215 ; Rise       ; Clk                                   ;
;  Ciphertext[48] ; Clk                                   ; 4.213 ; 4.213 ; Rise       ; Clk                                   ;
;  Ciphertext[49] ; Clk                                   ; 4.560 ; 4.560 ; Rise       ; Clk                                   ;
;  Ciphertext[50] ; Clk                                   ; 4.032 ; 4.032 ; Rise       ; Clk                                   ;
;  Ciphertext[51] ; Clk                                   ; 4.258 ; 4.258 ; Rise       ; Clk                                   ;
;  Ciphertext[52] ; Clk                                   ; 3.993 ; 3.993 ; Rise       ; Clk                                   ;
;  Ciphertext[53] ; Clk                                   ; 4.088 ; 4.088 ; Rise       ; Clk                                   ;
;  Ciphertext[54] ; Clk                                   ; 4.082 ; 4.082 ; Rise       ; Clk                                   ;
;  Ciphertext[55] ; Clk                                   ; 4.283 ; 4.283 ; Rise       ; Clk                                   ;
;  Ciphertext[56] ; Clk                                   ; 4.146 ; 4.146 ; Rise       ; Clk                                   ;
;  Ciphertext[57] ; Clk                                   ; 4.206 ; 4.206 ; Rise       ; Clk                                   ;
;  Ciphertext[58] ; Clk                                   ; 3.911 ; 3.911 ; Rise       ; Clk                                   ;
;  Ciphertext[59] ; Clk                                   ; 4.116 ; 4.116 ; Rise       ; Clk                                   ;
;  Ciphertext[60] ; Clk                                   ; 3.786 ; 3.786 ; Rise       ; Clk                                   ;
;  Ciphertext[61] ; Clk                                   ; 4.203 ; 4.203 ; Rise       ; Clk                                   ;
;  Ciphertext[62] ; Clk                                   ; 3.659 ; 3.659 ; Rise       ; Clk                                   ;
;  Ciphertext[63] ; Clk                                   ; 3.747 ; 3.747 ; Rise       ; Clk                                   ;
; Done            ; Clk                                   ; 5.139 ; 5.139 ; Rise       ; Clk                                   ;
; Done            ; DES_CONTROL:control_unit|Pre_state[0] ;       ; 2.962 ; Rise       ; DES_CONTROL:control_unit|Pre_state[0] ;
; Done            ; DES_CONTROL:control_unit|Pre_state[0] ; 2.962 ;       ; Fall       ; DES_CONTROL:control_unit|Pre_state[0] ;
+-----------------+---------------------------------------+-------+-------+------------+---------------------------------------+


+---------------------------------------------------------------------------------------------------------------------------+
; Setup Transfers                                                                                                           ;
+---------------------------------------+---------------------------------------+----------+----------+----------+----------+
; From Clock                            ; To Clock                              ; RR Paths ; FR Paths ; RF Paths ; FF Paths ;
+---------------------------------------+---------------------------------------+----------+----------+----------+----------+
; Clk                                   ; Clk                                   ; 7535     ; 0        ; 0        ; 0        ;
; DES_CONTROL:control_unit|Pre_state[0] ; Clk                                   ; 966      ; 964      ; 0        ; 0        ;
; Clk                                   ; DES_CONTROL:control_unit|Pre_state[0] ; 9        ; 0        ; 0        ; 0        ;
; DES_CONTROL:control_unit|Pre_state[0] ; DES_CONTROL:control_unit|Pre_state[0] ; 2        ; 2        ; 0        ; 0        ;
+---------------------------------------+---------------------------------------+----------+----------+----------+----------+
Entries labeled "false path" only account for clock-to-clock false paths and not path-based false paths. As a result, actual path counts may be lower than reported.


+---------------------------------------------------------------------------------------------------------------------------+
; Hold Transfers                                                                                                            ;
+---------------------------------------+---------------------------------------+----------+----------+----------+----------+
; From Clock                            ; To Clock                              ; RR Paths ; FR Paths ; RF Paths ; FF Paths ;
+---------------------------------------+---------------------------------------+----------+----------+----------+----------+
; Clk                                   ; Clk                                   ; 7535     ; 0        ; 0        ; 0        ;
; DES_CONTROL:control_unit|Pre_state[0] ; Clk                                   ; 966      ; 964      ; 0        ; 0        ;
; Clk                                   ; DES_CONTROL:control_unit|Pre_state[0] ; 9        ; 0        ; 0        ; 0        ;
; DES_CONTROL:control_unit|Pre_state[0] ; DES_CONTROL:control_unit|Pre_state[0] ; 2        ; 2        ; 0        ; 0        ;
+---------------------------------------+---------------------------------------+----------+----------+----------+----------+
Entries labeled "false path" only account for clock-to-clock false paths and not path-based false paths. As a result, actual path counts may be lower than reported.


---------------
; Report TCCS ;
---------------
No dedicated SERDES Transmitter circuitry present in device or used in design


---------------
; Report RSKM ;
---------------
No dedicated SERDES Receiver circuitry present in device or used in design


+------------------------------------------------+
; Unconstrained Paths                            ;
+---------------------------------+-------+------+
; Property                        ; Setup ; Hold ;
+---------------------------------+-------+------+
; Illegal Clocks                  ; 0     ; 0    ;
; Unconstrained Clocks            ; 0     ; 0    ;
; Unconstrained Input Ports       ; 122   ; 122  ;
; Unconstrained Input Port Paths  ; 367   ; 367  ;
; Unconstrained Output Ports      ; 65    ; 65   ;
; Unconstrained Output Port Paths ; 66    ; 66   ;
+---------------------------------+-------+------+


+------------------------------------+
; TimeQuest Timing Analyzer Messages ;
+------------------------------------+
Info: *******************************************************************
Info: Running Quartus II 64-Bit TimeQuest Timing Analyzer
    Info: Version 13.0.1 Build 232 06/12/2013 Service Pack 1 SJ Web Edition
    Info: Processing started: Thu Apr 16 12:50:32 2026
Info: Command: quartus_sta DES_ALGORITHM -c DES_ALGORITHM
Info: qsta_default_script.tcl version: #1
Info (11104): Parallel Compilation has detected 8 hyper-threaded processors. However, the extra hyper-threaded processors will not be used by default. Parallel Compilation will use 4 of the 4 physical processors detected instead.
Info (21077): Low junction temperature is 0 degrees C
Info (21077): High junction temperature is 85 degrees C
Warning (335093): TimeQuest Timing Analyzer is analyzing 2 combinational loops as latches.
Info (332104): Reading SDC File: 'TIMING.sdc'
Warning (332174): Ignored filter at TIMING.sdc(1): CLOCK_50 could not be matched with a port
Warning (332049): Ignored create_clock at TIMING.sdc(1): Argument <targets> is an empty collection
    Info (332050): create_clock -name "CLOCK_50" -period 20.000 [get_ports {CLOCK_50}]
Info (332142): No user constrained base clocks found in the design. Calling "derive_clocks -period 1.0"
Info (332105): Deriving Clocks
    Info (332105): create_clock -period 1.000 -name Clk Clk
    Info (332105): create_clock -period 1.000 -name DES_CONTROL:control_unit|Pre_state[0] DES_CONTROL:control_unit|Pre_state[0]
Info: Found TIMEQUEST_REPORT_SCRIPT_INCLUDE_DEFAULT_ANALYSIS = ON
Info: Analyzing Slow Model
Critical Warning (332148): Timing requirements not met
Info (332146): Worst-case setup slack is -4.810
    Info (332119):     Slack End Point TNS Clock 
    Info (332119): ========= ============= =====================
    Info (332119):    -4.810      -295.293 Clk 
    Info (332119):    -1.584        -2.809 DES_CONTROL:control_unit|Pre_state[0] 
Info (332146): Worst-case hold slack is -2.363
    Info (332119):     Slack End Point TNS Clock 
    Info (332119): ========= ============= =====================
    Info (332119):    -2.363        -4.007 DES_CONTROL:control_unit|Pre_state[0] 
    Info (332119):    -1.856       -49.275 Clk 
Info (332140): No Recovery paths to report
Info (332140): No Removal paths to report
Info (332146): Worst-case minimum pulse width slack is -1.380
    Info (332119):     Slack End Point TNS Clock 
    Info (332119): ========= ============= =====================
    Info (332119):    -1.380      -127.380 Clk 
    Info (332119):     0.500         0.000 DES_CONTROL:control_unit|Pre_state[0] 
Info (332001): The selected device family is not supported by the report_metastability command.
Info: Analyzing Fast Model
Critical Warning (332148): Timing requirements not met
Info (332146): Worst-case setup slack is -1.560
    Info (332119):     Slack End Point TNS Clock 
    Info (332119): ========= ============= =====================
    Info (332119):    -1.560       -71.208 Clk 
    Info (332119):    -0.247        -0.418 DES_CONTROL:control_unit|Pre_state[0] 
Info (332146): Worst-case hold slack is -1.354
    Info (332119):     Slack End Point TNS Clock 
    Info (332119): ========= ============= =====================
    Info (332119):    -1.354        -2.395 DES_CONTROL:control_unit|Pre_state[0] 
    Info (332119):    -1.310       -73.693 Clk 
Info (332140): No Recovery paths to report
Info (332140): No Removal paths to report
Info (332146): Worst-case minimum pulse width slack is -1.380
    Info (332119):     Slack End Point TNS Clock 
    Info (332119): ========= ============= =====================
    Info (332119):    -1.380      -127.380 Clk 
    Info (332119):     0.500         0.000 DES_CONTROL:control_unit|Pre_state[0] 
Info (332001): The selected device family is not supported by the report_metastability command.
Info (332102): Design is not fully constrained for setup requirements
Info (332102): Design is not fully constrained for hold requirements
Info: Quartus II 64-Bit TimeQuest Timing Analyzer was successful. 0 errors, 5 warnings
    Info: Peak virtual memory: 4653 megabytes
    Info: Processing ended: Thu Apr 16 12:50:33 2026
    Info: Elapsed time: 00:00:01
    Info: Total CPU time (on all processors): 00:00:01


