Fitter report for DES_ALGORITHM
Fri Apr 17 18:22:39 2026
Quartus II 64-Bit Version 13.0.1 Build 232 06/12/2013 Service Pack 1 SJ Web Edition


---------------------
; Table of Contents ;
---------------------
  1. Legal Notice
  2. Fitter Summary
  3. Fitter Settings
  4. Parallel Compilation
  5. Ignored Assignments
  6. Incremental Compilation Preservation Summary
  7. Incremental Compilation Partition Settings
  8. Incremental Compilation Placement Preservation
  9. Pin-Out File
 10. Fitter Resource Usage Summary
 11. Fitter Partition Statistics
 12. Input Pins
 13. Output Pins
 14. I/O Bank Usage
 15. All Package Pins
 16. Output Pin Default Load For Reported TCO
 17. Fitter Resource Utilization by Entity
 18. Delay Chain Summary
 19. Pad To Core Delay Chain Fanout
 20. Control Signals
 21. Global & Other Fast Signals
 22. Non-Global High Fan-Out Signals
 23. Other Routing Usage Summary
 24. LAB Logic Elements
 25. LAB-wide Signals
 26. LAB Signals Sourced
 27. LAB Signals Sourced Out
 28. LAB Distinct Inputs
 29. Fitter Device Options
 30. Operating Settings and Conditions
 31. Fitter Messages
 32. Fitter Suppressed Messages



----------------
; Legal Notice ;
----------------
Copyright (C) 1991-2013 Altera Corporation
Your use of Altera Corporation's design tools, logic functions 
and other software and tools, and its AMPP partner logic 
functions, and any output files from any of the foregoing 
(including device programming or simulation files), and any 
associated documentation or information are expressly subject 
to the terms and conditions of the Altera Program License 
Subscription Agreement, Altera MegaCore Function License 
Agreement, or other applicable license agreement, including, 
without limitation, that your use is for the sole purpose of 
programming logic devices manufactured by Altera and sold by 
Altera or its authorized distributors.  Please refer to the 
applicable agreement for further details.



+--------------------------------------------------------------------------------------+
; Fitter Summary                                                                       ;
+------------------------------------+-------------------------------------------------+
; Fitter Status                      ; Successful - Fri Apr 17 18:22:38 2026           ;
; Quartus II 64-Bit Version          ; 13.0.1 Build 232 06/12/2013 SP 1 SJ Web Edition ;
; Revision Name                      ; DES_ALGORITHM                                   ;
; Top-level Entity Name              ; DES_ALGORITHM                                   ;
; Family                             ; Cyclone II                                      ;
; Device                             ; EP2C35F672C6                                    ;
; Timing Models                      ; Final                                           ;
; Total logic elements               ; 4,607 / 33,216 ( 14 % )                         ;
;     Total combinational functions  ; 3,856 / 33,216 ( 12 % )                         ;
;     Dedicated logic registers      ; 1,993 / 33,216 ( 6 % )                          ;
; Total registers                    ; 1993                                            ;
; Total pins                         ; 196 / 475 ( 41 % )                              ;
; Total virtual pins                 ; 0                                               ;
; Total memory bits                  ; 0 / 483,840 ( 0 % )                             ;
; Embedded Multiplier 9-bit elements ; 0 / 70 ( 0 % )                                  ;
; Total PLLs                         ; 0 / 4 ( 0 % )                                   ;
+------------------------------------+-------------------------------------------------+


+----------------------------------------------------------------------------------------------------------------------------------------------+
; Fitter Settings                                                                                                                              ;
+----------------------------------------------------------------------------+--------------------------------+--------------------------------+
; Option                                                                     ; Setting                        ; Default Value                  ;
+----------------------------------------------------------------------------+--------------------------------+--------------------------------+
; Device                                                                     ; EP2C35F672C6                   ;                                ;
; Minimum Core Junction Temperature                                          ; 0                              ;                                ;
; Maximum Core Junction Temperature                                          ; 85                             ;                                ;
; Fit Attempts to Skip                                                       ; 0                              ; 0.0                            ;
; Use smart compilation                                                      ; Off                            ; Off                            ;
; Enable parallel Assembler and TimeQuest Timing Analyzer during compilation ; On                             ; On                             ;
; Enable compact report table                                                ; Off                            ; Off                            ;
; Auto Merge PLLs                                                            ; On                             ; On                             ;
; Ignore PLL Mode When Merging PLLs                                          ; Off                            ; Off                            ;
; Router Timing Optimization Level                                           ; Normal                         ; Normal                         ;
; Placement Effort Multiplier                                                ; 1.0                            ; 1.0                            ;
; Router Effort Multiplier                                                   ; 1.0                            ; 1.0                            ;
; Always Enable Input Buffers                                                ; Off                            ; Off                            ;
; Optimize Hold Timing                                                       ; IO Paths and Minimum TPD Paths ; IO Paths and Minimum TPD Paths ;
; Optimize Multi-Corner Timing                                               ; On                             ; On                             ;
; PowerPlay Power Optimization                                               ; Normal compilation             ; Normal compilation             ;
; Optimize Timing                                                            ; Normal compilation             ; Normal compilation             ;
; Optimize Timing for ECOs                                                   ; Off                            ; Off                            ;
; Regenerate full fit report during ECO compiles                             ; Off                            ; Off                            ;
; Optimize IOC Register Placement for Timing                                 ; Normal                         ; Normal                         ;
; Limit to One Fitting Attempt                                               ; Off                            ; Off                            ;
; Final Placement Optimizations                                              ; Automatically                  ; Automatically                  ;
; Fitter Aggressive Routability Optimizations                                ; Automatically                  ; Automatically                  ;
; Fitter Initial Placement Seed                                              ; 1                              ; 1                              ;
; PCI I/O                                                                    ; Off                            ; Off                            ;
; Weak Pull-Up Resistor                                                      ; Off                            ; Off                            ;
; Enable Bus-Hold Circuitry                                                  ; Off                            ; Off                            ;
; Auto Global Memory Control Signals                                         ; Off                            ; Off                            ;
; Auto Packed Registers                                                      ; Auto                           ; Auto                           ;
; Auto Delay Chains                                                          ; On                             ; On                             ;
; Auto Delay Chains for High Fanout Input Pins                               ; Off                            ; Off                            ;
; Perform Physical Synthesis for Combinational Logic for Fitting             ; Off                            ; Off                            ;
; Perform Physical Synthesis for Combinational Logic for Performance         ; Off                            ; Off                            ;
; Perform Register Duplication for Performance                               ; Off                            ; Off                            ;
; Perform Logic to Memory Mapping for Fitting                                ; Off                            ; Off                            ;
; Perform Register Retiming for Performance                                  ; Off                            ; Off                            ;
; Perform Asynchronous Signal Pipelining                                     ; Off                            ; Off                            ;
; Fitter Effort                                                              ; Auto Fit                       ; Auto Fit                       ;
; Physical Synthesis Effort Level                                            ; Normal                         ; Normal                         ;
; Auto Global Clock                                                          ; On                             ; On                             ;
; Auto Global Register Control Signals                                       ; On                             ; On                             ;
; Force Fitter to Avoid Periphery Placement Warnings                         ; Off                            ; Off                            ;
+----------------------------------------------------------------------------+--------------------------------+--------------------------------+


+------------------------------------------+
; Parallel Compilation                     ;
+----------------------------+-------------+
; Processors                 ; Number      ;
+----------------------------+-------------+
; Number detected on machine ; 12          ;
; Maximum allowed            ; 6           ;
;                            ;             ;
; Average used               ; 2.67        ;
; Maximum used               ; 6           ;
;                            ;             ;
; Usage by Processor         ; % Time Used ;
;     Processor 1            ; 100.0%      ;
;     Processors 2-6         ;  33.3%      ;
;     Processors 7-12        ;   0.0%      ;
+----------------------------+-------------+


+-------------------------------------------------------------------------------------------+
; Ignored Assignments                                                                       ;
+----------+----------------+--------------+---------------+---------------+----------------+
; Name     ; Ignored Entity ; Ignored From ; Ignored To    ; Ignored Value ; Ignored Source ;
+----------+----------------+--------------+---------------+---------------+----------------+
; Location ;                ;              ; AUD_ADCDAT    ; PIN_B5        ; QSF Assignment ;
; Location ;                ;              ; AUD_ADCLRCK   ; PIN_C5        ; QSF Assignment ;
; Location ;                ;              ; AUD_BCLK      ; PIN_B4        ; QSF Assignment ;
; Location ;                ;              ; AUD_DACDAT    ; PIN_A4        ; QSF Assignment ;
; Location ;                ;              ; AUD_DACLRCK   ; PIN_C6        ; QSF Assignment ;
; Location ;                ;              ; AUD_XCK       ; PIN_A5        ; QSF Assignment ;
; Location ;                ;              ; CLOCK_27      ; PIN_D13       ; QSF Assignment ;
; Location ;                ;              ; CLOCK_50      ; PIN_N2        ; QSF Assignment ;
; Location ;                ;              ; DRAM_ADDR[0]  ; PIN_T6        ; QSF Assignment ;
; Location ;                ;              ; DRAM_ADDR[10] ; PIN_Y1        ; QSF Assignment ;
; Location ;                ;              ; DRAM_ADDR[11] ; PIN_V5        ; QSF Assignment ;
; Location ;                ;              ; DRAM_ADDR[1]  ; PIN_V4        ; QSF Assignment ;
; Location ;                ;              ; DRAM_ADDR[2]  ; PIN_V3        ; QSF Assignment ;
; Location ;                ;              ; DRAM_ADDR[3]  ; PIN_W2        ; QSF Assignment ;
; Location ;                ;              ; DRAM_ADDR[4]  ; PIN_W1        ; QSF Assignment ;
; Location ;                ;              ; DRAM_ADDR[5]  ; PIN_U6        ; QSF Assignment ;
; Location ;                ;              ; DRAM_ADDR[6]  ; PIN_U7        ; QSF Assignment ;
; Location ;                ;              ; DRAM_ADDR[7]  ; PIN_U5        ; QSF Assignment ;
; Location ;                ;              ; DRAM_ADDR[8]  ; PIN_W4        ; QSF Assignment ;
; Location ;                ;              ; DRAM_ADDR[9]  ; PIN_W3        ; QSF Assignment ;
; Location ;                ;              ; DRAM_BA_0     ; PIN_AE2       ; QSF Assignment ;
; Location ;                ;              ; DRAM_BA_1     ; PIN_AE3       ; QSF Assignment ;
; Location ;                ;              ; DRAM_CAS_N    ; PIN_AB3       ; QSF Assignment ;
; Location ;                ;              ; DRAM_CKE      ; PIN_AA6       ; QSF Assignment ;
; Location ;                ;              ; DRAM_CLK      ; PIN_AA7       ; QSF Assignment ;
; Location ;                ;              ; DRAM_CS_N     ; PIN_AC3       ; QSF Assignment ;
; Location ;                ;              ; DRAM_DQ[0]    ; PIN_V6        ; QSF Assignment ;
; Location ;                ;              ; DRAM_DQ[10]   ; PIN_AB1       ; QSF Assignment ;
; Location ;                ;              ; DRAM_DQ[11]   ; PIN_AA4       ; QSF Assignment ;
; Location ;                ;              ; DRAM_DQ[12]   ; PIN_AA3       ; QSF Assignment ;
; Location ;                ;              ; DRAM_DQ[13]   ; PIN_AC2       ; QSF Assignment ;
; Location ;                ;              ; DRAM_DQ[14]   ; PIN_AC1       ; QSF Assignment ;
; Location ;                ;              ; DRAM_DQ[15]   ; PIN_AA5       ; QSF Assignment ;
; Location ;                ;              ; DRAM_DQ[1]    ; PIN_AA2       ; QSF Assignment ;
; Location ;                ;              ; DRAM_DQ[2]    ; PIN_AA1       ; QSF Assignment ;
; Location ;                ;              ; DRAM_DQ[3]    ; PIN_Y3        ; QSF Assignment ;
; Location ;                ;              ; DRAM_DQ[4]    ; PIN_Y4        ; QSF Assignment ;
; Location ;                ;              ; DRAM_DQ[5]    ; PIN_R8        ; QSF Assignment ;
; Location ;                ;              ; DRAM_DQ[6]    ; PIN_T8        ; QSF Assignment ;
; Location ;                ;              ; DRAM_DQ[7]    ; PIN_V7        ; QSF Assignment ;
; Location ;                ;              ; DRAM_DQ[8]    ; PIN_W6        ; QSF Assignment ;
; Location ;                ;              ; DRAM_DQ[9]    ; PIN_AB2       ; QSF Assignment ;
; Location ;                ;              ; DRAM_LDQM     ; PIN_AD2       ; QSF Assignment ;
; Location ;                ;              ; DRAM_RAS_N    ; PIN_AB4       ; QSF Assignment ;
; Location ;                ;              ; DRAM_UDQM     ; PIN_Y5        ; QSF Assignment ;
; Location ;                ;              ; DRAM_WE_N     ; PIN_AD3       ; QSF Assignment ;
; Location ;                ;              ; ENET_CLK      ; PIN_B24       ; QSF Assignment ;
; Location ;                ;              ; ENET_CMD      ; PIN_A21       ; QSF Assignment ;
; Location ;                ;              ; ENET_CS_N     ; PIN_A23       ; QSF Assignment ;
; Location ;                ;              ; ENET_DATA[0]  ; PIN_D17       ; QSF Assignment ;
; Location ;                ;              ; ENET_DATA[10] ; PIN_C19       ; QSF Assignment ;
; Location ;                ;              ; ENET_DATA[11] ; PIN_D19       ; QSF Assignment ;
; Location ;                ;              ; ENET_DATA[12] ; PIN_B19       ; QSF Assignment ;
; Location ;                ;              ; ENET_DATA[13] ; PIN_A19       ; QSF Assignment ;
; Location ;                ;              ; ENET_DATA[14] ; PIN_E18       ; QSF Assignment ;
; Location ;                ;              ; ENET_DATA[15] ; PIN_D18       ; QSF Assignment ;
; Location ;                ;              ; ENET_DATA[1]  ; PIN_C17       ; QSF Assignment ;
; Location ;                ;              ; ENET_DATA[2]  ; PIN_B18       ; QSF Assignment ;
; Location ;                ;              ; ENET_DATA[3]  ; PIN_A18       ; QSF Assignment ;
; Location ;                ;              ; ENET_DATA[4]  ; PIN_B17       ; QSF Assignment ;
; Location ;                ;              ; ENET_DATA[5]  ; PIN_A17       ; QSF Assignment ;
; Location ;                ;              ; ENET_DATA[6]  ; PIN_B16       ; QSF Assignment ;
; Location ;                ;              ; ENET_DATA[7]  ; PIN_B15       ; QSF Assignment ;
; Location ;                ;              ; ENET_DATA[8]  ; PIN_B20       ; QSF Assignment ;
; Location ;                ;              ; ENET_DATA[9]  ; PIN_A20       ; QSF Assignment ;
; Location ;                ;              ; ENET_INT      ; PIN_B21       ; QSF Assignment ;
; Location ;                ;              ; ENET_RD_N     ; PIN_A22       ; QSF Assignment ;
; Location ;                ;              ; ENET_RST_N    ; PIN_B23       ; QSF Assignment ;
; Location ;                ;              ; ENET_WR_N     ; PIN_B22       ; QSF Assignment ;
; Location ;                ;              ; EXT_CLOCK     ; PIN_P26       ; QSF Assignment ;
; Location ;                ;              ; FL_ADDR[0]    ; PIN_AC18      ; QSF Assignment ;
; Location ;                ;              ; FL_ADDR[10]   ; PIN_AE17      ; QSF Assignment ;
; Location ;                ;              ; FL_ADDR[11]   ; PIN_AF17      ; QSF Assignment ;
; Location ;                ;              ; FL_ADDR[12]   ; PIN_W16       ; QSF Assignment ;
; Location ;                ;              ; FL_ADDR[13]   ; PIN_W15       ; QSF Assignment ;
; Location ;                ;              ; FL_ADDR[14]   ; PIN_AC16      ; QSF Assignment ;
; Location ;                ;              ; FL_ADDR[15]   ; PIN_AD16      ; QSF Assignment ;
; Location ;                ;              ; FL_ADDR[16]   ; PIN_AE16      ; QSF Assignment ;
; Location ;                ;              ; FL_ADDR[17]   ; PIN_AC15      ; QSF Assignment ;
; Location ;                ;              ; FL_ADDR[18]   ; PIN_AB15      ; QSF Assignment ;
; Location ;                ;              ; FL_ADDR[19]   ; PIN_AA15      ; QSF Assignment ;
; Location ;                ;              ; FL_ADDR[1]    ; PIN_AB18      ; QSF Assignment ;
; Location ;                ;              ; FL_ADDR[20]   ; PIN_Y15       ; QSF Assignment ;
; Location ;                ;              ; FL_ADDR[21]   ; PIN_Y14       ; QSF Assignment ;
; Location ;                ;              ; FL_ADDR[2]    ; PIN_AE19      ; QSF Assignment ;
; Location ;                ;              ; FL_ADDR[3]    ; PIN_AF19      ; QSF Assignment ;
; Location ;                ;              ; FL_ADDR[4]    ; PIN_AE18      ; QSF Assignment ;
; Location ;                ;              ; FL_ADDR[5]    ; PIN_AF18      ; QSF Assignment ;
; Location ;                ;              ; FL_ADDR[6]    ; PIN_Y16       ; QSF Assignment ;
; Location ;                ;              ; FL_ADDR[7]    ; PIN_AA16      ; QSF Assignment ;
; Location ;                ;              ; FL_ADDR[8]    ; PIN_AD17      ; QSF Assignment ;
; Location ;                ;              ; FL_ADDR[9]    ; PIN_AC17      ; QSF Assignment ;
; Location ;                ;              ; FL_CE_N       ; PIN_V17       ; QSF Assignment ;
; Location ;                ;              ; FL_DQ[0]      ; PIN_AD19      ; QSF Assignment ;
; Location ;                ;              ; FL_DQ[1]      ; PIN_AC19      ; QSF Assignment ;
; Location ;                ;              ; FL_DQ[2]      ; PIN_AF20      ; QSF Assignment ;
; Location ;                ;              ; FL_DQ[3]      ; PIN_AE20      ; QSF Assignment ;
; Location ;                ;              ; FL_DQ[4]      ; PIN_AB20      ; QSF Assignment ;
; Location ;                ;              ; FL_DQ[5]      ; PIN_AC20      ; QSF Assignment ;
; Location ;                ;              ; FL_DQ[6]      ; PIN_AF21      ; QSF Assignment ;
; Location ;                ;              ; FL_DQ[7]      ; PIN_AE21      ; QSF Assignment ;
; Location ;                ;              ; FL_OE_N       ; PIN_W17       ; QSF Assignment ;
; Location ;                ;              ; FL_RST_N      ; PIN_AA18      ; QSF Assignment ;
; Location ;                ;              ; FL_WE_N       ; PIN_AA17      ; QSF Assignment ;
; Location ;                ;              ; GPIO_0[0]     ; PIN_D25       ; QSF Assignment ;
; Location ;                ;              ; GPIO_0[10]    ; PIN_N18       ; QSF Assignment ;
; Location ;                ;              ; GPIO_0[11]    ; PIN_P18       ; QSF Assignment ;
; Location ;                ;              ; GPIO_0[12]    ; PIN_G23       ; QSF Assignment ;
; Location ;                ;              ; GPIO_0[13]    ; PIN_G24       ; QSF Assignment ;
; Location ;                ;              ; GPIO_0[14]    ; PIN_K22       ; QSF Assignment ;
; Location ;                ;              ; GPIO_0[15]    ; PIN_G25       ; QSF Assignment ;
; Location ;                ;              ; GPIO_0[16]    ; PIN_H23       ; QSF Assignment ;
; Location ;                ;              ; GPIO_0[17]    ; PIN_H24       ; QSF Assignment ;
; Location ;                ;              ; GPIO_0[18]    ; PIN_J23       ; QSF Assignment ;
; Location ;                ;              ; GPIO_0[19]    ; PIN_J24       ; QSF Assignment ;
; Location ;                ;              ; GPIO_0[1]     ; PIN_J22       ; QSF Assignment ;
; Location ;                ;              ; GPIO_0[20]    ; PIN_H25       ; QSF Assignment ;
; Location ;                ;              ; GPIO_0[21]    ; PIN_H26       ; QSF Assignment ;
; Location ;                ;              ; GPIO_0[22]    ; PIN_H19       ; QSF Assignment ;
; Location ;                ;              ; GPIO_0[23]    ; PIN_K18       ; QSF Assignment ;
; Location ;                ;              ; GPIO_0[24]    ; PIN_K19       ; QSF Assignment ;
; Location ;                ;              ; GPIO_0[25]    ; PIN_K21       ; QSF Assignment ;
; Location ;                ;              ; GPIO_0[26]    ; PIN_K23       ; QSF Assignment ;
; Location ;                ;              ; GPIO_0[27]    ; PIN_K24       ; QSF Assignment ;
; Location ;                ;              ; GPIO_0[28]    ; PIN_L21       ; QSF Assignment ;
; Location ;                ;              ; GPIO_0[29]    ; PIN_L20       ; QSF Assignment ;
; Location ;                ;              ; GPIO_0[2]     ; PIN_E26       ; QSF Assignment ;
; Location ;                ;              ; GPIO_0[30]    ; PIN_J25       ; QSF Assignment ;
; Location ;                ;              ; GPIO_0[31]    ; PIN_J26       ; QSF Assignment ;
; Location ;                ;              ; GPIO_0[32]    ; PIN_L23       ; QSF Assignment ;
; Location ;                ;              ; GPIO_0[33]    ; PIN_L24       ; QSF Assignment ;
; Location ;                ;              ; GPIO_0[34]    ; PIN_L25       ; QSF Assignment ;
; Location ;                ;              ; GPIO_0[35]    ; PIN_L19       ; QSF Assignment ;
; Location ;                ;              ; GPIO_0[3]     ; PIN_E25       ; QSF Assignment ;
; Location ;                ;              ; GPIO_0[4]     ; PIN_F24       ; QSF Assignment ;
; Location ;                ;              ; GPIO_0[5]     ; PIN_F23       ; QSF Assignment ;
; Location ;                ;              ; GPIO_0[6]     ; PIN_J21       ; QSF Assignment ;
; Location ;                ;              ; GPIO_0[7]     ; PIN_J20       ; QSF Assignment ;
; Location ;                ;              ; GPIO_0[8]     ; PIN_F25       ; QSF Assignment ;
; Location ;                ;              ; GPIO_0[9]     ; PIN_F26       ; QSF Assignment ;
; Location ;                ;              ; GPIO_1[0]     ; PIN_K25       ; QSF Assignment ;
; Location ;                ;              ; GPIO_1[10]    ; PIN_N24       ; QSF Assignment ;
; Location ;                ;              ; GPIO_1[11]    ; PIN_P24       ; QSF Assignment ;
; Location ;                ;              ; GPIO_1[12]    ; PIN_R25       ; QSF Assignment ;
; Location ;                ;              ; GPIO_1[13]    ; PIN_R24       ; QSF Assignment ;
; Location ;                ;              ; GPIO_1[14]    ; PIN_R20       ; QSF Assignment ;
; Location ;                ;              ; GPIO_1[15]    ; PIN_T22       ; QSF Assignment ;
; Location ;                ;              ; GPIO_1[16]    ; PIN_T23       ; QSF Assignment ;
; Location ;                ;              ; GPIO_1[17]    ; PIN_T24       ; QSF Assignment ;
; Location ;                ;              ; GPIO_1[18]    ; PIN_T25       ; QSF Assignment ;
; Location ;                ;              ; GPIO_1[19]    ; PIN_T18       ; QSF Assignment ;
; Location ;                ;              ; GPIO_1[1]     ; PIN_K26       ; QSF Assignment ;
; Location ;                ;              ; GPIO_1[20]    ; PIN_T21       ; QSF Assignment ;
; Location ;                ;              ; GPIO_1[21]    ; PIN_T20       ; QSF Assignment ;
; Location ;                ;              ; GPIO_1[22]    ; PIN_U26       ; QSF Assignment ;
; Location ;                ;              ; GPIO_1[23]    ; PIN_U25       ; QSF Assignment ;
; Location ;                ;              ; GPIO_1[24]    ; PIN_U23       ; QSF Assignment ;
; Location ;                ;              ; GPIO_1[25]    ; PIN_U24       ; QSF Assignment ;
; Location ;                ;              ; GPIO_1[26]    ; PIN_R19       ; QSF Assignment ;
; Location ;                ;              ; GPIO_1[27]    ; PIN_T19       ; QSF Assignment ;
; Location ;                ;              ; GPIO_1[28]    ; PIN_U20       ; QSF Assignment ;
; Location ;                ;              ; GPIO_1[29]    ; PIN_U21       ; QSF Assignment ;
; Location ;                ;              ; GPIO_1[2]     ; PIN_M22       ; QSF Assignment ;
; Location ;                ;              ; GPIO_1[30]    ; PIN_V26       ; QSF Assignment ;
; Location ;                ;              ; GPIO_1[31]    ; PIN_V25       ; QSF Assignment ;
; Location ;                ;              ; GPIO_1[32]    ; PIN_V24       ; QSF Assignment ;
; Location ;                ;              ; GPIO_1[33]    ; PIN_V23       ; QSF Assignment ;
; Location ;                ;              ; GPIO_1[34]    ; PIN_W25       ; QSF Assignment ;
; Location ;                ;              ; GPIO_1[35]    ; PIN_W23       ; QSF Assignment ;
; Location ;                ;              ; GPIO_1[3]     ; PIN_M23       ; QSF Assignment ;
; Location ;                ;              ; GPIO_1[4]     ; PIN_M19       ; QSF Assignment ;
; Location ;                ;              ; GPIO_1[5]     ; PIN_M20       ; QSF Assignment ;
; Location ;                ;              ; GPIO_1[6]     ; PIN_N20       ; QSF Assignment ;
; Location ;                ;              ; GPIO_1[7]     ; PIN_M21       ; QSF Assignment ;
; Location ;                ;              ; GPIO_1[8]     ; PIN_M24       ; QSF Assignment ;
; Location ;                ;              ; GPIO_1[9]     ; PIN_M25       ; QSF Assignment ;
; Location ;                ;              ; HEX0[0]       ; PIN_AF10      ; QSF Assignment ;
; Location ;                ;              ; HEX0[1]       ; PIN_AB12      ; QSF Assignment ;
; Location ;                ;              ; HEX0[2]       ; PIN_AC12      ; QSF Assignment ;
; Location ;                ;              ; HEX0[3]       ; PIN_AD11      ; QSF Assignment ;
; Location ;                ;              ; HEX0[4]       ; PIN_AE11      ; QSF Assignment ;
; Location ;                ;              ; HEX0[5]       ; PIN_V14       ; QSF Assignment ;
; Location ;                ;              ; HEX0[6]       ; PIN_V13       ; QSF Assignment ;
; Location ;                ;              ; HEX1[0]       ; PIN_V20       ; QSF Assignment ;
; Location ;                ;              ; HEX1[1]       ; PIN_V21       ; QSF Assignment ;
; Location ;                ;              ; HEX1[2]       ; PIN_W21       ; QSF Assignment ;
; Location ;                ;              ; HEX1[3]       ; PIN_Y22       ; QSF Assignment ;
; Location ;                ;              ; HEX1[4]       ; PIN_AA24      ; QSF Assignment ;
; Location ;                ;              ; HEX1[5]       ; PIN_AA23      ; QSF Assignment ;
; Location ;                ;              ; HEX1[6]       ; PIN_AB24      ; QSF Assignment ;
; Location ;                ;              ; HEX2[0]       ; PIN_AB23      ; QSF Assignment ;
; Location ;                ;              ; HEX2[1]       ; PIN_V22       ; QSF Assignment ;
; Location ;                ;              ; HEX2[2]       ; PIN_AC25      ; QSF Assignment ;
; Location ;                ;              ; HEX2[3]       ; PIN_AC26      ; QSF Assignment ;
; Location ;                ;              ; HEX2[4]       ; PIN_AB26      ; QSF Assignment ;
; Location ;                ;              ; HEX2[5]       ; PIN_AB25      ; QSF Assignment ;
; Location ;                ;              ; HEX2[6]       ; PIN_Y24       ; QSF Assignment ;
; Location ;                ;              ; HEX3[0]       ; PIN_Y23       ; QSF Assignment ;
; Location ;                ;              ; HEX3[1]       ; PIN_AA25      ; QSF Assignment ;
; Location ;                ;              ; HEX3[2]       ; PIN_AA26      ; QSF Assignment ;
; Location ;                ;              ; HEX3[3]       ; PIN_Y26       ; QSF Assignment ;
; Location ;                ;              ; HEX3[4]       ; PIN_Y25       ; QSF Assignment ;
; Location ;                ;              ; HEX3[5]       ; PIN_U22       ; QSF Assignment ;
; Location ;                ;              ; HEX3[6]       ; PIN_W24       ; QSF Assignment ;
; Location ;                ;              ; HEX4[0]       ; PIN_U9        ; QSF Assignment ;
; Location ;                ;              ; HEX4[1]       ; PIN_U1        ; QSF Assignment ;
; Location ;                ;              ; HEX4[2]       ; PIN_U2        ; QSF Assignment ;
; Location ;                ;              ; HEX4[3]       ; PIN_T4        ; QSF Assignment ;
; Location ;                ;              ; HEX4[4]       ; PIN_R7        ; QSF Assignment ;
; Location ;                ;              ; HEX4[5]       ; PIN_R6        ; QSF Assignment ;
; Location ;                ;              ; HEX4[6]       ; PIN_T3        ; QSF Assignment ;
; Location ;                ;              ; HEX5[0]       ; PIN_T2        ; QSF Assignment ;
; Location ;                ;              ; HEX5[1]       ; PIN_P6        ; QSF Assignment ;
; Location ;                ;              ; HEX5[2]       ; PIN_P7        ; QSF Assignment ;
; Location ;                ;              ; HEX5[3]       ; PIN_T9        ; QSF Assignment ;
; Location ;                ;              ; HEX5[4]       ; PIN_R5        ; QSF Assignment ;
; Location ;                ;              ; HEX5[5]       ; PIN_R4        ; QSF Assignment ;
; Location ;                ;              ; HEX5[6]       ; PIN_R3        ; QSF Assignment ;
; Location ;                ;              ; HEX6[0]       ; PIN_R2        ; QSF Assignment ;
; Location ;                ;              ; HEX6[1]       ; PIN_P4        ; QSF Assignment ;
; Location ;                ;              ; HEX6[2]       ; PIN_P3        ; QSF Assignment ;
; Location ;                ;              ; HEX6[3]       ; PIN_M2        ; QSF Assignment ;
; Location ;                ;              ; HEX6[4]       ; PIN_M3        ; QSF Assignment ;
; Location ;                ;              ; HEX6[5]       ; PIN_M5        ; QSF Assignment ;
; Location ;                ;              ; HEX6[6]       ; PIN_M4        ; QSF Assignment ;
; Location ;                ;              ; HEX7[0]       ; PIN_L3        ; QSF Assignment ;
; Location ;                ;              ; HEX7[1]       ; PIN_L2        ; QSF Assignment ;
; Location ;                ;              ; HEX7[2]       ; PIN_L9        ; QSF Assignment ;
; Location ;                ;              ; HEX7[3]       ; PIN_L6        ; QSF Assignment ;
; Location ;                ;              ; HEX7[4]       ; PIN_L7        ; QSF Assignment ;
; Location ;                ;              ; HEX7[5]       ; PIN_P9        ; QSF Assignment ;
; Location ;                ;              ; HEX7[6]       ; PIN_N9        ; QSF Assignment ;
; Location ;                ;              ; I2C_SCLK      ; PIN_A6        ; QSF Assignment ;
; Location ;                ;              ; I2C_SDAT      ; PIN_B6        ; QSF Assignment ;
; Location ;                ;              ; IRDA_RXD      ; PIN_AE25      ; QSF Assignment ;
; Location ;                ;              ; IRDA_TXD      ; PIN_AE24      ; QSF Assignment ;
; Location ;                ;              ; KEY[0]        ; PIN_G26       ; QSF Assignment ;
; Location ;                ;              ; KEY[1]        ; PIN_N23       ; QSF Assignment ;
; Location ;                ;              ; KEY[2]        ; PIN_P23       ; QSF Assignment ;
; Location ;                ;              ; KEY[3]        ; PIN_W26       ; QSF Assignment ;
; Location ;                ;              ; LCD_BLON      ; PIN_K2        ; QSF Assignment ;
; Location ;                ;              ; LCD_DATA[0]   ; PIN_J1        ; QSF Assignment ;
; Location ;                ;              ; LCD_DATA[1]   ; PIN_J2        ; QSF Assignment ;
; Location ;                ;              ; LCD_DATA[2]   ; PIN_H1        ; QSF Assignment ;
; Location ;                ;              ; LCD_DATA[3]   ; PIN_H2        ; QSF Assignment ;
; Location ;                ;              ; LCD_DATA[4]   ; PIN_J4        ; QSF Assignment ;
; Location ;                ;              ; LCD_DATA[5]   ; PIN_J3        ; QSF Assignment ;
; Location ;                ;              ; LCD_DATA[6]   ; PIN_H4        ; QSF Assignment ;
; Location ;                ;              ; LCD_DATA[7]   ; PIN_H3        ; QSF Assignment ;
; Location ;                ;              ; LCD_EN        ; PIN_K3        ; QSF Assignment ;
; Location ;                ;              ; LCD_ON        ; PIN_L4        ; QSF Assignment ;
; Location ;                ;              ; LCD_RS        ; PIN_K1        ; QSF Assignment ;
; Location ;                ;              ; LCD_RW        ; PIN_K4        ; QSF Assignment ;
; Location ;                ;              ; LEDG[0]       ; PIN_AE22      ; QSF Assignment ;
; Location ;                ;              ; LEDG[1]       ; PIN_AF22      ; QSF Assignment ;
; Location ;                ;              ; LEDG[2]       ; PIN_W19       ; QSF Assignment ;
; Location ;                ;              ; LEDG[3]       ; PIN_V18       ; QSF Assignment ;
; Location ;                ;              ; LEDG[4]       ; PIN_U18       ; QSF Assignment ;
; Location ;                ;              ; LEDG[5]       ; PIN_U17       ; QSF Assignment ;
; Location ;                ;              ; LEDG[6]       ; PIN_AA20      ; QSF Assignment ;
; Location ;                ;              ; LEDG[7]       ; PIN_Y18       ; QSF Assignment ;
; Location ;                ;              ; LEDG[8]       ; PIN_Y12       ; QSF Assignment ;
; Location ;                ;              ; LEDR[0]       ; PIN_AE23      ; QSF Assignment ;
; Location ;                ;              ; LEDR[10]      ; PIN_AA13      ; QSF Assignment ;
; Location ;                ;              ; LEDR[11]      ; PIN_AC14      ; QSF Assignment ;
; Location ;                ;              ; LEDR[12]      ; PIN_AD15      ; QSF Assignment ;
; Location ;                ;              ; LEDR[13]      ; PIN_AE15      ; QSF Assignment ;
; Location ;                ;              ; LEDR[14]      ; PIN_AF13      ; QSF Assignment ;
; Location ;                ;              ; LEDR[15]      ; PIN_AE13      ; QSF Assignment ;
; Location ;                ;              ; LEDR[16]      ; PIN_AE12      ; QSF Assignment ;
; Location ;                ;              ; LEDR[17]      ; PIN_AD12      ; QSF Assignment ;
; Location ;                ;              ; LEDR[1]       ; PIN_AF23      ; QSF Assignment ;
; Location ;                ;              ; LEDR[2]       ; PIN_AB21      ; QSF Assignment ;
; Location ;                ;              ; LEDR[3]       ; PIN_AC22      ; QSF Assignment ;
; Location ;                ;              ; LEDR[4]       ; PIN_AD22      ; QSF Assignment ;
; Location ;                ;              ; LEDR[5]       ; PIN_AD23      ; QSF Assignment ;
; Location ;                ;              ; LEDR[6]       ; PIN_AD21      ; QSF Assignment ;
; Location ;                ;              ; LEDR[7]       ; PIN_AC21      ; QSF Assignment ;
; Location ;                ;              ; LEDR[8]       ; PIN_AA14      ; QSF Assignment ;
; Location ;                ;              ; LEDR[9]       ; PIN_Y13       ; QSF Assignment ;
; Location ;                ;              ; OTG_ADDR[0]   ; PIN_K7        ; QSF Assignment ;
; Location ;                ;              ; OTG_ADDR[1]   ; PIN_F2        ; QSF Assignment ;
; Location ;                ;              ; OTG_CS_N      ; PIN_F1        ; QSF Assignment ;
; Location ;                ;              ; OTG_DACK0_N   ; PIN_C2        ; QSF Assignment ;
; Location ;                ;              ; OTG_DACK1_N   ; PIN_B2        ; QSF Assignment ;
; Location ;                ;              ; OTG_DATA[0]   ; PIN_F4        ; QSF Assignment ;
; Location ;                ;              ; OTG_DATA[10]  ; PIN_K6        ; QSF Assignment ;
; Location ;                ;              ; OTG_DATA[11]  ; PIN_K5        ; QSF Assignment ;
; Location ;                ;              ; OTG_DATA[12]  ; PIN_G4        ; QSF Assignment ;
; Location ;                ;              ; OTG_DATA[13]  ; PIN_G3        ; QSF Assignment ;
; Location ;                ;              ; OTG_DATA[14]  ; PIN_J6        ; QSF Assignment ;
; Location ;                ;              ; OTG_DATA[15]  ; PIN_K8        ; QSF Assignment ;
; Location ;                ;              ; OTG_DATA[1]   ; PIN_D2        ; QSF Assignment ;
; Location ;                ;              ; OTG_DATA[2]   ; PIN_D1        ; QSF Assignment ;
; Location ;                ;              ; OTG_DATA[3]   ; PIN_F7        ; QSF Assignment ;
; Location ;                ;              ; OTG_DATA[4]   ; PIN_J5        ; QSF Assignment ;
; Location ;                ;              ; OTG_DATA[5]   ; PIN_J8        ; QSF Assignment ;
; Location ;                ;              ; OTG_DATA[6]   ; PIN_J7        ; QSF Assignment ;
; Location ;                ;              ; OTG_DATA[7]   ; PIN_H6        ; QSF Assignment ;
; Location ;                ;              ; OTG_DATA[8]   ; PIN_E2        ; QSF Assignment ;
; Location ;                ;              ; OTG_DATA[9]   ; PIN_E1        ; QSF Assignment ;
; Location ;                ;              ; OTG_DREQ0     ; PIN_F6        ; QSF Assignment ;
; Location ;                ;              ; OTG_DREQ1     ; PIN_E5        ; QSF Assignment ;
; Location ;                ;              ; OTG_FSPEED    ; PIN_F3        ; QSF Assignment ;
; Location ;                ;              ; OTG_INT0      ; PIN_B3        ; QSF Assignment ;
; Location ;                ;              ; OTG_INT1      ; PIN_C3        ; QSF Assignment ;
; Location ;                ;              ; OTG_LSPEED    ; PIN_G6        ; QSF Assignment ;
; Location ;                ;              ; OTG_RD_N      ; PIN_G2        ; QSF Assignment ;
; Location ;                ;              ; OTG_RST_N     ; PIN_G5        ; QSF Assignment ;
; Location ;                ;              ; OTG_WR_N      ; PIN_G1        ; QSF Assignment ;
; Location ;                ;              ; PS2_CLK       ; PIN_D26       ; QSF Assignment ;
; Location ;                ;              ; PS2_DAT       ; PIN_C24       ; QSF Assignment ;
; Location ;                ;              ; SD_CLK        ; PIN_AD25      ; QSF Assignment ;
; Location ;                ;              ; SD_CMD        ; PIN_Y21       ; QSF Assignment ;
; Location ;                ;              ; SD_DAT        ; PIN_AD24      ; QSF Assignment ;
; Location ;                ;              ; SD_DAT3       ; PIN_AC23      ; QSF Assignment ;
; Location ;                ;              ; SRAM_ADDR[0]  ; PIN_AE4       ; QSF Assignment ;
; Location ;                ;              ; SRAM_ADDR[10] ; PIN_V10       ; QSF Assignment ;
; Location ;                ;              ; SRAM_ADDR[11] ; PIN_V9        ; QSF Assignment ;
; Location ;                ;              ; SRAM_ADDR[12] ; PIN_AC7       ; QSF Assignment ;
; Location ;                ;              ; SRAM_ADDR[13] ; PIN_W8        ; QSF Assignment ;
; Location ;                ;              ; SRAM_ADDR[14] ; PIN_W10       ; QSF Assignment ;
; Location ;                ;              ; SRAM_ADDR[15] ; PIN_Y10       ; QSF Assignment ;
; Location ;                ;              ; SRAM_ADDR[16] ; PIN_AB8       ; QSF Assignment ;
; Location ;                ;              ; SRAM_ADDR[17] ; PIN_AC8       ; QSF Assignment ;
; Location ;                ;              ; SRAM_ADDR[1]  ; PIN_AF4       ; QSF Assignment ;
; Location ;                ;              ; SRAM_ADDR[2]  ; PIN_AC5       ; QSF Assignment ;
; Location ;                ;              ; SRAM_ADDR[3]  ; PIN_AC6       ; QSF Assignment ;
; Location ;                ;              ; SRAM_ADDR[4]  ; PIN_AD4       ; QSF Assignment ;
; Location ;                ;              ; SRAM_ADDR[5]  ; PIN_AD5       ; QSF Assignment ;
; Location ;                ;              ; SRAM_ADDR[6]  ; PIN_AE5       ; QSF Assignment ;
; Location ;                ;              ; SRAM_ADDR[7]  ; PIN_AF5       ; QSF Assignment ;
; Location ;                ;              ; SRAM_ADDR[8]  ; PIN_AD6       ; QSF Assignment ;
; Location ;                ;              ; SRAM_ADDR[9]  ; PIN_AD7       ; QSF Assignment ;
; Location ;                ;              ; SRAM_CE_N     ; PIN_AC11      ; QSF Assignment ;
; Location ;                ;              ; SRAM_DQ[0]    ; PIN_AD8       ; QSF Assignment ;
; Location ;                ;              ; SRAM_DQ[10]   ; PIN_AE8       ; QSF Assignment ;
; Location ;                ;              ; SRAM_DQ[11]   ; PIN_AF8       ; QSF Assignment ;
; Location ;                ;              ; SRAM_DQ[12]   ; PIN_W11       ; QSF Assignment ;
; Location ;                ;              ; SRAM_DQ[13]   ; PIN_W12       ; QSF Assignment ;
; Location ;                ;              ; SRAM_DQ[14]   ; PIN_AC9       ; QSF Assignment ;
; Location ;                ;              ; SRAM_DQ[15]   ; PIN_AC10      ; QSF Assignment ;
; Location ;                ;              ; SRAM_DQ[1]    ; PIN_AE6       ; QSF Assignment ;
; Location ;                ;              ; SRAM_DQ[2]    ; PIN_AF6       ; QSF Assignment ;
; Location ;                ;              ; SRAM_DQ[3]    ; PIN_AA9       ; QSF Assignment ;
; Location ;                ;              ; SRAM_DQ[4]    ; PIN_AA10      ; QSF Assignment ;
; Location ;                ;              ; SRAM_DQ[5]    ; PIN_AB10      ; QSF Assignment ;
; Location ;                ;              ; SRAM_DQ[6]    ; PIN_AA11      ; QSF Assignment ;
; Location ;                ;              ; SRAM_DQ[7]    ; PIN_Y11       ; QSF Assignment ;
; Location ;                ;              ; SRAM_DQ[8]    ; PIN_AE7       ; QSF Assignment ;
; Location ;                ;              ; SRAM_DQ[9]    ; PIN_AF7       ; QSF Assignment ;
; Location ;                ;              ; SRAM_LB_N     ; PIN_AE9       ; QSF Assignment ;
; Location ;                ;              ; SRAM_OE_N     ; PIN_AD10      ; QSF Assignment ;
; Location ;                ;              ; SRAM_UB_N     ; PIN_AF9       ; QSF Assignment ;
; Location ;                ;              ; SRAM_WE_N     ; PIN_AE10      ; QSF Assignment ;
; Location ;                ;              ; SW[0]         ; PIN_N25       ; QSF Assignment ;
; Location ;                ;              ; SW[10]        ; PIN_N1        ; QSF Assignment ;
; Location ;                ;              ; SW[11]        ; PIN_P1        ; QSF Assignment ;
; Location ;                ;              ; SW[12]        ; PIN_P2        ; QSF Assignment ;
; Location ;                ;              ; SW[13]        ; PIN_T7        ; QSF Assignment ;
; Location ;                ;              ; SW[14]        ; PIN_U3        ; QSF Assignment ;
; Location ;                ;              ; SW[15]        ; PIN_U4        ; QSF Assignment ;
; Location ;                ;              ; SW[16]        ; PIN_V1        ; QSF Assignment ;
; Location ;                ;              ; SW[17]        ; PIN_V2        ; QSF Assignment ;
; Location ;                ;              ; SW[1]         ; PIN_N26       ; QSF Assignment ;
; Location ;                ;              ; SW[2]         ; PIN_P25       ; QSF Assignment ;
; Location ;                ;              ; SW[3]         ; PIN_AE14      ; QSF Assignment ;
; Location ;                ;              ; SW[4]         ; PIN_AF14      ; QSF Assignment ;
; Location ;                ;              ; SW[5]         ; PIN_AD13      ; QSF Assignment ;
; Location ;                ;              ; SW[6]         ; PIN_AC13      ; QSF Assignment ;
; Location ;                ;              ; SW[7]         ; PIN_C13       ; QSF Assignment ;
; Location ;                ;              ; SW[8]         ; PIN_B13       ; QSF Assignment ;
; Location ;                ;              ; SW[9]         ; PIN_A13       ; QSF Assignment ;
; Location ;                ;              ; TCK           ; PIN_D14       ; QSF Assignment ;
; Location ;                ;              ; TCS           ; PIN_A14       ; QSF Assignment ;
; Location ;                ;              ; TDI           ; PIN_B14       ; QSF Assignment ;
; Location ;                ;              ; TDO           ; PIN_F14       ; QSF Assignment ;
; Location ;                ;              ; TD_DATA[0]    ; PIN_J9        ; QSF Assignment ;
; Location ;                ;              ; TD_DATA[1]    ; PIN_E8        ; QSF Assignment ;
; Location ;                ;              ; TD_DATA[2]    ; PIN_H8        ; QSF Assignment ;
; Location ;                ;              ; TD_DATA[3]    ; PIN_H10       ; QSF Assignment ;
; Location ;                ;              ; TD_DATA[4]    ; PIN_G9        ; QSF Assignment ;
; Location ;                ;              ; TD_DATA[5]    ; PIN_F9        ; QSF Assignment ;
; Location ;                ;              ; TD_DATA[6]    ; PIN_D7        ; QSF Assignment ;
; Location ;                ;              ; TD_DATA[7]    ; PIN_C7        ; QSF Assignment ;
; Location ;                ;              ; TD_HS         ; PIN_D5        ; QSF Assignment ;
; Location ;                ;              ; TD_RESET      ; PIN_C4        ; QSF Assignment ;
; Location ;                ;              ; TD_VS         ; PIN_K9        ; QSF Assignment ;
; Location ;                ;              ; UART_RXD      ; PIN_C25       ; QSF Assignment ;
; Location ;                ;              ; UART_TXD      ; PIN_B25       ; QSF Assignment ;
; Location ;                ;              ; VGA_BLANK     ; PIN_D6        ; QSF Assignment ;
; Location ;                ;              ; VGA_B[0]      ; PIN_J13       ; QSF Assignment ;
; Location ;                ;              ; VGA_B[1]      ; PIN_J14       ; QSF Assignment ;
; Location ;                ;              ; VGA_B[2]      ; PIN_F12       ; QSF Assignment ;
; Location ;                ;              ; VGA_B[3]      ; PIN_G12       ; QSF Assignment ;
; Location ;                ;              ; VGA_B[4]      ; PIN_J10       ; QSF Assignment ;
; Location ;                ;              ; VGA_B[5]      ; PIN_J11       ; QSF Assignment ;
; Location ;                ;              ; VGA_B[6]      ; PIN_C11       ; QSF Assignment ;
; Location ;                ;              ; VGA_B[7]      ; PIN_B11       ; QSF Assignment ;
; Location ;                ;              ; VGA_B[8]      ; PIN_C12       ; QSF Assignment ;
; Location ;                ;              ; VGA_B[9]      ; PIN_B12       ; QSF Assignment ;
; Location ;                ;              ; VGA_CLK       ; PIN_B8        ; QSF Assignment ;
; Location ;                ;              ; VGA_G[0]      ; PIN_B9        ; QSF Assignment ;
; Location ;                ;              ; VGA_G[1]      ; PIN_A9        ; QSF Assignment ;
; Location ;                ;              ; VGA_G[2]      ; PIN_C10       ; QSF Assignment ;
; Location ;                ;              ; VGA_G[3]      ; PIN_D10       ; QSF Assignment ;
; Location ;                ;              ; VGA_G[4]      ; PIN_B10       ; QSF Assignment ;
; Location ;                ;              ; VGA_G[5]      ; PIN_A10       ; QSF Assignment ;
; Location ;                ;              ; VGA_G[6]      ; PIN_G11       ; QSF Assignment ;
; Location ;                ;              ; VGA_G[7]      ; PIN_D11       ; QSF Assignment ;
; Location ;                ;              ; VGA_G[8]      ; PIN_E12       ; QSF Assignment ;
; Location ;                ;              ; VGA_G[9]      ; PIN_D12       ; QSF Assignment ;
; Location ;                ;              ; VGA_HS        ; PIN_A7        ; QSF Assignment ;
; Location ;                ;              ; VGA_R[0]      ; PIN_C8        ; QSF Assignment ;
; Location ;                ;              ; VGA_R[1]      ; PIN_F10       ; QSF Assignment ;
; Location ;                ;              ; VGA_R[2]      ; PIN_G10       ; QSF Assignment ;
; Location ;                ;              ; VGA_R[3]      ; PIN_D9        ; QSF Assignment ;
; Location ;                ;              ; VGA_R[4]      ; PIN_C9        ; QSF Assignment ;
; Location ;                ;              ; VGA_R[5]      ; PIN_A8        ; QSF Assignment ;
; Location ;                ;              ; VGA_R[6]      ; PIN_H11       ; QSF Assignment ;
; Location ;                ;              ; VGA_R[7]      ; PIN_H12       ; QSF Assignment ;
; Location ;                ;              ; VGA_R[8]      ; PIN_F11       ; QSF Assignment ;
; Location ;                ;              ; VGA_R[9]      ; PIN_E10       ; QSF Assignment ;
; Location ;                ;              ; VGA_SYNC      ; PIN_B7        ; QSF Assignment ;
; Location ;                ;              ; VGA_VS        ; PIN_D8        ; QSF Assignment ;
+----------+----------------+--------------+---------------+---------------+----------------+


+----------------------------------------------+
; Incremental Compilation Preservation Summary ;
+---------------------+------------------------+
; Type                ; Value                  ;
+---------------------+------------------------+
; Placement (by node) ;                        ;
;     -- Requested    ; 0 / 6051 ( 0.00 % )    ;
;     -- Achieved     ; 0 / 6051 ( 0.00 % )    ;
;                     ;                        ;
; Routing (by net)    ;                        ;
;     -- Requested    ; 0 / 0 ( 0.00 % )       ;
;     -- Achieved     ; 0 / 0 ( 0.00 % )       ;
+---------------------+------------------------+


+----------------------------------------------------------------------------------------------------------------------------------------------------------------------------------------+
; Incremental Compilation Partition Settings                                                                                                                                             ;
+--------------------------------+----------------+-------------------+-------------------------+------------------------+------------------------------+--------------------------------+
; Partition Name                 ; Partition Type ; Netlist Type Used ; Preservation Level Used ; Netlist Type Requested ; Preservation Level Requested ; Contents                       ;
+--------------------------------+----------------+-------------------+-------------------------+------------------------+------------------------------+--------------------------------+
; Top                            ; User-created   ; Source File       ; N/A                     ; Source File            ; N/A                          ;                                ;
; hard_block:auto_generated_inst ; Auto-generated ; Source File       ; N/A                     ; Source File            ; N/A                          ; hard_block:auto_generated_inst ;
+--------------------------------+----------------+-------------------+-------------------------+------------------------+------------------------------+--------------------------------+


+------------------------------------------------------------------------------------------------------------+
; Incremental Compilation Placement Preservation                                                             ;
+--------------------------------+---------+-------------------+-------------------------+-------------------+
; Partition Name                 ; # Nodes ; # Preserved Nodes ; Preservation Level Used ; Netlist Type Used ;
+--------------------------------+---------+-------------------+-------------------------+-------------------+
; Top                            ; 6048    ; 0                 ; N/A                     ; Source File       ;
; hard_block:auto_generated_inst ; 3       ; 0                 ; N/A                     ; Source File       ;
+--------------------------------+---------+-------------------+-------------------------+-------------------+


+--------------+
; Pin-Out File ;
+--------------+
The pin-out file can be found in D:/CE433/DES-56bits-key/output_files/DES_ALGORITHM.pin.


+-----------------------------------------------------------------------+
; Fitter Resource Usage Summary                                         ;
+---------------------------------------------+-------------------------+
; Resource                                    ; Usage                   ;
+---------------------------------------------+-------------------------+
; Total logic elements                        ; 4,607 / 33,216 ( 14 % ) ;
;     -- Combinational with no register       ; 2614                    ;
;     -- Register only                        ; 751                     ;
;     -- Combinational with a register        ; 1242                    ;
;                                             ;                         ;
; Logic element usage by number of LUT inputs ;                         ;
;     -- 4 input functions                    ; 2971                    ;
;     -- 3 input functions                    ; 23                      ;
;     -- <=2 input functions                  ; 862                     ;
;     -- Register only                        ; 751                     ;
;                                             ;                         ;
; Logic elements by mode                      ;                         ;
;     -- normal mode                          ; 3856                    ;
;     -- arithmetic mode                      ; 0                       ;
;                                             ;                         ;
; Total registers*                            ; 1,993 / 34,593 ( 6 % )  ;
;     -- Dedicated logic registers            ; 1,993 / 33,216 ( 6 % )  ;
;     -- I/O registers                        ; 0 / 1,377 ( 0 % )       ;
;                                             ;                         ;
; Total LABs:  partially or completely used   ; 329 / 2,076 ( 16 % )    ;
; Virtual pins                                ; 0                       ;
; I/O pins                                    ; 196 / 475 ( 41 % )      ;
;     -- Clock pins                           ; 2 / 8 ( 25 % )          ;
;                                             ;                         ;
; Global signals                              ; 2                       ;
; M4Ks                                        ; 0 / 105 ( 0 % )         ;
; Total block memory bits                     ; 0 / 483,840 ( 0 % )     ;
; Total block memory implementation bits      ; 0 / 483,840 ( 0 % )     ;
; Embedded Multiplier 9-bit elements          ; 0 / 70 ( 0 % )          ;
; PLLs                                        ; 0 / 4 ( 0 % )           ;
; Global clocks                               ; 2 / 16 ( 13 % )         ;
; JTAGs                                       ; 0 / 1 ( 0 % )           ;
; ASMI blocks                                 ; 0 / 1 ( 0 % )           ;
; CRC blocks                                  ; 0 / 1 ( 0 % )           ;
; Average interconnect usage (total/H/V)      ; 3% / 3% / 3%            ;
; Peak interconnect usage (total/H/V)         ; 10% / 9% / 10%          ;
; Maximum fan-out                             ; 1993                    ;
; Highest non-global fan-out                  ; 14                      ;
; Total fan-out                               ; 20282                   ;
; Average fan-out                             ; 3.07                    ;
+---------------------------------------------+-------------------------+
*  Register count does not include registers inside RAM blocks or DSP blocks.



+------------------------------------------------------------------------------------------------------+
; Fitter Partition Statistics                                                                          ;
+---------------------------------------------+-----------------------+--------------------------------+
; Statistic                                   ; Top                   ; hard_block:auto_generated_inst ;
+---------------------------------------------+-----------------------+--------------------------------+
; Difficulty Clustering Region                ; Low                   ; Low                            ;
;                                             ;                       ;                                ;
; Total logic elements                        ; 4607 / 33216 ( 14 % ) ; 0 / 33216 ( 0 % )              ;
;     -- Combinational with no register       ; 2614                  ; 0                              ;
;     -- Register only                        ; 751                   ; 0                              ;
;     -- Combinational with a register        ; 1242                  ; 0                              ;
;                                             ;                       ;                                ;
; Logic element usage by number of LUT inputs ;                       ;                                ;
;     -- 4 input functions                    ; 2971                  ; 0                              ;
;     -- 3 input functions                    ; 23                    ; 0                              ;
;     -- <=2 input functions                  ; 862                   ; 0                              ;
;     -- Register only                        ; 751                   ; 0                              ;
;                                             ;                       ;                                ;
; Logic elements by mode                      ;                       ;                                ;
;     -- normal mode                          ; 3856                  ; 0                              ;
;     -- arithmetic mode                      ; 0                     ; 0                              ;
;                                             ;                       ;                                ;
; Total registers                             ; 1993                  ; 0                              ;
;     -- Dedicated logic registers            ; 1993 / 33216 ( 6 % )  ; 0 / 33216 ( 0 % )              ;
;                                             ;                       ;                                ;
; Total LABs:  partially or completely used   ; 329 / 2076 ( 16 % )   ; 0 / 2076 ( 0 % )               ;
;                                             ;                       ;                                ;
; Virtual pins                                ; 0                     ; 0                              ;
; I/O pins                                    ; 196                   ; 0                              ;
; Embedded Multiplier 9-bit elements          ; 0 / 70 ( 0 % )        ; 0 / 70 ( 0 % )                 ;
; Total memory bits                           ; 0                     ; 0                              ;
; Total RAM block bits                        ; 0                     ; 0                              ;
; Clock control block                         ; 2 / 20 ( 10 % )       ; 0 / 20 ( 0 % )                 ;
;                                             ;                       ;                                ;
; Connections                                 ;                       ;                                ;
;     -- Input Connections                    ; 0                     ; 0                              ;
;     -- Registered Input Connections         ; 0                     ; 0                              ;
;     -- Output Connections                   ; 0                     ; 0                              ;
;     -- Registered Output Connections        ; 0                     ; 0                              ;
;                                             ;                       ;                                ;
; Internal Connections                        ;                       ;                                ;
;     -- Total Connections                    ; 20282                 ; 0                              ;
;     -- Registered Connections               ; 3637                  ; 0                              ;
;                                             ;                       ;                                ;
; External Connections                        ;                       ;                                ;
;     -- Top                                  ; 0                     ; 0                              ;
;     -- hard_block:auto_generated_inst       ; 0                     ; 0                              ;
;                                             ;                       ;                                ;
; Partition Interface                         ;                       ;                                ;
;     -- Input Ports                          ; 131                   ; 0                              ;
;     -- Output Ports                         ; 65                    ; 0                              ;
;     -- Bidir Ports                          ; 0                     ; 0                              ;
;                                             ;                       ;                                ;
; Registered Ports                            ;                       ;                                ;
;     -- Registered Input Ports               ; 0                     ; 0                              ;
;     -- Registered Output Ports              ; 0                     ; 0                              ;
;                                             ;                       ;                                ;
; Port Connectivity                           ;                       ;                                ;
;     -- Input Ports driven by GND            ; 0                     ; 0                              ;
;     -- Output Ports driven by GND           ; 0                     ; 0                              ;
;     -- Input Ports driven by VCC            ; 0                     ; 0                              ;
;     -- Output Ports driven by VCC           ; 0                     ; 0                              ;
;     -- Input Ports with no Source           ; 0                     ; 0                              ;
;     -- Output Ports with no Source          ; 0                     ; 0                              ;
;     -- Input Ports with no Fanout           ; 0                     ; 0                              ;
;     -- Output Ports with no Fanout          ; 0                     ; 0                              ;
+---------------------------------------------+-----------------------+--------------------------------+


+---------------------------------------------------------------------------------------------------------------------------------------------------------------------------------------------------------------------------------------------------------------------+
; Input Pins                                                                                                                                                                                                                                                          ;
+---------------+-------+----------+--------------+--------------+-------------+-----------------------+--------------------+--------+----------------+---------------+-----------------+----------+--------------+--------------+-------------+----------------------+
; Name          ; Pin # ; I/O Bank ; X coordinate ; Y coordinate ; Cell number ; Combinational Fan-Out ; Registered Fan-Out ; Global ; Input Register ; Power Up High ; PCI I/O Enabled ; Bus Hold ; Weak Pull Up ; I/O Standard ; Termination ; Location assigned by ;
+---------------+-------+----------+--------------+--------------+-------------+-----------------------+--------------------+--------+----------------+---------------+-----------------+----------+--------------+--------------+-------------+----------------------+
; Clk           ; P2    ; 1        ; 0            ; 18           ; 2           ; 1                     ; 0                  ; yes    ; no             ; no            ; no              ; no       ; Off          ; 3.3-V LVTTL  ; Off         ; Fitter               ;
; Key_in[0]     ; C13   ; 3        ; 31           ; 36           ; 2           ; 0                     ; 0                  ; no     ; no             ; no            ; no              ; no       ; Off          ; 3.3-V LVTTL  ; Off         ; Fitter               ;
; Key_in[10]    ; E1    ; 2        ; 0            ; 30           ; 1           ; 1                     ; 0                  ; no     ; no             ; no            ; no              ; no       ; Off          ; 3.3-V LVTTL  ; Off         ; Fitter               ;
; Key_in[11]    ; P3    ; 1        ; 0            ; 17           ; 0           ; 1                     ; 0                  ; no     ; no             ; no            ; no              ; no       ; Off          ; 3.3-V LVTTL  ; Off         ; Fitter               ;
; Key_in[12]    ; H11   ; 3        ; 18           ; 36           ; 3           ; 1                     ; 0                  ; no     ; no             ; no            ; no              ; no       ; Off          ; 3.3-V LVTTL  ; Off         ; Fitter               ;
; Key_in[13]    ; D7    ; 3        ; 9            ; 36           ; 1           ; 1                     ; 0                  ; no     ; no             ; no            ; no              ; no       ; Off          ; 3.3-V LVTTL  ; Off         ; Fitter               ;
; Key_in[14]    ; B10   ; 3        ; 22           ; 36           ; 3           ; 1                     ; 0                  ; no     ; no             ; no            ; no              ; no       ; Off          ; 3.3-V LVTTL  ; Off         ; Fitter               ;
; Key_in[15]    ; K1    ; 2        ; 0            ; 25           ; 0           ; 1                     ; 0                  ; no     ; no             ; no            ; no              ; no       ; Off          ; 3.3-V LVTTL  ; Off         ; Fitter               ;
; Key_in[16]    ; AE21  ; 7        ; 55           ; 0            ; 0           ; 0                     ; 0                  ; no     ; no             ; no            ; no              ; no       ; Off          ; 3.3-V LVTTL  ; Off         ; Fitter               ;
; Key_in[17]    ; B8    ; 3        ; 16           ; 36           ; 1           ; 1                     ; 0                  ; no     ; no             ; no            ; no              ; no       ; Off          ; 3.3-V LVTTL  ; Off         ; Fitter               ;
; Key_in[18]    ; U10   ; 1        ; 0            ; 13           ; 3           ; 1                     ; 0                  ; no     ; no             ; no            ; no              ; no       ; Off          ; 3.3-V LVTTL  ; Off         ; Fitter               ;
; Key_in[19]    ; G1    ; 2        ; 0            ; 28           ; 2           ; 1                     ; 0                  ; no     ; no             ; no            ; no              ; no       ; Off          ; 3.3-V LVTTL  ; Off         ; Fitter               ;
; Key_in[1]     ; D11   ; 3        ; 22           ; 36           ; 0           ; 1                     ; 0                  ; no     ; no             ; no            ; no              ; no       ; Off          ; 3.3-V LVTTL  ; Off         ; Fitter               ;
; Key_in[20]    ; U7    ; 1        ; 0            ; 10           ; 3           ; 1                     ; 0                  ; no     ; no             ; no            ; no              ; no       ; Off          ; 3.3-V LVTTL  ; Off         ; Fitter               ;
; Key_in[21]    ; J14   ; 3        ; 24           ; 36           ; 0           ; 1                     ; 0                  ; no     ; no             ; no            ; no              ; no       ; Off          ; 3.3-V LVTTL  ; Off         ; Fitter               ;
; Key_in[22]    ; M5    ; 2        ; 0            ; 23           ; 2           ; 1                     ; 0                  ; no     ; no             ; no            ; no              ; no       ; Off          ; 3.3-V LVTTL  ; Off         ; Fitter               ;
; Key_in[23]    ; J3    ; 2        ; 0            ; 27           ; 1           ; 1                     ; 0                  ; no     ; no             ; no            ; no              ; no       ; Off          ; 3.3-V LVTTL  ; Off         ; Fitter               ;
; Key_in[24]    ; C2    ; 2        ; 0            ; 33           ; 1           ; 0                     ; 0                  ; no     ; no             ; no            ; no              ; no       ; Off          ; 3.3-V LVTTL  ; Off         ; Fitter               ;
; Key_in[25]    ; J2    ; 2        ; 0            ; 26           ; 0           ; 1                     ; 0                  ; no     ; no             ; no            ; no              ; no       ; Off          ; 3.3-V LVTTL  ; Off         ; Fitter               ;
; Key_in[26]    ; B9    ; 3        ; 20           ; 36           ; 3           ; 1                     ; 0                  ; no     ; no             ; no            ; no              ; no       ; Off          ; 3.3-V LVTTL  ; Off         ; Fitter               ;
; Key_in[27]    ; D8    ; 3        ; 14           ; 36           ; 3           ; 1                     ; 0                  ; no     ; no             ; no            ; no              ; no       ; Off          ; 3.3-V LVTTL  ; Off         ; Fitter               ;
; Key_in[28]    ; P7    ; 1        ; 0            ; 15           ; 0           ; 1                     ; 0                  ; no     ; no             ; no            ; no              ; no       ; Off          ; 3.3-V LVTTL  ; Off         ; Fitter               ;
; Key_in[29]    ; M4    ; 2        ; 0            ; 23           ; 1           ; 1                     ; 0                  ; no     ; no             ; no            ; no              ; no       ; Off          ; 3.3-V LVTTL  ; Off         ; Fitter               ;
; Key_in[2]     ; E10   ; 3        ; 18           ; 36           ; 0           ; 1                     ; 0                  ; no     ; no             ; no            ; no              ; no       ; Off          ; 3.3-V LVTTL  ; Off         ; Fitter               ;
; Key_in[30]    ; L3    ; 2        ; 0            ; 24           ; 4           ; 1                     ; 0                  ; no     ; no             ; no            ; no              ; no       ; Off          ; 3.3-V LVTTL  ; Off         ; Fitter               ;
; Key_in[31]    ; N9    ; 2        ; 0            ; 25           ; 3           ; 1                     ; 0                  ; no     ; no             ; no            ; no              ; no       ; Off          ; 3.3-V LVTTL  ; Off         ; Fitter               ;
; Key_in[32]    ; C4    ; 3        ; 5            ; 36           ; 3           ; 0                     ; 0                  ; no     ; no             ; no            ; no              ; no       ; Off          ; 3.3-V LVTTL  ; Off         ; Fitter               ;
; Key_in[33]    ; G9    ; 3        ; 7            ; 36           ; 0           ; 1                     ; 0                  ; no     ; no             ; no            ; no              ; no       ; Off          ; 3.3-V LVTTL  ; Off         ; Fitter               ;
; Key_in[34]    ; J1    ; 2        ; 0            ; 26           ; 1           ; 1                     ; 0                  ; no     ; no             ; no            ; no              ; no       ; Off          ; 3.3-V LVTTL  ; Off         ; Fitter               ;
; Key_in[35]    ; D6    ; 3        ; 11           ; 36           ; 2           ; 1                     ; 0                  ; no     ; no             ; no            ; no              ; no       ; Off          ; 3.3-V LVTTL  ; Off         ; Fitter               ;
; Key_in[36]    ; K6    ; 2        ; 0            ; 30           ; 2           ; 1                     ; 0                  ; no     ; no             ; no            ; no              ; no       ; Off          ; 3.3-V LVTTL  ; Off         ; Fitter               ;
; Key_in[37]    ; U3    ; 1        ; 0            ; 12           ; 0           ; 1                     ; 0                  ; no     ; no             ; no            ; no              ; no       ; Off          ; 3.3-V LVTTL  ; Off         ; Fitter               ;
; Key_in[38]    ; G5    ; 2        ; 0            ; 33           ; 3           ; 1                     ; 0                  ; no     ; no             ; no            ; no              ; no       ; Off          ; 3.3-V LVTTL  ; Off         ; Fitter               ;
; Key_in[39]    ; R3    ; 1        ; 0            ; 17           ; 3           ; 1                     ; 0                  ; no     ; no             ; no            ; no              ; no       ; Off          ; 3.3-V LVTTL  ; Off         ; Fitter               ;
; Key_in[3]     ; G10   ; 3        ; 14           ; 36           ; 0           ; 1                     ; 0                  ; no     ; no             ; no            ; no              ; no       ; Off          ; 3.3-V LVTTL  ; Off         ; Fitter               ;
; Key_in[40]    ; J18   ; 4        ; 59           ; 36           ; 2           ; 0                     ; 0                  ; no     ; no             ; no            ; no              ; no       ; Off          ; 3.3-V LVTTL  ; Off         ; Fitter               ;
; Key_in[41]    ; T4    ; 1        ; 0            ; 14           ; 2           ; 1                     ; 0                  ; no     ; no             ; no            ; no              ; no       ; Off          ; 3.3-V LVTTL  ; Off         ; Fitter               ;
; Key_in[42]    ; H6    ; 2        ; 0            ; 31           ; 3           ; 1                     ; 0                  ; no     ; no             ; no            ; no              ; no       ; Off          ; 3.3-V LVTTL  ; Off         ; Fitter               ;
; Key_in[43]    ; A7    ; 3        ; 11           ; 36           ; 0           ; 1                     ; 0                  ; no     ; no             ; no            ; no              ; no       ; Off          ; 3.3-V LVTTL  ; Off         ; Fitter               ;
; Key_in[44]    ; H10   ; 3        ; 7            ; 36           ; 1           ; 1                     ; 0                  ; no     ; no             ; no            ; no              ; no       ; Off          ; 3.3-V LVTTL  ; Off         ; Fitter               ;
; Key_in[45]    ; AA11  ; 8        ; 14           ; 0            ; 0           ; 1                     ; 0                  ; no     ; no             ; no            ; no              ; no       ; Off          ; 3.3-V LVTTL  ; Off         ; Fitter               ;
; Key_in[46]    ; V2    ; 1        ; 0            ; 12           ; 3           ; 1                     ; 0                  ; no     ; no             ; no            ; no              ; no       ; Off          ; 3.3-V LVTTL  ; Off         ; Fitter               ;
; Key_in[47]    ; J8    ; 2        ; 0            ; 31           ; 1           ; 1                     ; 0                  ; no     ; no             ; no            ; no              ; no       ; Off          ; 3.3-V LVTTL  ; Off         ; Fitter               ;
; Key_in[48]    ; AE18  ; 7        ; 46           ; 0            ; 0           ; 0                     ; 0                  ; no     ; no             ; no            ; no              ; no       ; Off          ; 3.3-V LVTTL  ; Off         ; Fitter               ;
; Key_in[49]    ; A9    ; 3        ; 20           ; 36           ; 2           ; 1                     ; 0                  ; no     ; no             ; no            ; no              ; no       ; Off          ; 3.3-V LVTTL  ; Off         ; Fitter               ;
; Key_in[4]     ; L6    ; 2        ; 0            ; 24           ; 1           ; 1                     ; 0                  ; no     ; no             ; no            ; no              ; no       ; Off          ; 3.3-V LVTTL  ; Off         ; Fitter               ;
; Key_in[50]    ; F9    ; 3        ; 9            ; 36           ; 2           ; 1                     ; 0                  ; no     ; no             ; no            ; no              ; no       ; Off          ; 3.3-V LVTTL  ; Off         ; Fitter               ;
; Key_in[51]    ; H1    ; 2        ; 0            ; 27           ; 4           ; 1                     ; 0                  ; no     ; no             ; no            ; no              ; no       ; Off          ; 3.3-V LVTTL  ; Off         ; Fitter               ;
; Key_in[52]    ; T3    ; 1        ; 0            ; 15           ; 3           ; 1                     ; 0                  ; no     ; no             ; no            ; no              ; no       ; Off          ; 3.3-V LVTTL  ; Off         ; Fitter               ;
; Key_in[53]    ; J13   ; 3        ; 24           ; 36           ; 1           ; 1                     ; 0                  ; no     ; no             ; no            ; no              ; no       ; Off          ; 3.3-V LVTTL  ; Off         ; Fitter               ;
; Key_in[54]    ; K9    ; 3        ; 5            ; 36           ; 1           ; 1                     ; 0                  ; no     ; no             ; no            ; no              ; no       ; Off          ; 3.3-V LVTTL  ; Off         ; Fitter               ;
; Key_in[55]    ; A8    ; 3        ; 16           ; 36           ; 0           ; 1                     ; 0                  ; no     ; no             ; no            ; no              ; no       ; Off          ; 3.3-V LVTTL  ; Off         ; Fitter               ;
; Key_in[56]    ; AB3   ; 1        ; 0            ; 3            ; 2           ; 0                     ; 0                  ; no     ; no             ; no            ; no              ; no       ; Off          ; 3.3-V LVTTL  ; Off         ; Fitter               ;
; Key_in[57]    ; L4    ; 2        ; 0            ; 25           ; 2           ; 1                     ; 0                  ; no     ; no             ; no            ; no              ; no       ; Off          ; 3.3-V LVTTL  ; Off         ; Fitter               ;
; Key_in[58]    ; P6    ; 1        ; 0            ; 15           ; 1           ; 1                     ; 0                  ; no     ; no             ; no            ; no              ; no       ; Off          ; 3.3-V LVTTL  ; Off         ; Fitter               ;
; Key_in[59]    ; AF7   ; 8        ; 16           ; 0            ; 0           ; 1                     ; 0                  ; no     ; no             ; no            ; no              ; no       ; Off          ; 3.3-V LVTTL  ; Off         ; Fitter               ;
; Key_in[5]     ; T6    ; 1        ; 0            ; 11           ; 1           ; 1                     ; 0                  ; no     ; no             ; no            ; no              ; no       ; Off          ; 3.3-V LVTTL  ; Off         ; Fitter               ;
; Key_in[60]    ; K4    ; 2        ; 0            ; 26           ; 2           ; 1                     ; 0                  ; no     ; no             ; no            ; no              ; no       ; Off          ; 3.3-V LVTTL  ; Off         ; Fitter               ;
; Key_in[61]    ; T2    ; 1        ; 0            ; 15           ; 2           ; 1                     ; 0                  ; no     ; no             ; no            ; no              ; no       ; Off          ; 3.3-V LVTTL  ; Off         ; Fitter               ;
; Key_in[62]    ; F12   ; 3        ; 27           ; 36           ; 3           ; 1                     ; 0                  ; no     ; no             ; no            ; no              ; no       ; Off          ; 3.3-V LVTTL  ; Off         ; Fitter               ;
; Key_in[63]    ; D1    ; 2        ; 0            ; 32           ; 3           ; 1                     ; 0                  ; no     ; no             ; no            ; no              ; no       ; Off          ; 3.3-V LVTTL  ; Off         ; Fitter               ;
; Key_in[6]     ; K8    ; 2        ; 0            ; 29           ; 2           ; 1                     ; 0                  ; no     ; no             ; no            ; no              ; no       ; Off          ; 3.3-V LVTTL  ; Off         ; Fitter               ;
; Key_in[7]     ; K7    ; 2        ; 0            ; 29           ; 3           ; 1                     ; 0                  ; no     ; no             ; no            ; no              ; no       ; Off          ; 3.3-V LVTTL  ; Off         ; Fitter               ;
; Key_in[8]     ; D13   ; 3        ; 31           ; 36           ; 3           ; 0                     ; 0                  ; no     ; no             ; no            ; no              ; no       ; Off          ; 3.3-V LVTTL  ; Off         ; Fitter               ;
; Key_in[9]     ; F1    ; 2        ; 0            ; 28           ; 1           ; 1                     ; 0                  ; no     ; no             ; no            ; no              ; no       ; Off          ; 3.3-V LVTTL  ; Off         ; Fitter               ;
; Plaintext[0]  ; G4    ; 2        ; 0            ; 30           ; 4           ; 1                     ; 0                  ; no     ; no             ; no            ; no              ; no       ; Off          ; 3.3-V LVTTL  ; Off         ; Fitter               ;
; Plaintext[10] ; D10   ; 3        ; 20           ; 36           ; 0           ; 1                     ; 0                  ; no     ; no             ; no            ; no              ; no       ; Off          ; 3.3-V LVTTL  ; Off         ; Fitter               ;
; Plaintext[11] ; V1    ; 1        ; 0            ; 12           ; 2           ; 1                     ; 0                  ; no     ; no             ; no            ; no              ; no       ; Off          ; 3.3-V LVTTL  ; Off         ; Fitter               ;
; Plaintext[12] ; T9    ; 1        ; 0            ; 16           ; 3           ; 1                     ; 0                  ; no     ; no             ; no            ; no              ; no       ; Off          ; 3.3-V LVTTL  ; Off         ; Fitter               ;
; Plaintext[13] ; G6    ; 2        ; 0            ; 33           ; 4           ; 1                     ; 0                  ; no     ; no             ; no            ; no              ; no       ; Off          ; 3.3-V LVTTL  ; Off         ; Fitter               ;
; Plaintext[14] ; U1    ; 1        ; 0            ; 13           ; 1           ; 1                     ; 0                  ; no     ; no             ; no            ; no              ; no       ; Off          ; 3.3-V LVTTL  ; Off         ; Fitter               ;
; Plaintext[15] ; J5    ; 2        ; 0            ; 31           ; 0           ; 1                     ; 0                  ; no     ; no             ; no            ; no              ; no       ; Off          ; 3.3-V LVTTL  ; Off         ; Fitter               ;
; Plaintext[16] ; B7    ; 3        ; 11           ; 36           ; 1           ; 1                     ; 0                  ; no     ; no             ; no            ; no              ; no       ; Off          ; 3.3-V LVTTL  ; Off         ; Fitter               ;
; Plaintext[17] ; C8    ; 3        ; 14           ; 36           ; 2           ; 1                     ; 0                  ; no     ; no             ; no            ; no              ; no       ; Off          ; 3.3-V LVTTL  ; Off         ; Fitter               ;
; Plaintext[18] ; U4    ; 1        ; 0            ; 12           ; 1           ; 1                     ; 0                  ; no     ; no             ; no            ; no              ; no       ; Off          ; 3.3-V LVTTL  ; Off         ; Fitter               ;
; Plaintext[19] ; J7    ; 2        ; 0            ; 31           ; 2           ; 1                     ; 0                  ; no     ; no             ; no            ; no              ; no       ; Off          ; 3.3-V LVTTL  ; Off         ; Fitter               ;
; Plaintext[1]  ; K2    ; 2        ; 0            ; 25           ; 1           ; 1                     ; 0                  ; no     ; no             ; no            ; no              ; no       ; Off          ; 3.3-V LVTTL  ; Off         ; Fitter               ;
; Plaintext[20] ; V4    ; 1        ; 0            ; 11           ; 2           ; 1                     ; 0                  ; no     ; no             ; no            ; no              ; no       ; Off          ; 3.3-V LVTTL  ; Off         ; Fitter               ;
; Plaintext[21] ; R7    ; 1        ; 0            ; 14           ; 1           ; 1                     ; 0                  ; no     ; no             ; no            ; no              ; no       ; Off          ; 3.3-V LVTTL  ; Off         ; Fitter               ;
; Plaintext[22] ; H12   ; 3        ; 18           ; 36           ; 2           ; 1                     ; 0                  ; no     ; no             ; no            ; no              ; no       ; Off          ; 3.3-V LVTTL  ; Off         ; Fitter               ;
; Plaintext[23] ; L9    ; 2        ; 0            ; 24           ; 2           ; 1                     ; 0                  ; no     ; no             ; no            ; no              ; no       ; Off          ; 3.3-V LVTTL  ; Off         ; Fitter               ;
; Plaintext[24] ; G11   ; 3        ; 22           ; 36           ; 1           ; 1                     ; 0                  ; no     ; no             ; no            ; no              ; no       ; Off          ; 3.3-V LVTTL  ; Off         ; Fitter               ;
; Plaintext[25] ; F2    ; 2        ; 0            ; 28           ; 0           ; 1                     ; 0                  ; no     ; no             ; no            ; no              ; no       ; Off          ; 3.3-V LVTTL  ; Off         ; Fitter               ;
; Plaintext[26] ; F6    ; 2        ; 0            ; 33           ; 0           ; 1                     ; 0                  ; no     ; no             ; no            ; no              ; no       ; Off          ; 3.3-V LVTTL  ; Off         ; Fitter               ;
; Plaintext[27] ; L10   ; 2        ; 0            ; 23           ; 0           ; 1                     ; 0                  ; no     ; no             ; no            ; no              ; no       ; Off          ; 3.3-V LVTTL  ; Off         ; Fitter               ;
; Plaintext[28] ; F10   ; 3        ; 14           ; 36           ; 1           ; 1                     ; 0                  ; no     ; no             ; no            ; no              ; no       ; Off          ; 3.3-V LVTTL  ; Off         ; Fitter               ;
; Plaintext[29] ; W2    ; 1        ; 0            ; 10           ; 0           ; 1                     ; 0                  ; no     ; no             ; no            ; no              ; no       ; Off          ; 3.3-V LVTTL  ; Off         ; Fitter               ;
; Plaintext[2]  ; F3    ; 2        ; 0            ; 32           ; 0           ; 1                     ; 0                  ; no     ; no             ; no            ; no              ; no       ; Off          ; 3.3-V LVTTL  ; Off         ; Fitter               ;
; Plaintext[30] ; C10   ; 3        ; 20           ; 36           ; 1           ; 1                     ; 0                  ; no     ; no             ; no            ; no              ; no       ; Off          ; 3.3-V LVTTL  ; Off         ; Fitter               ;
; Plaintext[31] ; P9    ; 2        ; 0            ; 25           ; 4           ; 1                     ; 0                  ; no     ; no             ; no            ; no              ; no       ; Off          ; 3.3-V LVTTL  ; Off         ; Fitter               ;
; Plaintext[32] ; AE7   ; 8        ; 16           ; 0            ; 1           ; 1                     ; 0                  ; no     ; no             ; no            ; no              ; no       ; Off          ; 3.3-V LVTTL  ; Off         ; Fitter               ;
; Plaintext[33] ; D5    ; 3        ; 5            ; 36           ; 2           ; 1                     ; 0                  ; no     ; no             ; no            ; no              ; no       ; Off          ; 3.3-V LVTTL  ; Off         ; Fitter               ;
; Plaintext[34] ; E8    ; 3        ; 7            ; 36           ; 3           ; 1                     ; 0                  ; no     ; no             ; no            ; no              ; no       ; Off          ; 3.3-V LVTTL  ; Off         ; Fitter               ;
; Plaintext[35] ; K3    ; 2        ; 0            ; 26           ; 3           ; 1                     ; 0                  ; no     ; no             ; no            ; no              ; no       ; Off          ; 3.3-V LVTTL  ; Off         ; Fitter               ;
; Plaintext[36] ; U2    ; 1        ; 0            ; 13           ; 0           ; 1                     ; 0                  ; no     ; no             ; no            ; no              ; no       ; Off          ; 3.3-V LVTTL  ; Off         ; Fitter               ;
; Plaintext[37] ; J6    ; 2        ; 0            ; 29           ; 1           ; 1                     ; 0                  ; no     ; no             ; no            ; no              ; no       ; Off          ; 3.3-V LVTTL  ; Off         ; Fitter               ;
; Plaintext[38] ; J4    ; 2        ; 0            ; 27           ; 2           ; 1                     ; 0                  ; no     ; no             ; no            ; no              ; no       ; Off          ; 3.3-V LVTTL  ; Off         ; Fitter               ;
; Plaintext[39] ; F7    ; 2        ; 0            ; 32           ; 4           ; 1                     ; 0                  ; no     ; no             ; no            ; no              ; no       ; Off          ; 3.3-V LVTTL  ; Off         ; Fitter               ;
; Plaintext[3]  ; H2    ; 2        ; 0            ; 27           ; 3           ; 1                     ; 0                  ; no     ; no             ; no            ; no              ; no       ; Off          ; 3.3-V LVTTL  ; Off         ; Fitter               ;
; Plaintext[40] ; T7    ; 1        ; 0            ; 11           ; 0           ; 1                     ; 0                  ; no     ; no             ; no            ; no              ; no       ; Off          ; 3.3-V LVTTL  ; Off         ; Fitter               ;
; Plaintext[41] ; H4    ; 2        ; 0            ; 27           ; 0           ; 1                     ; 0                  ; no     ; no             ; no            ; no              ; no       ; Off          ; 3.3-V LVTTL  ; Off         ; Fitter               ;
; Plaintext[42] ; D9    ; 3        ; 16           ; 36           ; 3           ; 1                     ; 0                  ; no     ; no             ; no            ; no              ; no       ; Off          ; 3.3-V LVTTL  ; Off         ; Fitter               ;
; Plaintext[43] ; P4    ; 1        ; 0            ; 17           ; 1           ; 1                     ; 0                  ; no     ; no             ; no            ; no              ; no       ; Off          ; 3.3-V LVTTL  ; Off         ; Fitter               ;
; Plaintext[44] ; K5    ; 2        ; 0            ; 30           ; 3           ; 1                     ; 0                  ; no     ; no             ; no            ; no              ; no       ; Off          ; 3.3-V LVTTL  ; Off         ; Fitter               ;
; Plaintext[45] ; M3    ; 2        ; 0            ; 23           ; 3           ; 1                     ; 0                  ; no     ; no             ; no            ; no              ; no       ; Off          ; 3.3-V LVTTL  ; Off         ; Fitter               ;
; Plaintext[46] ; R6    ; 1        ; 0            ; 14           ; 0           ; 1                     ; 0                  ; no     ; no             ; no            ; no              ; no       ; Off          ; 3.3-V LVTTL  ; Off         ; Fitter               ;
; Plaintext[47] ; AF9   ; 8        ; 22           ; 0            ; 2           ; 1                     ; 0                  ; no     ; no             ; no            ; no              ; no       ; Off          ; 3.3-V LVTTL  ; Off         ; Fitter               ;
; Plaintext[48] ; L2    ; 2        ; 0            ; 24           ; 3           ; 1                     ; 0                  ; no     ; no             ; no            ; no              ; no       ; Off          ; 3.3-V LVTTL  ; Off         ; Fitter               ;
; Plaintext[49] ; A10   ; 3        ; 22           ; 36           ; 2           ; 1                     ; 0                  ; no     ; no             ; no            ; no              ; no       ; Off          ; 3.3-V LVTTL  ; Off         ; Fitter               ;
; Plaintext[4]  ; L7    ; 2        ; 0            ; 24           ; 0           ; 1                     ; 0                  ; no     ; no             ; no            ; no              ; no       ; Off          ; 3.3-V LVTTL  ; Off         ; Fitter               ;
; Plaintext[50] ; D2    ; 2        ; 0            ; 32           ; 2           ; 1                     ; 0                  ; no     ; no             ; no            ; no              ; no       ; Off          ; 3.3-V LVTTL  ; Off         ; Fitter               ;
; Plaintext[51] ; R2    ; 1        ; 0            ; 17           ; 2           ; 1                     ; 0                  ; no     ; no             ; no            ; no              ; no       ; Off          ; 3.3-V LVTTL  ; Off         ; Fitter               ;
; Plaintext[52] ; H3    ; 2        ; 0            ; 28           ; 4           ; 1                     ; 0                  ; no     ; no             ; no            ; no              ; no       ; Off          ; 3.3-V LVTTL  ; Off         ; Fitter               ;
; Plaintext[53] ; R5    ; 1        ; 0            ; 16           ; 1           ; 1                     ; 0                  ; no     ; no             ; no            ; no              ; no       ; Off          ; 3.3-V LVTTL  ; Off         ; Fitter               ;
; Plaintext[54] ; F11   ; 3        ; 18           ; 36           ; 1           ; 1                     ; 0                  ; no     ; no             ; no            ; no              ; no       ; Off          ; 3.3-V LVTTL  ; Off         ; Fitter               ;
; Plaintext[55] ; G2    ; 2        ; 0            ; 28           ; 3           ; 1                     ; 0                  ; no     ; no             ; no            ; no              ; no       ; Off          ; 3.3-V LVTTL  ; Off         ; Fitter               ;
; Plaintext[56] ; E12   ; 3        ; 24           ; 36           ; 3           ; 1                     ; 0                  ; no     ; no             ; no            ; no              ; no       ; Off          ; 3.3-V LVTTL  ; Off         ; Fitter               ;
; Plaintext[57] ; G3    ; 2        ; 0            ; 29           ; 0           ; 1                     ; 0                  ; no     ; no             ; no            ; no              ; no       ; Off          ; 3.3-V LVTTL  ; Off         ; Fitter               ;
; Plaintext[58] ; V3    ; 1        ; 0            ; 11           ; 3           ; 1                     ; 0                  ; no     ; no             ; no            ; no              ; no       ; Off          ; 3.3-V LVTTL  ; Off         ; Fitter               ;
; Plaintext[59] ; H8    ; 3        ; 7            ; 36           ; 2           ; 1                     ; 0                  ; no     ; no             ; no            ; no              ; no       ; Off          ; 3.3-V LVTTL  ; Off         ; Fitter               ;
; Plaintext[5]  ; M2    ; 2        ; 0            ; 23           ; 4           ; 1                     ; 0                  ; no     ; no             ; no            ; no              ; no       ; Off          ; 3.3-V LVTTL  ; Off         ; Fitter               ;
; Plaintext[60] ; F4    ; 2        ; 0            ; 32           ; 1           ; 1                     ; 0                  ; no     ; no             ; no            ; no              ; no       ; Off          ; 3.3-V LVTTL  ; Off         ; Fitter               ;
; Plaintext[61] ; E2    ; 2        ; 0            ; 30           ; 0           ; 1                     ; 0                  ; no     ; no             ; no            ; no              ; no       ; Off          ; 3.3-V LVTTL  ; Off         ; Fitter               ;
; Plaintext[62] ; D12   ; 3        ; 24           ; 36           ; 2           ; 1                     ; 0                  ; no     ; no             ; no            ; no              ; no       ; Off          ; 3.3-V LVTTL  ; Off         ; Fitter               ;
; Plaintext[63] ; U9    ; 1        ; 0            ; 13           ; 2           ; 1                     ; 0                  ; no     ; no             ; no            ; no              ; no       ; Off          ; 3.3-V LVTTL  ; Off         ; Fitter               ;
; Plaintext[6]  ; R4    ; 1        ; 0            ; 16           ; 0           ; 1                     ; 0                  ; no     ; no             ; no            ; no              ; no       ; Off          ; 3.3-V LVTTL  ; Off         ; Fitter               ;
; Plaintext[7]  ; C7    ; 3        ; 9            ; 36           ; 0           ; 1                     ; 0                  ; no     ; no             ; no            ; no              ; no       ; Off          ; 3.3-V LVTTL  ; Off         ; Fitter               ;
; Plaintext[8]  ; T10   ; 1        ; 0            ; 16           ; 2           ; 1                     ; 0                  ; no     ; no             ; no            ; no              ; no       ; Off          ; 3.3-V LVTTL  ; Off         ; Fitter               ;
; Plaintext[9]  ; C9    ; 3        ; 16           ; 36           ; 2           ; 1                     ; 0                  ; no     ; no             ; no            ; no              ; no       ; Off          ; 3.3-V LVTTL  ; Off         ; Fitter               ;
; Reset_n       ; P1    ; 1        ; 0            ; 18           ; 3           ; 1                     ; 0                  ; yes    ; no             ; no            ; no              ; no       ; Off          ; 3.3-V LVTTL  ; Off         ; Fitter               ;
; Start         ; D15   ; 4        ; 40           ; 36           ; 2           ; 1                     ; 0                  ; no     ; no             ; no            ; no              ; no       ; Off          ; 3.3-V LVTTL  ; Off         ; Fitter               ;
+---------------+-------+----------+--------------+--------------+-------------+-----------------------+--------------------+--------+----------------+---------------+-----------------+----------+--------------+--------------+-------------+----------------------+


+----------------------------------------------------------------------------------------------------------------------------------------------------------------------------------------------------------------------------------------------------------------------------------------------------------------------------------------------+
; Output Pins                                                                                                                                                                                                                                                                                                                                  ;
+----------------+-------+----------+--------------+--------------+-------------+-----------------+------------------------+---------------+-----------------+------------+---------------+----------+--------------+--------------+------------------+-------------+----------------------+------+----------------------+---------------------+
; Name           ; Pin # ; I/O Bank ; X coordinate ; Y coordinate ; Cell number ; Output Register ; Output Enable Register ; Power Up High ; PCI I/O Enabled ; Open Drain ; TRI Primitive ; Bus Hold ; Weak Pull Up ; I/O Standard ; Current Strength ; Termination ; Location assigned by ; Load ; Output Enable Source ; Output Enable Group ;
+----------------+-------+----------+--------------+--------------+-------------+-----------------+------------------------+---------------+-----------------+------------+---------------+----------+--------------+--------------+------------------+-------------+----------------------+------+----------------------+---------------------+
; Ciphertext[0]  ; H19   ; 5        ; 65           ; 26           ; 4           ; no              ; no                     ; no            ; no              ; no         ; no            ; no       ; Off          ; 3.3-V LVTTL  ; 24mA             ; Off         ; Fitter               ; 0 pF ; -                    ; -                   ;
; Ciphertext[10] ; D19   ; 4        ; 53           ; 36           ; 1           ; no              ; no                     ; no            ; no              ; no         ; no            ; no       ; Off          ; 3.3-V LVTTL  ; 24mA             ; Off         ; Fitter               ; 0 pF ; -                    ; -                   ;
; Ciphertext[11] ; L21   ; 5        ; 65           ; 24           ; 0           ; no              ; no                     ; no            ; no              ; no         ; no            ; no       ; Off          ; 3.3-V LVTTL  ; 24mA             ; Off         ; Fitter               ; 0 pF ; -                    ; -                   ;
; Ciphertext[12] ; M22   ; 5        ; 65           ; 22           ; 2           ; no              ; no                     ; no            ; no              ; no         ; no            ; no       ; Off          ; 3.3-V LVTTL  ; 24mA             ; Off         ; Fitter               ; 0 pF ; -                    ; -                   ;
; Ciphertext[13] ; D18   ; 4        ; 50           ; 36           ; 1           ; no              ; no                     ; no            ; no              ; no         ; no            ; no       ; Off          ; 3.3-V LVTTL  ; 24mA             ; Off         ; Fitter               ; 0 pF ; -                    ; -                   ;
; Ciphertext[14] ; E18   ; 4        ; 50           ; 36           ; 0           ; no              ; no                     ; no            ; no              ; no         ; no            ; no       ; Off          ; 3.3-V LVTTL  ; 24mA             ; Off         ; Fitter               ; 0 pF ; -                    ; -                   ;
; Ciphertext[15] ; M23   ; 5        ; 65           ; 22           ; 3           ; no              ; no                     ; no            ; no              ; no         ; no            ; no       ; Off          ; 3.3-V LVTTL  ; 24mA             ; Off         ; Fitter               ; 0 pF ; -                    ; -                   ;
; Ciphertext[16] ; H17   ; 4        ; 48           ; 36           ; 1           ; no              ; no                     ; no            ; no              ; no         ; no            ; no       ; Off          ; 3.3-V LVTTL  ; 24mA             ; Off         ; Fitter               ; 0 pF ; -                    ; -                   ;
; Ciphertext[17] ; G15   ; 4        ; 44           ; 36           ; 3           ; no              ; no                     ; no            ; no              ; no         ; no            ; no       ; Off          ; 3.3-V LVTTL  ; 24mA             ; Off         ; Fitter               ; 0 pF ; -                    ; -                   ;
; Ciphertext[18] ; L19   ; 5        ; 65           ; 23           ; 3           ; no              ; no                     ; no            ; no              ; no         ; no            ; no       ; Off          ; 3.3-V LVTTL  ; 24mA             ; Off         ; Fitter               ; 0 pF ; -                    ; -                   ;
; Ciphertext[19] ; P18   ; 5        ; 65           ; 29           ; 3           ; no              ; no                     ; no            ; no              ; no         ; no            ; no       ; Off          ; 3.3-V LVTTL  ; 24mA             ; Off         ; Fitter               ; 0 pF ; -                    ; -                   ;
; Ciphertext[1]  ; A18   ; 4        ; 46           ; 36           ; 3           ; no              ; no                     ; no            ; no              ; no         ; no            ; no       ; Off          ; 3.3-V LVTTL  ; 24mA             ; Off         ; Fitter               ; 0 pF ; -                    ; -                   ;
; Ciphertext[20] ; G26   ; 5        ; 65           ; 27           ; 1           ; no              ; no                     ; no            ; no              ; no         ; no            ; no       ; Off          ; 3.3-V LVTTL  ; 24mA             ; Off         ; Fitter               ; 0 pF ; -                    ; -                   ;
; Ciphertext[21] ; B19   ; 4        ; 53           ; 36           ; 2           ; no              ; no                     ; no            ; no              ; no         ; no            ; no       ; Off          ; 3.3-V LVTTL  ; 24mA             ; Off         ; Fitter               ; 0 pF ; -                    ; -                   ;
; Ciphertext[22] ; D20   ; 4        ; 57           ; 36           ; 2           ; no              ; no                     ; no            ; no              ; no         ; no            ; no       ; Off          ; 3.3-V LVTTL  ; 24mA             ; Off         ; Fitter               ; 0 pF ; -                    ; -                   ;
; Ciphertext[23] ; B16   ; 4        ; 37           ; 36           ; 1           ; no              ; no                     ; no            ; no              ; no         ; no            ; no       ; Off          ; 3.3-V LVTTL  ; 24mA             ; Off         ; Fitter               ; 0 pF ; -                    ; -                   ;
; Ciphertext[24] ; A20   ; 4        ; 55           ; 36           ; 2           ; no              ; no                     ; no            ; no              ; no         ; no            ; no       ; Off          ; 3.3-V LVTTL  ; 24mA             ; Off         ; Fitter               ; 0 pF ; -                    ; -                   ;
; Ciphertext[25] ; G18   ; 4        ; 50           ; 36           ; 2           ; no              ; no                     ; no            ; no              ; no         ; no            ; no       ; Off          ; 3.3-V LVTTL  ; 24mA             ; Off         ; Fitter               ; 0 pF ; -                    ; -                   ;
; Ciphertext[26] ; J25   ; 5        ; 65           ; 24           ; 2           ; no              ; no                     ; no            ; no              ; no         ; no            ; no       ; Off          ; 3.3-V LVTTL  ; 24mA             ; Off         ; Fitter               ; 0 pF ; -                    ; -                   ;
; Ciphertext[27] ; J23   ; 5        ; 65           ; 26           ; 0           ; no              ; no                     ; no            ; no              ; no         ; no            ; no       ; Off          ; 3.3-V LVTTL  ; 24mA             ; Off         ; Fitter               ; 0 pF ; -                    ; -                   ;
; Ciphertext[28] ; H15   ; 4        ; 42           ; 36           ; 3           ; no              ; no                     ; no            ; no              ; no         ; no            ; no       ; Off          ; 3.3-V LVTTL  ; 24mA             ; Off         ; Fitter               ; 0 pF ; -                    ; -                   ;
; Ciphertext[29] ; G24   ; 5        ; 65           ; 28           ; 1           ; no              ; no                     ; no            ; no              ; no         ; no            ; no       ; Off          ; 3.3-V LVTTL  ; 24mA             ; Off         ; Fitter               ; 0 pF ; -                    ; -                   ;
; Ciphertext[2]  ; K19   ; 5        ; 65           ; 25           ; 1           ; no              ; no                     ; no            ; no              ; no         ; no            ; no       ; Off          ; 3.3-V LVTTL  ; 24mA             ; Off         ; Fitter               ; 0 pF ; -                    ; -                   ;
; Ciphertext[30] ; K26   ; 5        ; 65           ; 22           ; 1           ; no              ; no                     ; no            ; no              ; no         ; no            ; no       ; Off          ; 3.3-V LVTTL  ; 24mA             ; Off         ; Fitter               ; 0 pF ; -                    ; -                   ;
; Ciphertext[31] ; G17   ; 4        ; 48           ; 36           ; 3           ; no              ; no                     ; no            ; no              ; no         ; no            ; no       ; Off          ; 3.3-V LVTTL  ; 24mA             ; Off         ; Fitter               ; 0 pF ; -                    ; -                   ;
; Ciphertext[32] ; H23   ; 5        ; 65           ; 27           ; 2           ; no              ; no                     ; no            ; no              ; no         ; no            ; no       ; Off          ; 3.3-V LVTTL  ; 24mA             ; Off         ; Fitter               ; 0 pF ; -                    ; -                   ;
; Ciphertext[33] ; F15   ; 4        ; 44           ; 36           ; 2           ; no              ; no                     ; no            ; no              ; no         ; no            ; no       ; Off          ; 3.3-V LVTTL  ; 24mA             ; Off         ; Fitter               ; 0 pF ; -                    ; -                   ;
; Ciphertext[34] ; F17   ; 4        ; 48           ; 36           ; 2           ; no              ; no                     ; no            ; no              ; no         ; no            ; no       ; Off          ; 3.3-V LVTTL  ; 24mA             ; Off         ; Fitter               ; 0 pF ; -                    ; -                   ;
; Ciphertext[35] ; B17   ; 4        ; 42           ; 36           ; 0           ; no              ; no                     ; no            ; no              ; no         ; no            ; no       ; Off          ; 3.3-V LVTTL  ; 24mA             ; Off         ; Fitter               ; 0 pF ; -                    ; -                   ;
; Ciphertext[36] ; E20   ; 4        ; 55           ; 36           ; 0           ; no              ; no                     ; no            ; no              ; no         ; no            ; no       ; Off          ; 3.3-V LVTTL  ; 24mA             ; Off         ; Fitter               ; 0 pF ; -                    ; -                   ;
; Ciphertext[37] ; A19   ; 4        ; 53           ; 36           ; 3           ; no              ; no                     ; no            ; no              ; no         ; no            ; no       ; Off          ; 3.3-V LVTTL  ; 24mA             ; Off         ; Fitter               ; 0 pF ; -                    ; -                   ;
; Ciphertext[38] ; G16   ; 4        ; 44           ; 36           ; 0           ; no              ; no                     ; no            ; no              ; no         ; no            ; no       ; Off          ; 3.3-V LVTTL  ; 24mA             ; Off         ; Fitter               ; 0 pF ; -                    ; -                   ;
; Ciphertext[39] ; K18   ; 5        ; 65           ; 25           ; 0           ; no              ; no                     ; no            ; no              ; no         ; no            ; no       ; Off          ; 3.3-V LVTTL  ; 24mA             ; Off         ; Fitter               ; 0 pF ; -                    ; -                   ;
; Ciphertext[3]  ; H25   ; 5        ; 65           ; 26           ; 2           ; no              ; no                     ; no            ; no              ; no         ; no            ; no       ; Off          ; 3.3-V LVTTL  ; 24mA             ; Off         ; Fitter               ; 0 pF ; -                    ; -                   ;
; Ciphertext[40] ; G23   ; 5        ; 65           ; 28           ; 0           ; no              ; no                     ; no            ; no              ; no         ; no            ; no       ; Off          ; 3.3-V LVTTL  ; 24mA             ; Off         ; Fitter               ; 0 pF ; -                    ; -                   ;
; Ciphertext[41] ; F16   ; 4        ; 44           ; 36           ; 1           ; no              ; no                     ; no            ; no              ; no         ; no            ; no       ; Off          ; 3.3-V LVTTL  ; 24mA             ; Off         ; Fitter               ; 0 pF ; -                    ; -                   ;
; Ciphertext[42] ; A17   ; 4        ; 42           ; 36           ; 1           ; no              ; no                     ; no            ; no              ; no         ; no            ; no       ; Off          ; 3.3-V LVTTL  ; 24mA             ; Off         ; Fitter               ; 0 pF ; -                    ; -                   ;
; Ciphertext[43] ; L24   ; 5        ; 65           ; 23           ; 1           ; no              ; no                     ; no            ; no              ; no         ; no            ; no       ; Off          ; 3.3-V LVTTL  ; 24mA             ; Off         ; Fitter               ; 0 pF ; -                    ; -                   ;
; Ciphertext[44] ; J24   ; 5        ; 65           ; 26           ; 1           ; no              ; no                     ; no            ; no              ; no         ; no            ; no       ; Off          ; 3.3-V LVTTL  ; 24mA             ; Off         ; Fitter               ; 0 pF ; -                    ; -                   ;
; Ciphertext[45] ; H16   ; 4        ; 42           ; 36           ; 2           ; no              ; no                     ; no            ; no              ; no         ; no            ; no       ; Off          ; 3.3-V LVTTL  ; 24mA             ; Off         ; Fitter               ; 0 pF ; -                    ; -                   ;
; Ciphertext[46] ; J16   ; 4        ; 57           ; 36           ; 0           ; no              ; no                     ; no            ; no              ; no         ; no            ; no       ; Off          ; 3.3-V LVTTL  ; 24mA             ; Off         ; Fitter               ; 0 pF ; -                    ; -                   ;
; Ciphertext[47] ; B20   ; 4        ; 55           ; 36           ; 1           ; no              ; no                     ; no            ; no              ; no         ; no            ; no       ; Off          ; 3.3-V LVTTL  ; 24mA             ; Off         ; Fitter               ; 0 pF ; -                    ; -                   ;
; Ciphertext[48] ; K24   ; 5        ; 65           ; 25           ; 4           ; no              ; no                     ; no            ; no              ; no         ; no            ; no       ; Off          ; 3.3-V LVTTL  ; 24mA             ; Off         ; Fitter               ; 0 pF ; -                    ; -                   ;
; Ciphertext[49] ; G25   ; 5        ; 65           ; 27           ; 0           ; no              ; no                     ; no            ; no              ; no         ; no            ; no       ; Off          ; 3.3-V LVTTL  ; 24mA             ; Off         ; Fitter               ; 0 pF ; -                    ; -                   ;
; Ciphertext[4]  ; K23   ; 5        ; 65           ; 25           ; 3           ; no              ; no                     ; no            ; no              ; no         ; no            ; no       ; Off          ; 3.3-V LVTTL  ; 24mA             ; Off         ; Fitter               ; 0 pF ; -                    ; -                   ;
; Ciphertext[50] ; F26   ; 5        ; 65           ; 29           ; 1           ; no              ; no                     ; no            ; no              ; no         ; no            ; no       ; Off          ; 3.3-V LVTTL  ; 24mA             ; Off         ; Fitter               ; 0 pF ; -                    ; -                   ;
; Ciphertext[51] ; L23   ; 5        ; 65           ; 23           ; 0           ; no              ; no                     ; no            ; no              ; no         ; no            ; no       ; Off          ; 3.3-V LVTTL  ; 24mA             ; Off         ; Fitter               ; 0 pF ; -                    ; -                   ;
; Ciphertext[52] ; C17   ; 4        ; 46           ; 36           ; 1           ; no              ; no                     ; no            ; no              ; no         ; no            ; no       ; Off          ; 3.3-V LVTTL  ; 24mA             ; Off         ; Fitter               ; 0 pF ; -                    ; -                   ;
; Ciphertext[53] ; F25   ; 5        ; 65           ; 29           ; 0           ; no              ; no                     ; no            ; no              ; no         ; no            ; no       ; Off          ; 3.3-V LVTTL  ; 24mA             ; Off         ; Fitter               ; 0 pF ; -                    ; -                   ;
; Ciphertext[54] ; B18   ; 4        ; 46           ; 36           ; 2           ; no              ; no                     ; no            ; no              ; no         ; no            ; no       ; Off          ; 3.3-V LVTTL  ; 24mA             ; Off         ; Fitter               ; 0 pF ; -                    ; -                   ;
; Ciphertext[55] ; L25   ; 5        ; 65           ; 23           ; 2           ; no              ; no                     ; no            ; no              ; no         ; no            ; no       ; Off          ; 3.3-V LVTTL  ; 24mA             ; Off         ; Fitter               ; 0 pF ; -                    ; -                   ;
; Ciphertext[56] ; D17   ; 4        ; 46           ; 36           ; 0           ; no              ; no                     ; no            ; no              ; no         ; no            ; no       ; Off          ; 3.3-V LVTTL  ; 24mA             ; Off         ; Fitter               ; 0 pF ; -                    ; -                   ;
; Ciphertext[57] ; K21   ; 5        ; 65           ; 25           ; 2           ; no              ; no                     ; no            ; no              ; no         ; no            ; no       ; Off          ; 3.3-V LVTTL  ; 24mA             ; Off         ; Fitter               ; 0 pF ; -                    ; -                   ;
; Ciphertext[58] ; C19   ; 4        ; 53           ; 36           ; 0           ; no              ; no                     ; no            ; no              ; no         ; no            ; no       ; Off          ; 3.3-V LVTTL  ; 24mA             ; Off         ; Fitter               ; 0 pF ; -                    ; -                   ;
; Ciphertext[59] ; F18   ; 4        ; 50           ; 36           ; 3           ; no              ; no                     ; no            ; no              ; no         ; no            ; no       ; Off          ; 3.3-V LVTTL  ; 24mA             ; Off         ; Fitter               ; 0 pF ; -                    ; -                   ;
; Ciphertext[5]  ; J17   ; 4        ; 48           ; 36           ; 0           ; no              ; no                     ; no            ; no              ; no         ; no            ; no       ; Off          ; 3.3-V LVTTL  ; 24mA             ; Off         ; Fitter               ; 0 pF ; -                    ; -                   ;
; Ciphertext[60] ; K22   ; 5        ; 65           ; 28           ; 2           ; no              ; no                     ; no            ; no              ; no         ; no            ; no       ; Off          ; 3.3-V LVTTL  ; 24mA             ; Off         ; Fitter               ; 0 pF ; -                    ; -                   ;
; Ciphertext[61] ; N18   ; 5        ; 65           ; 29           ; 2           ; no              ; no                     ; no            ; no              ; no         ; no            ; no       ; Off          ; 3.3-V LVTTL  ; 24mA             ; Off         ; Fitter               ; 0 pF ; -                    ; -                   ;
; Ciphertext[62] ; H26   ; 5        ; 65           ; 26           ; 3           ; no              ; no                     ; no            ; no              ; no         ; no            ; no       ; Off          ; 3.3-V LVTTL  ; 24mA             ; Off         ; Fitter               ; 0 pF ; -                    ; -                   ;
; Ciphertext[63] ; K16   ; 4        ; 57           ; 36           ; 1           ; no              ; no                     ; no            ; no              ; no         ; no            ; no       ; Off          ; 3.3-V LVTTL  ; 24mA             ; Off         ; Fitter               ; 0 pF ; -                    ; -                   ;
; Ciphertext[6]  ; J26   ; 5        ; 65           ; 24           ; 3           ; no              ; no                     ; no            ; no              ; no         ; no            ; no       ; Off          ; 3.3-V LVTTL  ; 24mA             ; Off         ; Fitter               ; 0 pF ; -                    ; -                   ;
; Ciphertext[7]  ; H24   ; 5        ; 65           ; 27           ; 3           ; no              ; no                     ; no            ; no              ; no         ; no            ; no       ; Off          ; 3.3-V LVTTL  ; 24mA             ; Off         ; Fitter               ; 0 pF ; -                    ; -                   ;
; Ciphertext[8]  ; L20   ; 5        ; 65           ; 24           ; 1           ; no              ; no                     ; no            ; no              ; no         ; no            ; no       ; Off          ; 3.3-V LVTTL  ; 24mA             ; Off         ; Fitter               ; 0 pF ; -                    ; -                   ;
; Ciphertext[9]  ; F23   ; 5        ; 65           ; 30           ; 1           ; no              ; no                     ; no            ; no              ; no         ; no            ; no       ; Off          ; 3.3-V LVTTL  ; 24mA             ; Off         ; Fitter               ; 0 pF ; -                    ; -                   ;
; Done           ; E15   ; 4        ; 40           ; 36           ; 1           ; no              ; no                     ; no            ; no              ; no         ; no            ; no       ; Off          ; 3.3-V LVTTL  ; 24mA             ; Off         ; Fitter               ; 0 pF ; -                    ; -                   ;
+----------------+-------+----------+--------------+--------------+-------------+-----------------+------------------------+---------------+-----------------+------------+---------------+----------+--------------+--------------+------------------+-------------+----------------------+------+----------------------+---------------------+


+------------------------------------------------------------+
; I/O Bank Usage                                             ;
+----------+------------------+---------------+--------------+
; I/O Bank ; Usage            ; VCCIO Voltage ; VREF Voltage ;
+----------+------------------+---------------+--------------+
; 1        ; 32 / 64 ( 50 % ) ; 3.3V          ; --           ;
; 2        ; 53 / 59 ( 90 % ) ; 3.3V          ; --           ;
; 3        ; 40 / 56 ( 71 % ) ; 3.3V          ; --           ;
; 4        ; 34 / 58 ( 59 % ) ; 3.3V          ; --           ;
; 5        ; 33 / 65 ( 51 % ) ; 3.3V          ; --           ;
; 6        ; 1 / 59 ( 2 % )   ; 3.3V          ; --           ;
; 7        ; 2 / 58 ( 3 % )   ; 3.3V          ; --           ;
; 8        ; 4 / 56 ( 7 % )   ; 3.3V          ; --           ;
+----------+------------------+---------------+--------------+


+------------------------------------------------------------------------------------------------------------------------------------------------------------------------+
; All Package Pins                                                                                                                                                       ;
+----------+------------+----------+------------------------------------------+--------+--------------+---------+------------+-----------------+----------+--------------+
; Location ; Pad Number ; I/O Bank ; Pin Name/Usage                           ; Dir.   ; I/O Standard ; Voltage ; I/O Type   ; User Assignment ; Bus Hold ; Weak Pull Up ;
+----------+------------+----------+------------------------------------------+--------+--------------+---------+------------+-----------------+----------+--------------+
; A2       ;            ;          ; GND                                      ; gnd    ;              ;         ; --         ;                 ; --       ; --           ;
; A3       ;            ; 3        ; VCCIO3                                   ; power  ;              ; 3.3V    ; --         ;                 ; --       ; --           ;
; A4       ; 484        ; 3        ; GND*                                     ;        ;              ;         ; Column I/O ;                 ; no       ; Off          ;
; A5       ; 482        ; 3        ; GND*                                     ;        ;              ;         ; Column I/O ;                 ; no       ; Off          ;
; A6       ; 479        ; 3        ; GND*                                     ;        ;              ;         ; Column I/O ;                 ; no       ; Off          ;
; A7       ; 465        ; 3        ; Key_in[43]                               ; input  ; 3.3-V LVTTL  ;         ; Column I/O ; N               ; no       ; Off          ;
; A8       ; 457        ; 3        ; Key_in[55]                               ; input  ; 3.3-V LVTTL  ;         ; Column I/O ; N               ; no       ; Off          ;
; A9       ; 451        ; 3        ; Key_in[49]                               ; input  ; 3.3-V LVTTL  ;         ; Column I/O ; N               ; no       ; Off          ;
; A10      ; 447        ; 3        ; Plaintext[49]                            ; input  ; 3.3-V LVTTL  ;         ; Column I/O ; N               ; no       ; Off          ;
; A11      ;            ; 3        ; VCCIO3                                   ; power  ;              ; 3.3V    ; --         ;                 ; --       ; --           ;
; A12      ;            ;          ; GND                                      ; gnd    ;              ;         ; --         ;                 ; --       ; --           ;
; A13      ; 430        ; 4        ; GND+                                     ;        ;              ;         ; Column I/O ;                 ; --       ; --           ;
; A14      ; 427        ; 4        ; GND*                                     ;        ;              ;         ; Column I/O ;                 ; no       ; Off          ;
; A15      ;            ;          ; GND                                      ; gnd    ;              ;         ; --         ;                 ; --       ; --           ;
; A16      ;            ; 4        ; VCCIO4                                   ; power  ;              ; 3.3V    ; --         ;                 ; --       ; --           ;
; A17      ; 412        ; 4        ; Ciphertext[42]                           ; output ; 3.3-V LVTTL  ;         ; Column I/O ; N               ; no       ; Off          ;
; A18      ; 406        ; 4        ; Ciphertext[1]                            ; output ; 3.3-V LVTTL  ;         ; Column I/O ; N               ; no       ; Off          ;
; A19      ; 394        ; 4        ; Ciphertext[37]                           ; output ; 3.3-V LVTTL  ;         ; Column I/O ; N               ; no       ; Off          ;
; A20      ; 390        ; 4        ; Ciphertext[24]                           ; output ; 3.3-V LVTTL  ;         ; Column I/O ; N               ; no       ; Off          ;
; A21      ; 382        ; 4        ; GND*                                     ;        ;              ;         ; Column I/O ;                 ; no       ; Off          ;
; A22      ; 379        ; 4        ; GND*                                     ;        ;              ;         ; Column I/O ;                 ; no       ; Off          ;
; A23      ; 378        ; 4        ; GND*                                     ;        ;              ;         ; Column I/O ;                 ; no       ; Off          ;
; A24      ;            ; 4        ; VCCIO4                                   ; power  ;              ; 3.3V    ; --         ;                 ; --       ; --           ;
; A25      ;            ;          ; GND                                      ; gnd    ;              ;         ; --         ;                 ; --       ; --           ;
; AA1      ; 107        ; 1        ; GND*                                     ;        ;              ;         ; Row I/O    ;                 ; no       ; Off          ;
; AA2      ; 106        ; 1        ; GND*                                     ;        ;              ;         ; Row I/O    ;                 ; no       ; Off          ;
; AA3      ; 117        ; 1        ; GND*                                     ;        ;              ;         ; Row I/O    ;                 ; no       ; Off          ;
; AA4      ; 116        ; 1        ; GND*                                     ;        ;              ;         ; Row I/O    ;                 ; no       ; Off          ;
; AA5      ; 120        ; 1        ; GND*                                     ;        ;              ;         ; Row I/O    ;                 ; no       ; Off          ;
; AA6      ; 130        ; 1        ; GND*                                     ;        ;              ;         ; Row I/O    ;                 ; no       ; Off          ;
; AA7      ; 129        ; 1        ; GND*                                     ;        ;              ;         ; Row I/O    ;                 ; no       ; Off          ;
; AA8      ;            ;          ; VCCA_PLL1                                ; power  ;              ; 1.2V    ; --         ;                 ; --       ; --           ;
; AA9      ; 152        ; 8        ; GND*                                     ;        ;              ;         ; Column I/O ;                 ; no       ; Off          ;
; AA10     ; 153        ; 8        ; GND*                                     ;        ;              ;         ; Column I/O ;                 ; no       ; Off          ;
; AA11     ; 155        ; 8        ; Key_in[45]                               ; input  ; 3.3-V LVTTL  ;         ; Column I/O ; N               ; no       ; Off          ;
; AA12     ; 179        ; 8        ; GND*                                     ;        ;              ;         ; Column I/O ;                 ; no       ; Off          ;
; AA13     ; 192        ; 7        ; GND*                                     ;        ;              ;         ; Column I/O ;                 ; no       ; Off          ;
; AA14     ; 194        ; 7        ; GND*                                     ;        ;              ;         ; Column I/O ;                 ; no       ; Off          ;
; AA15     ; 197        ; 7        ; GND*                                     ;        ;              ;         ; Column I/O ;                 ; no       ; Off          ;
; AA16     ; 209        ; 7        ; GND*                                     ;        ;              ;         ; Column I/O ;                 ; no       ; Off          ;
; AA17     ; 219        ; 7        ; GND*                                     ;        ;              ;         ; Column I/O ;                 ; no       ; Off          ;
; AA18     ; 220        ; 7        ; GND*                                     ;        ;              ;         ; Column I/O ;                 ; no       ; Off          ;
; AA19     ;            ;          ; VCCA_PLL4                                ; power  ;              ; 1.2V    ; --         ;                 ; --       ; --           ;
; AA20     ; 230        ; 7        ; GND*                                     ;        ;              ;         ; Column I/O ;                 ; no       ; Off          ;
; AA21     ;            ;          ; GND_PLL4                                 ; gnd    ;              ;         ; --         ;                 ; --       ; --           ;
; AA22     ;            ; 6        ; VCCIO6                                   ; power  ;              ; 3.3V    ; --         ;                 ; --       ; --           ;
; AA23     ; 256        ; 6        ; GND*                                     ;        ;              ;         ; Row I/O    ;                 ; no       ; Off          ;
; AA24     ; 255        ; 6        ; GND*                                     ;        ;              ;         ; Row I/O    ;                 ; no       ; Off          ;
; AA25     ; 266        ; 6        ; GND*                                     ;        ;              ;         ; Row I/O    ;                 ; no       ; Off          ;
; AA26     ; 267        ; 6        ; GND*                                     ;        ;              ;         ; Row I/O    ;                 ; no       ; Off          ;
; AB1      ; 115        ; 1        ; GND*                                     ;        ;              ;         ; Row I/O    ;                 ; no       ; Off          ;
; AB2      ; 114        ; 1        ; GND*                                     ;        ;              ;         ; Row I/O    ;                 ; no       ; Off          ;
; AB3      ; 126        ; 1        ; Key_in[56]                               ; input  ; 3.3-V LVTTL  ;         ; Row I/O    ; N               ; no       ; Off          ;
; AB4      ; 127        ; 1        ; GND*                                     ;        ;              ;         ; Row I/O    ;                 ; no       ; Off          ;
; AB5      ;            ; 1        ; VCCIO1                                   ; power  ;              ; 3.3V    ; --         ;                 ; --       ; --           ;
; AB6      ;            ; 8        ; VCCIO8                                   ; power  ;              ; 3.3V    ; --         ;                 ; --       ; --           ;
; AB7      ;            ;          ; GND                                      ; gnd    ;              ;         ; --         ;                 ; --       ; --           ;
; AB8      ; 147        ; 8        ; GND*                                     ;        ;              ;         ; Column I/O ;                 ; no       ; Off          ;
; AB9      ;            ; 8        ; VCCIO8                                   ; power  ;              ; 3.3V    ; --         ;                 ; --       ; --           ;
; AB10     ; 154        ; 8        ; GND*                                     ;        ;              ;         ; Column I/O ;                 ; no       ; Off          ;
; AB11     ;            ;          ; GND                                      ; gnd    ;              ;         ; --         ;                 ; --       ; --           ;
; AB12     ; 171        ; 8        ; GND*                                     ;        ;              ;         ; Column I/O ;                 ; no       ; Off          ;
; AB13     ;            ; 8        ; VCCIO8                                   ; power  ;              ; 3.3V    ; --         ;                 ; --       ; --           ;
; AB14     ;            ; 7        ; VCCIO7                                   ; power  ;              ; 3.3V    ; --         ;                 ; --       ; --           ;
; AB15     ; 198        ; 7        ; GND*                                     ;        ;              ;         ; Column I/O ;                 ; no       ; Off          ;
; AB16     ;            ;          ; GND                                      ; gnd    ;              ;         ; --         ;                 ; --       ; --           ;
; AB17     ;            ; 7        ; VCCIO7                                   ; power  ;              ; 3.3V    ; --         ;                 ; --       ; --           ;
; AB18     ; 215        ; 7        ; GND*                                     ;        ;              ;         ; Column I/O ;                 ; no       ; Off          ;
; AB19     ;            ;          ; GND                                      ; gnd    ;              ;         ; --         ;                 ; --       ; --           ;
; AB20     ; 225        ; 7        ; GND*                                     ;        ;              ;         ; Column I/O ;                 ; no       ; Off          ;
; AB21     ; 242        ; 7        ; GND*                                     ;        ;              ;         ; Column I/O ;                 ; no       ; Off          ;
; AB22     ;            ; 7        ; VCCIO7                                   ; power  ;              ; 3.3V    ; --         ;                 ; --       ; --           ;
; AB23     ; 258        ; 6        ; GND*                                     ;        ;              ;         ; Row I/O    ;                 ; no       ; Off          ;
; AB24     ; 257        ; 6        ; GND*                                     ;        ;              ;         ; Row I/O    ;                 ; no       ; Off          ;
; AB25     ; 263        ; 6        ; GND*                                     ;        ;              ;         ; Row I/O    ;                 ; no       ; Off          ;
; AB26     ; 262        ; 6        ; GND*                                     ;        ;              ;         ; Row I/O    ;                 ; no       ; Off          ;
; AC1      ; 119        ; 1        ; GND*                                     ;        ;              ;         ; Row I/O    ;                 ; no       ; Off          ;
; AC2      ; 118        ; 1        ; GND*                                     ;        ;              ;         ; Row I/O    ;                 ; no       ; Off          ;
; AC3      ; 128        ; 1        ; GND*                                     ;        ;              ;         ; Row I/O    ;                 ; no       ; Off          ;
; AC4      ;            ;          ; GND                                      ; gnd    ;              ;         ; --         ;                 ; --       ; --           ;
; AC5      ; 133        ; 8        ; GND*                                     ;        ;              ;         ; Column I/O ;                 ; no       ; Off          ;
; AC6      ; 134        ; 8        ; GND*                                     ;        ;              ;         ; Column I/O ;                 ; no       ; Off          ;
; AC7      ; 143        ; 8        ; GND*                                     ;        ;              ;         ; Column I/O ;                 ; --       ; --           ;
; AC8      ; 148        ; 8        ; GND*                                     ;        ;              ;         ; Column I/O ;                 ; no       ; Off          ;
; AC9      ; 163        ; 8        ; GND*                                     ;        ;              ;         ; Column I/O ;                 ; no       ; Off          ;
; AC10     ; 164        ; 8        ; GND*                                     ;        ;              ;         ; Column I/O ;                 ; no       ; Off          ;
; AC11     ; 168        ; 8        ; GND*                                     ;        ;              ;         ; Column I/O ;                 ; no       ; Off          ;
; AC12     ; 172        ; 8        ; GND*                                     ;        ;              ;         ; Column I/O ;                 ; --       ; --           ;
; AC13     ; 185        ; 8        ; GND+                                     ;        ;              ;         ; Column I/O ;                 ; --       ; --           ;
; AC14     ; 191        ; 7        ; GND*                                     ;        ;              ;         ; Column I/O ;                 ; no       ; Off          ;
; AC15     ; 199        ; 7        ; GND*                                     ;        ;              ;         ; Column I/O ;                 ; no       ; Off          ;
; AC16     ; 202        ; 7        ; GND*                                     ;        ;              ;         ; Column I/O ;                 ; --       ; --           ;
; AC17     ; 207        ; 7        ; GND*                                     ;        ;              ;         ; Column I/O ;                 ; no       ; Off          ;
; AC18     ; 216        ; 7        ; GND*                                     ;        ;              ;         ; Column I/O ;                 ; no       ; Off          ;
; AC19     ; 222        ; 7        ; GND*                                     ;        ;              ;         ; Column I/O ;                 ; no       ; Off          ;
; AC20     ; 226        ; 7        ; GND*                                     ;        ;              ;         ; Column I/O ;                 ; no       ; Off          ;
; AC21     ; 237        ; 7        ; GND*                                     ;        ;              ;         ; Column I/O ;                 ; no       ; Off          ;
; AC22     ; 241        ; 7        ; GND*                                     ;        ;              ;         ; Column I/O ;                 ; no       ; Off          ;
; AC23     ; 245        ; 6        ; GND*                                     ;        ;              ;         ; Row I/O    ;                 ; no       ; Off          ;
; AC24     ;            ;          ; NC                                       ;        ;              ;         ; --         ;                 ; --       ; --           ;
; AC25     ; 260        ; 6        ; GND*                                     ;        ;              ;         ; Row I/O    ;                 ; no       ; Off          ;
; AC26     ; 261        ; 6        ; GND*                                     ;        ;              ;         ; Row I/O    ;                 ; no       ; Off          ;
; AD1      ;            ; 1        ; VCCIO1                                   ; power  ;              ; 3.3V    ; --         ;                 ; --       ; --           ;
; AD2      ; 122        ; 1        ; GND*                                     ;        ;              ;         ; Row I/O    ;                 ; no       ; Off          ;
; AD3      ; 123        ; 1        ; GND*                                     ;        ;              ;         ; Row I/O    ;                 ; no       ; Off          ;
; AD4      ; 135        ; 8        ; GND*                                     ;        ;              ;         ; Column I/O ;                 ; no       ; Off          ;
; AD5      ; 136        ; 8        ; GND*                                     ;        ;              ;         ; Column I/O ;                 ; no       ; Off          ;
; AD6      ; 139        ; 8        ; GND*                                     ;        ;              ;         ; Column I/O ;                 ; no       ; Off          ;
; AD7      ; 140        ; 8        ; GND*                                     ;        ;              ;         ; Column I/O ;                 ; no       ; Off          ;
; AD8      ; 149        ; 8        ; GND*                                     ;        ;              ;         ; Column I/O ;                 ; no       ; Off          ;
; AD9      ;            ;          ; GND                                      ; gnd    ;              ;         ; --         ;                 ; --       ; --           ;
; AD10     ; 167        ; 8        ; GND*                                     ;        ;              ;         ; Column I/O ;                 ; no       ; Off          ;
; AD11     ; 173        ; 8        ; GND*                                     ;        ;              ;         ; Column I/O ;                 ; no       ; Off          ;
; AD12     ; 181        ; 8        ; GND*                                     ;        ;              ;         ; Column I/O ;                 ; no       ; Off          ;
; AD13     ; 186        ; 8        ; GND+                                     ;        ;              ;         ; Column I/O ;                 ; --       ; --           ;
; AD14     ;            ;          ; GND                                      ; gnd    ;              ;         ; --         ;                 ; --       ; --           ;
; AD15     ; 190        ; 7        ; GND*                                     ;        ;              ;         ; Column I/O ;                 ; no       ; Off          ;
; AD16     ; 201        ; 7        ; GND*                                     ;        ;              ;         ; Column I/O ;                 ; no       ; Off          ;
; AD17     ; 208        ; 7        ; GND*                                     ;        ;              ;         ; Column I/O ;                 ; no       ; Off          ;
; AD18     ;            ;          ; GND                                      ; gnd    ;              ;         ; --         ;                 ; --       ; --           ;
; AD19     ; 221        ; 7        ; GND*                                     ;        ;              ;         ; Column I/O ;                 ; no       ; Off          ;
; AD20     ;            ; 7        ; VCCIO7                                   ; power  ;              ; 3.3V    ; --         ;                 ; --       ; --           ;
; AD21     ; 238        ; 7        ; GND*                                     ;        ;              ;         ; Column I/O ;                 ; no       ; Off          ;
; AD22     ; 240        ; 7        ; GND*                                     ;        ;              ;         ; Column I/O ;                 ; no       ; Off          ;
; AD23     ; 239        ; 7        ; GND*                                     ;        ;              ;         ; Column I/O ;                 ; no       ; Off          ;
; AD24     ; 249        ; 6        ; GND*                                     ;        ;              ;         ; Row I/O    ;                 ; no       ; Off          ;
; AD25     ; 248        ; 6        ; GND*                                     ;        ;              ;         ; Row I/O    ;                 ; no       ; Off          ;
; AD26     ;            ; 6        ; VCCIO6                                   ; power  ;              ; 3.3V    ; --         ;                 ; --       ; --           ;
; AE1      ;            ;          ; GND                                      ; gnd    ;              ;         ; --         ;                 ; --       ; --           ;
; AE2      ; 124        ; 1        ; GND*                                     ;        ;              ;         ; Row I/O    ;                 ; no       ; Off          ;
; AE3      ; 125        ; 1        ; GND*                                     ;        ;              ;         ; Row I/O    ;                 ; no       ; Off          ;
; AE4      ; 131        ; 8        ; GND*                                     ;        ;              ;         ; Column I/O ;                 ; no       ; Off          ;
; AE5      ; 137        ; 8        ; GND*                                     ;        ;              ;         ; Column I/O ;                 ; no       ; Off          ;
; AE6      ; 150        ; 8        ; GND*                                     ;        ;              ;         ; Column I/O ;                 ; no       ; Off          ;
; AE7      ; 157        ; 8        ; Plaintext[32]                            ; input  ; 3.3-V LVTTL  ;         ; Column I/O ; N               ; no       ; Off          ;
; AE8      ; 159        ; 8        ; GND*                                     ;        ;              ;         ; Column I/O ;                 ; no       ; Off          ;
; AE9      ; 165        ; 8        ; GND*                                     ;        ;              ;         ; Column I/O ;                 ; no       ; Off          ;
; AE10     ; 169        ; 8        ; GND*                                     ;        ;              ;         ; Column I/O ;                 ; no       ; Off          ;
; AE11     ; 174        ; 8        ; GND*                                     ;        ;              ;         ; Column I/O ;                 ; no       ; Off          ;
; AE12     ; 182        ; 8        ; GND*                                     ;        ;              ;         ; Column I/O ;                 ; no       ; Off          ;
; AE13     ; 183        ; 8        ; GND*                                     ;        ;              ;         ; Column I/O ;                 ; no       ; Off          ;
; AE14     ; 188        ; 7        ; GND+                                     ;        ;              ;         ; Column I/O ;                 ; --       ; --           ;
; AE15     ; 189        ; 7        ; GND*                                     ;        ;              ;         ; Column I/O ;                 ; no       ; Off          ;
; AE16     ; 200        ; 7        ; GND*                                     ;        ;              ;         ; Column I/O ;                 ; no       ; Off          ;
; AE17     ; 206        ; 7        ; GND*                                     ;        ;              ;         ; Column I/O ;                 ; no       ; Off          ;
; AE18     ; 212        ; 7        ; Key_in[48]                               ; input  ; 3.3-V LVTTL  ;         ; Column I/O ; N               ; no       ; Off          ;
; AE19     ; 214        ; 7        ; GND*                                     ;        ;              ;         ; Column I/O ;                 ; no       ; Off          ;
; AE20     ; 224        ; 7        ; GND*                                     ;        ;              ;         ; Column I/O ;                 ; no       ; Off          ;
; AE21     ; 228        ; 7        ; Key_in[16]                               ; input  ; 3.3-V LVTTL  ;         ; Column I/O ; N               ; no       ; Off          ;
; AE22     ; 236        ; 7        ; GND*                                     ;        ;              ;         ; Column I/O ;                 ; no       ; Off          ;
; AE23     ; 244        ; 7        ; GND*                                     ;        ;              ;         ; Column I/O ;                 ; no       ; Off          ;
; AE24     ; 247        ; 6        ; ~LVDS150p/nCEO~                          ; output ; 3.3-V LVTTL  ;         ; Row I/O    ; N               ; no       ; Off          ;
; AE25     ; 246        ; 6        ; GND*                                     ;        ;              ;         ; Row I/O    ;                 ; no       ; Off          ;
; AE26     ;            ;          ; GND                                      ; gnd    ;              ;         ; --         ;                 ; --       ; --           ;
; AF2      ;            ;          ; GND                                      ; gnd    ;              ;         ; --         ;                 ; --       ; --           ;
; AF3      ;            ; 8        ; VCCIO8                                   ; power  ;              ; 3.3V    ; --         ;                 ; --       ; --           ;
; AF4      ; 132        ; 8        ; GND*                                     ;        ;              ;         ; Column I/O ;                 ; no       ; Off          ;
; AF5      ; 138        ; 8        ; GND*                                     ;        ;              ;         ; Column I/O ;                 ; no       ; Off          ;
; AF6      ; 151        ; 8        ; GND*                                     ;        ;              ;         ; Column I/O ;                 ; no       ; Off          ;
; AF7      ; 158        ; 8        ; Key_in[59]                               ; input  ; 3.3-V LVTTL  ;         ; Column I/O ; N               ; no       ; Off          ;
; AF8      ; 160        ; 8        ; GND*                                     ;        ;              ;         ; Column I/O ;                 ; no       ; Off          ;
; AF9      ; 166        ; 8        ; Plaintext[47]                            ; input  ; 3.3-V LVTTL  ;         ; Column I/O ; N               ; no       ; Off          ;
; AF10     ; 170        ; 8        ; GND*                                     ;        ;              ;         ; Column I/O ;                 ; no       ; Off          ;
; AF11     ;            ; 8        ; VCCIO8                                   ; power  ;              ; 3.3V    ; --         ;                 ; --       ; --           ;
; AF12     ;            ;          ; GND                                      ; gnd    ;              ;         ; --         ;                 ; --       ; --           ;
; AF13     ; 184        ; 8        ; GND*                                     ;        ;              ;         ; Column I/O ;                 ; no       ; Off          ;
; AF14     ; 187        ; 7        ; GND+                                     ;        ;              ;         ; Column I/O ;                 ; --       ; --           ;
; AF15     ;            ;          ; GND                                      ; gnd    ;              ;         ; --         ;                 ; --       ; --           ;
; AF16     ;            ; 7        ; VCCIO7                                   ; power  ;              ; 3.3V    ; --         ;                 ; --       ; --           ;
; AF17     ; 205        ; 7        ; GND*                                     ;        ;              ;         ; Column I/O ;                 ; no       ; Off          ;
; AF18     ; 211        ; 7        ; GND*                                     ;        ;              ;         ; Column I/O ;                 ; no       ; Off          ;
; AF19     ; 213        ; 7        ; GND*                                     ;        ;              ;         ; Column I/O ;                 ; no       ; Off          ;
; AF20     ; 223        ; 7        ; GND*                                     ;        ;              ;         ; Column I/O ;                 ; no       ; Off          ;
; AF21     ; 227        ; 7        ; GND*                                     ;        ;              ;         ; Column I/O ;                 ; no       ; Off          ;
; AF22     ; 235        ; 7        ; GND*                                     ;        ;              ;         ; Column I/O ;                 ; no       ; Off          ;
; AF23     ; 243        ; 7        ; GND*                                     ;        ;              ;         ; Column I/O ;                 ; no       ; Off          ;
; AF24     ;            ; 7        ; VCCIO7                                   ; power  ;              ; 3.3V    ; --         ;                 ; --       ; --           ;
; AF25     ;            ;          ; GND                                      ; gnd    ;              ;         ; --         ;                 ; --       ; --           ;
; B1       ;            ;          ; GND                                      ; gnd    ;              ;         ; --         ;                 ; --       ; --           ;
; B2       ; 2          ; 2        ; GND*                                     ;        ;              ;         ; Row I/O    ;                 ; no       ; Off          ;
; B3       ; 3          ; 2        ; GND*                                     ;        ;              ;         ; Row I/O    ;                 ; no       ; Off          ;
; B4       ; 483        ; 3        ; GND*                                     ;        ;              ;         ; Column I/O ;                 ; no       ; Off          ;
; B5       ; 481        ; 3        ; GND*                                     ;        ;              ;         ; Column I/O ;                 ; no       ; Off          ;
; B6       ; 480        ; 3        ; GND*                                     ;        ;              ;         ; Column I/O ;                 ; no       ; Off          ;
; B7       ; 466        ; 3        ; Plaintext[16]                            ; input  ; 3.3-V LVTTL  ;         ; Column I/O ; N               ; no       ; Off          ;
; B8       ; 458        ; 3        ; Key_in[17]                               ; input  ; 3.3-V LVTTL  ;         ; Column I/O ; N               ; no       ; Off          ;
; B9       ; 452        ; 3        ; Key_in[26]                               ; input  ; 3.3-V LVTTL  ;         ; Column I/O ; N               ; no       ; Off          ;
; B10      ; 448        ; 3        ; Key_in[14]                               ; input  ; 3.3-V LVTTL  ;         ; Column I/O ; N               ; no       ; Off          ;
; B11      ; 435        ; 3        ; GND*                                     ;        ;              ;         ; Column I/O ;                 ; no       ; Off          ;
; B12      ; 433        ; 3        ; GND*                                     ;        ;              ;         ; Column I/O ;                 ; no       ; Off          ;
; B13      ; 429        ; 4        ; GND+                                     ;        ;              ;         ; Column I/O ;                 ; --       ; --           ;
; B14      ; 428        ; 4        ; GND*                                     ;        ;              ;         ; Column I/O ;                 ; no       ; Off          ;
; B15      ; 420        ; 4        ; GND*                                     ;        ;              ;         ; Column I/O ;                 ; no       ; Off          ;
; B16      ; 419        ; 4        ; Ciphertext[23]                           ; output ; 3.3-V LVTTL  ;         ; Column I/O ; N               ; no       ; Off          ;
; B17      ; 411        ; 4        ; Ciphertext[35]                           ; output ; 3.3-V LVTTL  ;         ; Column I/O ; N               ; no       ; Off          ;
; B18      ; 405        ; 4        ; Ciphertext[54]                           ; output ; 3.3-V LVTTL  ;         ; Column I/O ; N               ; no       ; Off          ;
; B19      ; 393        ; 4        ; Ciphertext[21]                           ; output ; 3.3-V LVTTL  ;         ; Column I/O ; N               ; no       ; Off          ;
; B20      ; 389        ; 4        ; Ciphertext[47]                           ; output ; 3.3-V LVTTL  ;         ; Column I/O ; N               ; no       ; Off          ;
; B21      ; 381        ; 4        ; GND*                                     ;        ;              ;         ; Column I/O ;                 ; no       ; Off          ;
; B22      ; 380        ; 4        ; GND*                                     ;        ;              ;         ; Column I/O ;                 ; no       ; Off          ;
; B23      ; 377        ; 4        ; GND*                                     ;        ;              ;         ; Column I/O ;                 ; no       ; Off          ;
; B24      ; 363        ; 5        ; GND*                                     ;        ;              ;         ; Row I/O    ;                 ; no       ; Off          ;
; B25      ; 362        ; 5        ; GND*                                     ;        ;              ;         ; Row I/O    ;                 ; no       ; Off          ;
; B26      ;            ;          ; GND                                      ; gnd    ;              ;         ; --         ;                 ; --       ; --           ;
; C1       ;            ; 2        ; VCCIO2                                   ; power  ;              ; 3.3V    ; --         ;                 ; --       ; --           ;
; C2       ; 6          ; 2        ; Key_in[24]                               ; input  ; 3.3-V LVTTL  ;         ; Row I/O    ; N               ; no       ; Off          ;
; C3       ; 7          ; 2        ; GND*                                     ;        ;              ;         ; Row I/O    ;                 ; no       ; Off          ;
; C4       ; 478        ; 3        ; Key_in[32]                               ; input  ; 3.3-V LVTTL  ;         ; Column I/O ; N               ; no       ; Off          ;
; C5       ; 486        ; 3        ; GND*                                     ;        ;              ;         ; Column I/O ;                 ; no       ; Off          ;
; C6       ; 485        ; 3        ; GND*                                     ;        ;              ;         ; Column I/O ;                 ; no       ; Off          ;
; C7       ; 468        ; 3        ; Plaintext[7]                             ; input  ; 3.3-V LVTTL  ;         ; Column I/O ; N               ; no       ; Off          ;
; C8       ; 463        ; 3        ; Plaintext[17]                            ; input  ; 3.3-V LVTTL  ;         ; Column I/O ; N               ; no       ; Off          ;
; C9       ; 459        ; 3        ; Plaintext[9]                             ; input  ; 3.3-V LVTTL  ;         ; Column I/O ; N               ; no       ; Off          ;
; C10      ; 450        ; 3        ; Plaintext[30]                            ; input  ; 3.3-V LVTTL  ;         ; Column I/O ; N               ; no       ; Off          ;
; C11      ; 436        ; 3        ; GND*                                     ;        ;              ;         ; Column I/O ;                 ; no       ; Off          ;
; C12      ; 434        ; 3        ; GND*                                     ;        ;              ;         ; Column I/O ;                 ; no       ; Off          ;
; C13      ; 431        ; 3        ; Key_in[0]                                ; input  ; 3.3-V LVTTL  ;         ; Column I/O ; N               ; no       ; Off          ;
; C14      ;            ;          ; GND                                      ; gnd    ;              ;         ; --         ;                 ; --       ; --           ;
; C15      ; 421        ; 4        ; GND*                                     ;        ;              ;         ; Column I/O ;                 ; no       ; Off          ;
; C16      ; 418        ; 4        ; GND*                                     ;        ;              ;         ; Column I/O ;                 ; no       ; Off          ;
; C17      ; 404        ; 4        ; Ciphertext[52]                           ; output ; 3.3-V LVTTL  ;         ; Column I/O ; N               ; no       ; Off          ;
; C18      ;            ;          ; GND                                      ; gnd    ;              ;         ; --         ;                 ; --       ; --           ;
; C19      ; 391        ; 4        ; Ciphertext[58]                           ; output ; 3.3-V LVTTL  ;         ; Column I/O ; N               ; no       ; Off          ;
; C20      ;            ; 4        ; VCCIO4                                   ; power  ;              ; 3.3V    ; --         ;                 ; --       ; --           ;
; C21      ; 375        ; 4        ; GND*                                     ;        ;              ;         ; Column I/O ;                 ; no       ; Off          ;
; C22      ; 374        ; 4        ; GND*                                     ;        ;              ;         ; Column I/O ;                 ; no       ; Off          ;
; C23      ; 373        ; 4        ; GND*                                     ;        ;              ;         ; Column I/O ;                 ; no       ; Off          ;
; C24      ; 360        ; 5        ; GND*                                     ;        ;              ;         ; Row I/O    ;                 ; no       ; Off          ;
; C25      ; 361        ; 5        ; GND*                                     ;        ;              ;         ; Row I/O    ;                 ; no       ; Off          ;
; C26      ;            ; 5        ; VCCIO5                                   ; power  ;              ; 3.3V    ; --         ;                 ; --       ; --           ;
; D1       ; 13         ; 2        ; Key_in[63]                               ; input  ; 3.3-V LVTTL  ;         ; Row I/O    ; N               ; no       ; Off          ;
; D2       ; 12         ; 2        ; Plaintext[50]                            ; input  ; 3.3-V LVTTL  ;         ; Row I/O    ; N               ; no       ; Off          ;
; D3       ; 1          ; 2        ; ~nCSO~ / RESERVED_INPUT_WITH_WEAK_PULLUP ; input  ; 3.3-V LVTTL  ;         ; Row I/O    ; N               ; no       ; On           ;
; D4       ;            ;          ; GND                                      ; gnd    ;              ;         ; --         ;                 ; --       ; --           ;
; D5       ; 477        ; 3        ; Plaintext[33]                            ; input  ; 3.3-V LVTTL  ;         ; Column I/O ; N               ; no       ; Off          ;
; D6       ; 467        ; 3        ; Key_in[35]                               ; input  ; 3.3-V LVTTL  ;         ; Column I/O ; N               ; no       ; Off          ;
; D7       ; 469        ; 3        ; Key_in[13]                               ; input  ; 3.3-V LVTTL  ;         ; Column I/O ; N               ; no       ; Off          ;
; D8       ; 464        ; 3        ; Key_in[27]                               ; input  ; 3.3-V LVTTL  ;         ; Column I/O ; N               ; no       ; Off          ;
; D9       ; 460        ; 3        ; Plaintext[42]                            ; input  ; 3.3-V LVTTL  ;         ; Column I/O ; N               ; no       ; Off          ;
; D10      ; 449        ; 3        ; Plaintext[10]                            ; input  ; 3.3-V LVTTL  ;         ; Column I/O ; N               ; no       ; Off          ;
; D11      ; 445        ; 3        ; Key_in[1]                                ; input  ; 3.3-V LVTTL  ;         ; Column I/O ; N               ; no       ; Off          ;
; D12      ; 443        ; 3        ; Plaintext[62]                            ; input  ; 3.3-V LVTTL  ;         ; Column I/O ; N               ; no       ; Off          ;
; D13      ; 432        ; 3        ; Key_in[8]                                ; input  ; 3.3-V LVTTL  ;         ; Column I/O ; N               ; no       ; Off          ;
; D14      ; 426        ; 4        ; GND*                                     ;        ;              ;         ; Column I/O ;                 ; no       ; Off          ;
; D15      ; 417        ; 4        ; Start                                    ; input  ; 3.3-V LVTTL  ;         ; Column I/O ; N               ; no       ; Off          ;
; D16      ; 415        ; 4        ; GND*                                     ;        ;              ;         ; Column I/O ;                 ; --       ; --           ;
; D17      ; 403        ; 4        ; Ciphertext[56]                           ; output ; 3.3-V LVTTL  ;         ; Column I/O ; N               ; no       ; Off          ;
; D18      ; 396        ; 4        ; Ciphertext[13]                           ; output ; 3.3-V LVTTL  ;         ; Column I/O ; N               ; no       ; Off          ;
; D19      ; 392        ; 4        ; Ciphertext[10]                           ; output ; 3.3-V LVTTL  ;         ; Column I/O ; N               ; no       ; Off          ;
; D20      ; 387        ; 4        ; Ciphertext[22]                           ; output ; 3.3-V LVTTL  ;         ; Column I/O ; N               ; no       ; Off          ;
; D21      ; 376        ; 4        ; GND*                                     ;        ;              ;         ; Column I/O ;                 ; no       ; Off          ;
; D22      ;            ; 4        ; VCCIO4                                   ; power  ;              ; 3.3V    ; --         ;                 ; --       ; --           ;
; D23      ; 369        ; 5        ; GND*                                     ;        ;              ;         ; Row I/O    ;                 ; no       ; Off          ;
; D24      ;            ;          ; GND                                      ; gnd    ;              ;         ; --         ;                 ; --       ; --           ;
; D25      ; 358        ; 5        ; GND*                                     ;        ;              ;         ; Row I/O    ;                 ; no       ; Off          ;
; D26      ; 359        ; 5        ; GND*                                     ;        ;              ;         ; Row I/O    ;                 ; no       ; Off          ;
; E1       ; 20         ; 2        ; Key_in[10]                               ; input  ; 3.3-V LVTTL  ;         ; Row I/O    ; N               ; no       ; Off          ;
; E2       ; 19         ; 2        ; Plaintext[61]                            ; input  ; 3.3-V LVTTL  ;         ; Row I/O    ; N               ; no       ; Off          ;
; E3       ; 0          ; 2        ; ~ASDO~ / RESERVED_INPUT_WITH_WEAK_PULLUP ; input  ; 3.3-V LVTTL  ;         ; Row I/O    ; N               ; no       ; On           ;
; E4       ;            ;          ; GND_PLL3                                 ; gnd    ;              ;         ; --         ;                 ; --       ; --           ;
; E5       ; 4          ; 2        ; GND*                                     ;        ;              ;         ; Row I/O    ;                 ; no       ; Off          ;
; E6       ;            ; 3        ; VCCIO3                                   ; power  ;              ; 3.3V    ; --         ;                 ; --       ; --           ;
; E7       ;            ;          ; GND                                      ; gnd    ;              ;         ; --         ;                 ; --       ; --           ;
; E8       ; 474        ; 3        ; Plaintext[34]                            ; input  ; 3.3-V LVTTL  ;         ; Column I/O ; N               ; no       ; Off          ;
; E9       ;            ; 3        ; VCCIO3                                   ; power  ;              ; 3.3V    ; --         ;                 ; --       ; --           ;
; E10      ; 453        ; 3        ; Key_in[2]                                ; input  ; 3.3-V LVTTL  ;         ; Column I/O ; N               ; no       ; Off          ;
; E11      ;            ;          ; GND                                      ; gnd    ;              ;         ; --         ;                 ; --       ; --           ;
; E12      ; 444        ; 3        ; Plaintext[56]                            ; input  ; 3.3-V LVTTL  ;         ; Column I/O ; N               ; no       ; Off          ;
; E13      ;            ; 3        ; VCCIO3                                   ; power  ;              ; 3.3V    ; --         ;                 ; --       ; --           ;
; E14      ;            ; 4        ; VCCIO4                                   ; power  ;              ; 3.3V    ; --         ;                 ; --       ; --           ;
; E15      ; 416        ; 4        ; Done                                     ; output ; 3.3-V LVTTL  ;         ; Column I/O ; N               ; no       ; Off          ;
; E16      ;            ;          ; GND                                      ; gnd    ;              ;         ; --         ;                 ; --       ; --           ;
; E17      ;            ; 4        ; VCCIO4                                   ; power  ;              ; 3.3V    ; --         ;                 ; --       ; --           ;
; E18      ; 395        ; 4        ; Ciphertext[14]                           ; output ; 3.3-V LVTTL  ;         ; Column I/O ; N               ; no       ; Off          ;
; E19      ;            ;          ; GND                                      ; gnd    ;              ;         ; --         ;                 ; --       ; --           ;
; E20      ; 388        ; 4        ; Ciphertext[36]                           ; output ; 3.3-V LVTTL  ;         ; Column I/O ; N               ; no       ; Off          ;
; E21      ;            ;          ; GND_PLL2                                 ; gnd    ;              ;         ; --         ;                 ; --       ; --           ;
; E22      ; 370        ; 5        ; GND*                                     ;        ;              ;         ; Row I/O    ;                 ; no       ; Off          ;
; E23      ; 365        ; 5        ; GND*                                     ;        ;              ;         ; Row I/O    ;                 ; no       ; Off          ;
; E24      ; 364        ; 5        ; GND*                                     ;        ;              ;         ; Row I/O    ;                 ; no       ; Off          ;
; E25      ; 355        ; 5        ; GND*                                     ;        ;              ;         ; Row I/O    ;                 ; no       ; Off          ;
; E26      ; 356        ; 5        ; GND*                                     ;        ;              ;         ; Row I/O    ;                 ; no       ; Off          ;
; F1       ; 29         ; 2        ; Key_in[9]                                ; input  ; 3.3-V LVTTL  ;         ; Row I/O    ; N               ; no       ; Off          ;
; F2       ; 28         ; 2        ; Plaintext[25]                            ; input  ; 3.3-V LVTTL  ;         ; Row I/O    ; N               ; no       ; Off          ;
; F3       ; 10         ; 2        ; Plaintext[2]                             ; input  ; 3.3-V LVTTL  ;         ; Row I/O    ; N               ; no       ; Off          ;
; F4       ; 11         ; 2        ; Plaintext[60]                            ; input  ; 3.3-V LVTTL  ;         ; Row I/O    ; N               ; no       ; Off          ;
; F5       ;            ; 2        ; VCCIO2                                   ; power  ;              ; 3.3V    ; --         ;                 ; --       ; --           ;
; F6       ; 5          ; 2        ; Plaintext[26]                            ; input  ; 3.3-V LVTTL  ;         ; Row I/O    ; N               ; no       ; Off          ;
; F7       ; 14         ; 2        ; Plaintext[39]                            ; input  ; 3.3-V LVTTL  ;         ; Row I/O    ; N               ; no       ; Off          ;
; F8       ;            ;          ; GNDA_PLL3                                ; gnd    ;              ;         ; --         ;                 ; --       ; --           ;
; F9       ; 470        ; 3        ; Key_in[50]                               ; input  ; 3.3-V LVTTL  ;         ; Column I/O ; N               ; no       ; Off          ;
; F10      ; 462        ; 3        ; Plaintext[28]                            ; input  ; 3.3-V LVTTL  ;         ; Column I/O ; N               ; no       ; Off          ;
; F11      ; 454        ; 3        ; Plaintext[54]                            ; input  ; 3.3-V LVTTL  ;         ; Column I/O ; N               ; no       ; Off          ;
; F12      ; 440        ; 3        ; Key_in[62]                               ; input  ; 3.3-V LVTTL  ;         ; Column I/O ; N               ; no       ; Off          ;
; F13      ; 423        ; 4        ; GND*                                     ;        ;              ;         ; Column I/O ;                 ; no       ; Off          ;
; F14      ; 425        ; 4        ; GND*                                     ;        ;              ;         ; Column I/O ;                 ; no       ; Off          ;
; F15      ; 409        ; 4        ; Ciphertext[33]                           ; output ; 3.3-V LVTTL  ;         ; Column I/O ; N               ; no       ; Off          ;
; F16      ; 408        ; 4        ; Ciphertext[41]                           ; output ; 3.3-V LVTTL  ;         ; Column I/O ; N               ; no       ; Off          ;
; F17      ; 401        ; 4        ; Ciphertext[34]                           ; output ; 3.3-V LVTTL  ;         ; Column I/O ; N               ; no       ; Off          ;
; F18      ; 398        ; 4        ; Ciphertext[59]                           ; output ; 3.3-V LVTTL  ;         ; Column I/O ; N               ; no       ; Off          ;
; F19      ;            ;          ; GNDA_PLL2                                ; gnd    ;              ;         ; --         ;                 ; --       ; --           ;
; F20      ; 372        ; 5        ; GND*                                     ;        ;              ;         ; Row I/O    ;                 ; no       ; Off          ;
; F21      ; 371        ; 5        ; GND*                                     ;        ;              ;         ; Row I/O    ;                 ; no       ; Off          ;
; F22      ;            ; 5        ; VCCIO5                                   ; power  ;              ; 3.3V    ; --         ;                 ; --       ; --           ;
; F23      ; 353        ; 5        ; Ciphertext[9]                            ; output ; 3.3-V LVTTL  ;         ; Row I/O    ; N               ; no       ; Off          ;
; F24      ; 354        ; 5        ; GND*                                     ;        ;              ;         ; Row I/O    ;                 ; no       ; Off          ;
; F25      ; 350        ; 5        ; Ciphertext[53]                           ; output ; 3.3-V LVTTL  ;         ; Row I/O    ; N               ; no       ; Off          ;
; F26      ; 349        ; 5        ; Ciphertext[50]                           ; output ; 3.3-V LVTTL  ;         ; Row I/O    ; N               ; no       ; Off          ;
; G1       ; 30         ; 2        ; Key_in[19]                               ; input  ; 3.3-V LVTTL  ;         ; Row I/O    ; N               ; no       ; Off          ;
; G2       ; 31         ; 2        ; Plaintext[55]                            ; input  ; 3.3-V LVTTL  ;         ; Row I/O    ; N               ; no       ; Off          ;
; G3       ; 24         ; 2        ; Plaintext[57]                            ; input  ; 3.3-V LVTTL  ;         ; Row I/O    ; N               ; no       ; Off          ;
; G4       ; 23         ; 2        ; Plaintext[0]                             ; input  ; 3.3-V LVTTL  ;         ; Row I/O    ; N               ; no       ; Off          ;
; G5       ; 8          ; 2        ; Key_in[38]                               ; input  ; 3.3-V LVTTL  ;         ; Row I/O    ; N               ; no       ; Off          ;
; G6       ; 9          ; 2        ; Plaintext[13]                            ; input  ; 3.3-V LVTTL  ;         ; Row I/O    ; N               ; no       ; Off          ;
; G7       ;            ;          ; GND_PLL3                                 ; gnd    ;              ;         ; --         ;                 ; --       ; --           ;
; G8       ;            ;          ; VCCA_PLL3                                ; power  ;              ; 1.2V    ; --         ;                 ; --       ; --           ;
; G9       ; 471        ; 3        ; Key_in[33]                               ; input  ; 3.3-V LVTTL  ;         ; Column I/O ; N               ; no       ; Off          ;
; G10      ; 461        ; 3        ; Key_in[3]                                ; input  ; 3.3-V LVTTL  ;         ; Column I/O ; N               ; no       ; Off          ;
; G11      ; 446        ; 3        ; Plaintext[24]                            ; input  ; 3.3-V LVTTL  ;         ; Column I/O ; N               ; no       ; Off          ;
; G12      ; 439        ; 3        ; GND*                                     ;        ;              ;         ; Column I/O ;                 ; no       ; Off          ;
; G13      ; 422        ; 4        ; GND*                                     ;        ;              ;         ; Column I/O ;                 ; no       ; Off          ;
; G14      ; 424        ; 4        ; GND*                                     ;        ;              ;         ; Column I/O ;                 ; no       ; Off          ;
; G15      ; 410        ; 4        ; Ciphertext[17]                           ; output ; 3.3-V LVTTL  ;         ; Column I/O ; N               ; no       ; Off          ;
; G16      ; 407        ; 4        ; Ciphertext[38]                           ; output ; 3.3-V LVTTL  ;         ; Column I/O ; N               ; no       ; Off          ;
; G17      ; 402        ; 4        ; Ciphertext[31]                           ; output ; 3.3-V LVTTL  ;         ; Column I/O ; N               ; no       ; Off          ;
; G18      ; 397        ; 4        ; Ciphertext[25]                           ; output ; 3.3-V LVTTL  ;         ; Column I/O ; N               ; no       ; Off          ;
; G19      ;            ;          ; VCCA_PLL2                                ; power  ;              ; 1.2V    ; --         ;                 ; --       ; --           ;
; G20      ;            ;          ; GND_PLL2                                 ; gnd    ;              ;         ; --         ;                 ; --       ; --           ;
; G21      ; 368        ; 5        ; GND*                                     ;        ;              ;         ; Row I/O    ;                 ; no       ; Off          ;
; G22      ; 367        ; 5        ; GND*                                     ;        ;              ;         ; Row I/O    ;                 ; no       ; Off          ;
; G23      ; 346        ; 5        ; Ciphertext[40]                           ; output ; 3.3-V LVTTL  ;         ; Row I/O    ; N               ; no       ; Off          ;
; G24      ; 345        ; 5        ; Ciphertext[29]                           ; output ; 3.3-V LVTTL  ;         ; Row I/O    ; N               ; no       ; Off          ;
; G25      ; 343        ; 5        ; Ciphertext[49]                           ; output ; 3.3-V LVTTL  ;         ; Row I/O    ; N               ; no       ; Off          ;
; G26      ; 342        ; 5        ; Ciphertext[20]                           ; output ; 3.3-V LVTTL  ;         ; Row I/O    ; N               ; no       ; Off          ;
; H1       ; 37         ; 2        ; Key_in[51]                               ; input  ; 3.3-V LVTTL  ;         ; Row I/O    ; N               ; no       ; Off          ;
; H2       ; 36         ; 2        ; Plaintext[3]                             ; input  ; 3.3-V LVTTL  ;         ; Row I/O    ; N               ; no       ; Off          ;
; H3       ; 32         ; 2        ; Plaintext[52]                            ; input  ; 3.3-V LVTTL  ;         ; Row I/O    ; N               ; no       ; Off          ;
; H4       ; 33         ; 2        ; Plaintext[41]                            ; input  ; 3.3-V LVTTL  ;         ; Row I/O    ; N               ; no       ; Off          ;
; H5       ;            ;          ; GND                                      ; gnd    ;              ;         ; --         ;                 ; --       ; --           ;
; H6       ; 18         ; 2        ; Key_in[42]                               ; input  ; 3.3-V LVTTL  ;         ; Row I/O    ; N               ; no       ; Off          ;
; H7       ;            ;          ; VCCD_PLL3                                ; power  ;              ; 1.2V    ; --         ;                 ; --       ; --           ;
; H8       ; 473        ; 3        ; Plaintext[59]                            ; input  ; 3.3-V LVTTL  ;         ; Column I/O ; N               ; no       ; Off          ;
; H9       ;            ; 3        ; VCCIO3                                   ; power  ;              ; 3.3V    ; --         ;                 ; --       ; --           ;
; H10      ; 472        ; 3        ; Key_in[44]                               ; input  ; 3.3-V LVTTL  ;         ; Column I/O ; N               ; no       ; Off          ;
; H11      ; 456        ; 3        ; Key_in[12]                               ; input  ; 3.3-V LVTTL  ;         ; Column I/O ; N               ; no       ; Off          ;
; H12      ; 455        ; 3        ; Plaintext[22]                            ; input  ; 3.3-V LVTTL  ;         ; Column I/O ; N               ; no       ; Off          ;
; H13      ;            ;          ; GND                                      ; gnd    ;              ;         ; --         ;                 ; --       ; --           ;
; H14      ;            ;          ; GND                                      ; gnd    ;              ;         ; --         ;                 ; --       ; --           ;
; H15      ; 414        ; 4        ; Ciphertext[28]                           ; output ; 3.3-V LVTTL  ;         ; Column I/O ; N               ; no       ; Off          ;
; H16      ; 413        ; 4        ; Ciphertext[45]                           ; output ; 3.3-V LVTTL  ;         ; Column I/O ; N               ; no       ; Off          ;
; H17      ; 400        ; 4        ; Ciphertext[16]                           ; output ; 3.3-V LVTTL  ;         ; Column I/O ; N               ; no       ; Off          ;
; H18      ;            ; 4        ; VCCIO4                                   ; power  ;              ; 3.3V    ; --         ;                 ; --       ; --           ;
; H19      ; 335        ; 5        ; Ciphertext[0]                            ; output ; 3.3-V LVTTL  ;         ; Row I/O    ; N               ; no       ; Off          ;
; H20      ;            ;          ; VCCD_PLL2                                ; power  ;              ; 1.2V    ; --         ;                 ; --       ; --           ;
; H21      ; 366        ; 5        ; GND*                                     ;        ;              ;         ; Row I/O    ;                 ; no       ; Off          ;
; H22      ;            ;          ; GND                                      ; gnd    ;              ;         ; --         ;                 ; --       ; --           ;
; H23      ; 341        ; 5        ; Ciphertext[32]                           ; output ; 3.3-V LVTTL  ;         ; Row I/O    ; N               ; no       ; Off          ;
; H24      ; 340        ; 5        ; Ciphertext[7]                            ; output ; 3.3-V LVTTL  ;         ; Row I/O    ; N               ; no       ; Off          ;
; H25      ; 337        ; 5        ; Ciphertext[3]                            ; output ; 3.3-V LVTTL  ;         ; Row I/O    ; N               ; no       ; Off          ;
; H26      ; 336        ; 5        ; Ciphertext[62]                           ; output ; 3.3-V LVTTL  ;         ; Row I/O    ; N               ; no       ; Off          ;
; J1       ; 39         ; 2        ; Key_in[34]                               ; input  ; 3.3-V LVTTL  ;         ; Row I/O    ; N               ; no       ; Off          ;
; J2       ; 38         ; 2        ; Key_in[25]                               ; input  ; 3.3-V LVTTL  ;         ; Row I/O    ; N               ; no       ; Off          ;
; J3       ; 34         ; 2        ; Key_in[23]                               ; input  ; 3.3-V LVTTL  ;         ; Row I/O    ; N               ; no       ; Off          ;
; J4       ; 35         ; 2        ; Plaintext[38]                            ; input  ; 3.3-V LVTTL  ;         ; Row I/O    ; N               ; no       ; Off          ;
; J5       ; 15         ; 2        ; Plaintext[15]                            ; input  ; 3.3-V LVTTL  ;         ; Row I/O    ; N               ; no       ; Off          ;
; J6       ; 25         ; 2        ; Plaintext[37]                            ; input  ; 3.3-V LVTTL  ;         ; Row I/O    ; N               ; no       ; Off          ;
; J7       ; 17         ; 2        ; Plaintext[19]                            ; input  ; 3.3-V LVTTL  ;         ; Row I/O    ; N               ; no       ; Off          ;
; J8       ; 16         ; 2        ; Key_in[47]                               ; input  ; 3.3-V LVTTL  ;         ; Row I/O    ; N               ; no       ; Off          ;
; J9       ; 475        ; 3        ; GND*                                     ;        ;              ;         ; Column I/O ;                 ; no       ; Off          ;
; J10      ; 438        ; 3        ; GND*                                     ;        ;              ;         ; Column I/O ;                 ; no       ; Off          ;
; J11      ; 437        ; 3        ; GND*                                     ;        ;              ;         ; Column I/O ;                 ; no       ; Off          ;
; J12      ;            ; 3        ; VCCIO3                                   ; power  ;              ; 3.3V    ; --         ;                 ; --       ; --           ;
; J13      ; 442        ; 3        ; Key_in[53]                               ; input  ; 3.3-V LVTTL  ;         ; Column I/O ; N               ; no       ; Off          ;
; J14      ; 441        ; 3        ; Key_in[21]                               ; input  ; 3.3-V LVTTL  ;         ; Column I/O ; N               ; no       ; Off          ;
; J15      ;            ; 4        ; VCCIO4                                   ; power  ;              ; 3.3V    ; --         ;                 ; --       ; --           ;
; J16      ; 385        ; 4        ; Ciphertext[46]                           ; output ; 3.3-V LVTTL  ;         ; Column I/O ; N               ; no       ; Off          ;
; J17      ; 399        ; 4        ; Ciphertext[5]                            ; output ; 3.3-V LVTTL  ;         ; Column I/O ; N               ; no       ; Off          ;
; J18      ; 383        ; 4        ; Key_in[40]                               ; input  ; 3.3-V LVTTL  ;         ; Column I/O ; N               ; no       ; Off          ;
; J19      ;            ; 5        ; VCCIO5                                   ; power  ;              ; 3.3V    ; --         ;                 ; --       ; --           ;
; J20      ; 351        ; 5        ; GND*                                     ;        ;              ;         ; Row I/O    ;                 ; no       ; Off          ;
; J21      ; 352        ; 5        ; GND*                                     ;        ;              ;         ; Row I/O    ;                 ; no       ; Off          ;
; J22      ; 357        ; 5        ; GND*                                     ;        ;              ;         ; Row I/O    ;                 ; --       ; --           ;
; J23      ; 339        ; 5        ; Ciphertext[27]                           ; output ; 3.3-V LVTTL  ;         ; Row I/O    ; N               ; no       ; Off          ;
; J24      ; 338        ; 5        ; Ciphertext[44]                           ; output ; 3.3-V LVTTL  ;         ; Row I/O    ; N               ; no       ; Off          ;
; J25      ; 327        ; 5        ; Ciphertext[26]                           ; output ; 3.3-V LVTTL  ;         ; Row I/O    ; N               ; no       ; Off          ;
; J26      ; 326        ; 5        ; Ciphertext[6]                            ; output ; 3.3-V LVTTL  ;         ; Row I/O    ; N               ; no       ; Off          ;
; K1       ; 42         ; 2        ; Key_in[15]                               ; input  ; 3.3-V LVTTL  ;         ; Row I/O    ; N               ; no       ; Off          ;
; K2       ; 43         ; 2        ; Plaintext[1]                             ; input  ; 3.3-V LVTTL  ;         ; Row I/O    ; N               ; no       ; Off          ;
; K3       ; 41         ; 2        ; Plaintext[35]                            ; input  ; 3.3-V LVTTL  ;         ; Row I/O    ; N               ; no       ; Off          ;
; K4       ; 40         ; 2        ; Key_in[60]                               ; input  ; 3.3-V LVTTL  ;         ; Row I/O    ; N               ; no       ; Off          ;
; K5       ; 22         ; 2        ; Plaintext[44]                            ; input  ; 3.3-V LVTTL  ;         ; Row I/O    ; N               ; no       ; Off          ;
; K6       ; 21         ; 2        ; Key_in[36]                               ; input  ; 3.3-V LVTTL  ;         ; Row I/O    ; N               ; no       ; Off          ;
; K7       ; 27         ; 2        ; Key_in[7]                                ; input  ; 3.3-V LVTTL  ;         ; Row I/O    ; N               ; no       ; Off          ;
; K8       ; 26         ; 2        ; Key_in[6]                                ; input  ; 3.3-V LVTTL  ;         ; Row I/O    ; N               ; no       ; Off          ;
; K9       ; 476        ; 3        ; Key_in[54]                               ; input  ; 3.3-V LVTTL  ;         ; Column I/O ; N               ; no       ; Off          ;
; K10      ;            ;          ; VCCINT                                   ; power  ;              ; 1.2V    ; --         ;                 ; --       ; --           ;
; K11      ;            ;          ; VCCINT                                   ; power  ;              ; 1.2V    ; --         ;                 ; --       ; --           ;
; K12      ;            ;          ; VCCINT                                   ; power  ;              ; 1.2V    ; --         ;                 ; --       ; --           ;
; K13      ;            ;          ; VCCINT                                   ; power  ;              ; 1.2V    ; --         ;                 ; --       ; --           ;
; K14      ;            ;          ; VCCINT                                   ; power  ;              ; 1.2V    ; --         ;                 ; --       ; --           ;
; K15      ;            ;          ; VCCINT                                   ; power  ;              ; 1.2V    ; --         ;                 ; --       ; --           ;
; K16      ; 386        ; 4        ; Ciphertext[63]                           ; output ; 3.3-V LVTTL  ;         ; Column I/O ; N               ; no       ; Off          ;
; K17      ; 384        ; 4        ; GND*                                     ;        ;              ;         ; Column I/O ;                 ; no       ; Off          ;
; K18      ; 334        ; 5        ; Ciphertext[39]                           ; output ; 3.3-V LVTTL  ;         ; Row I/O    ; N               ; no       ; Off          ;
; K19      ; 333        ; 5        ; Ciphertext[2]                            ; output ; 3.3-V LVTTL  ;         ; Row I/O    ; N               ; no       ; Off          ;
; K20      ;            ;          ; GND                                      ; gnd    ;              ;         ; --         ;                 ; --       ; --           ;
; K21      ; 332        ; 5        ; Ciphertext[57]                           ; output ; 3.3-V LVTTL  ;         ; Row I/O    ; N               ; no       ; Off          ;
; K22      ; 344        ; 5        ; Ciphertext[60]                           ; output ; 3.3-V LVTTL  ;         ; Row I/O    ; N               ; no       ; Off          ;
; K23      ; 331        ; 5        ; Ciphertext[4]                            ; output ; 3.3-V LVTTL  ;         ; Row I/O    ; N               ; no       ; Off          ;
; K24      ; 330        ; 5        ; Ciphertext[48]                           ; output ; 3.3-V LVTTL  ;         ; Row I/O    ; N               ; no       ; Off          ;
; K25      ; 321        ; 5        ; GND*                                     ;        ;              ;         ; Row I/O    ;                 ; no       ; Off          ;
; K26      ; 320        ; 5        ; Ciphertext[30]                           ; output ; 3.3-V LVTTL  ;         ; Row I/O    ; N               ; no       ; Off          ;
; L1       ;            ; 2        ; VCCIO2                                   ; power  ;              ; 3.3V    ; --         ;                 ; --       ; --           ;
; L2       ; 50         ; 2        ; Plaintext[48]                            ; input  ; 3.3-V LVTTL  ;         ; Row I/O    ; N               ; no       ; Off          ;
; L3       ; 51         ; 2        ; Key_in[30]                               ; input  ; 3.3-V LVTTL  ;         ; Row I/O    ; N               ; no       ; Off          ;
; L4       ; 44         ; 2        ; Key_in[57]                               ; input  ; 3.3-V LVTTL  ;         ; Row I/O    ; N               ; no       ; Off          ;
; L5       ;            ;          ; GND                                      ; gnd    ;              ;         ; --         ;                 ; --       ; --           ;
; L6       ; 48         ; 2        ; Key_in[4]                                ; input  ; 3.3-V LVTTL  ;         ; Row I/O    ; N               ; no       ; Off          ;
; L7       ; 47         ; 2        ; Plaintext[4]                             ; input  ; 3.3-V LVTTL  ;         ; Row I/O    ; N               ; no       ; Off          ;
; L8       ; 59         ; 2        ; #TMS                                     ; input  ;              ;         ; --         ;                 ; --       ; --           ;
; L9       ; 49         ; 2        ; Plaintext[23]                            ; input  ; 3.3-V LVTTL  ;         ; Row I/O    ; N               ; no       ; Off          ;
; L10      ; 52         ; 2        ; Plaintext[27]                            ; input  ; 3.3-V LVTTL  ;         ; Row I/O    ; N               ; no       ; Off          ;
; L11      ;            ;          ; VCCINT                                   ; power  ;              ; 1.2V    ; --         ;                 ; --       ; --           ;
; L12      ;            ;          ; GND                                      ; gnd    ;              ;         ; --         ;                 ; --       ; --           ;
; L13      ;            ;          ; GND                                      ; gnd    ;              ;         ; --         ;                 ; --       ; --           ;
; L14      ;            ;          ; GND                                      ; gnd    ;              ;         ; --         ;                 ; --       ; --           ;
; L15      ;            ;          ; GND                                      ; gnd    ;              ;         ; --         ;                 ; --       ; --           ;
; L16      ;            ;          ; VCCINT                                   ; power  ;              ; 1.2V    ; --         ;                 ; --       ; --           ;
; L17      ;            ;          ; VCCINT                                   ; power  ;              ; 1.2V    ; --         ;                 ; --       ; --           ;
; L18      ;            ;          ; VCCINT                                   ; power  ;              ; 1.2V    ; --         ;                 ; --       ; --           ;
; L19      ; 322        ; 5        ; Ciphertext[18]                           ; output ; 3.3-V LVTTL  ;         ; Row I/O    ; N               ; no       ; Off          ;
; L20      ; 328        ; 5        ; Ciphertext[8]                            ; output ; 3.3-V LVTTL  ;         ; Row I/O    ; N               ; no       ; Off          ;
; L21      ; 329        ; 5        ; Ciphertext[11]                           ; output ; 3.3-V LVTTL  ;         ; Row I/O    ; N               ; no       ; Off          ;
; L22      ;            ;          ; GND                                      ; gnd    ;              ;         ; --         ;                 ; --       ; --           ;
; L23      ; 325        ; 5        ; Ciphertext[51]                           ; output ; 3.3-V LVTTL  ;         ; Row I/O    ; N               ; no       ; Off          ;
; L24      ; 324        ; 5        ; Ciphertext[43]                           ; output ; 3.3-V LVTTL  ;         ; Row I/O    ; N               ; no       ; Off          ;
; L25      ; 323        ; 5        ; Ciphertext[55]                           ; output ; 3.3-V LVTTL  ;         ; Row I/O    ; N               ; no       ; Off          ;
; L26      ;            ; 5        ; VCCIO5                                   ; power  ;              ; 3.3V    ; --         ;                 ; --       ; --           ;
; M1       ;            ;          ; GND                                      ; gnd    ;              ;         ; --         ;                 ; --       ; --           ;
; M2       ; 56         ; 2        ; Plaintext[5]                             ; input  ; 3.3-V LVTTL  ;         ; Row I/O    ; N               ; no       ; Off          ;
; M3       ; 55         ; 2        ; Plaintext[45]                            ; input  ; 3.3-V LVTTL  ;         ; Row I/O    ; N               ; no       ; Off          ;
; M4       ; 53         ; 2        ; Key_in[29]                               ; input  ; 3.3-V LVTTL  ;         ; Row I/O    ; N               ; no       ; Off          ;
; M5       ; 54         ; 2        ; Key_in[22]                               ; input  ; 3.3-V LVTTL  ;         ; Row I/O    ; N               ; no       ; Off          ;
; M6       ; 58         ; 2        ; #TCK                                     ; input  ;              ;         ; --         ;                 ; --       ; --           ;
; M7       ; 60         ; 2        ; #TDO                                     ; output ;              ;         ; --         ;                 ; --       ; --           ;
; M8       ; 57         ; 2        ; #TDI                                     ; input  ;              ;         ; --         ;                 ; --       ; --           ;
; M9       ;            ; 2        ; VCCIO2                                   ; power  ;              ; 3.3V    ; --         ;                 ; --       ; --           ;
; M10      ;            ;          ; VCCINT                                   ; power  ;              ; 1.2V    ; --         ;                 ; --       ; --           ;
; M11      ;            ;          ; VCCINT                                   ; power  ;              ; 1.2V    ; --         ;                 ; --       ; --           ;
; M12      ;            ;          ; GND                                      ; gnd    ;              ;         ; --         ;                 ; --       ; --           ;
; M13      ;            ;          ; GND                                      ; gnd    ;              ;         ; --         ;                 ; --       ; --           ;
; M14      ;            ;          ; GND                                      ; gnd    ;              ;         ; --         ;                 ; --       ; --           ;
; M15      ;            ;          ; GND                                      ; gnd    ;              ;         ; --         ;                 ; --       ; --           ;
; M16      ;            ;          ; VCCINT                                   ; power  ;              ; 1.2V    ; --         ;                 ; --       ; --           ;
; M17      ;            ;          ; VCCINT                                   ; power  ;              ; 1.2V    ; --         ;                 ; --       ; --           ;
; M18      ;            ; 5        ; VCCIO5                                   ; power  ;              ; 3.3V    ; --         ;                 ; --       ; --           ;
; M19      ; 317        ; 5        ; GND*                                     ;        ;              ;         ; Row I/O    ;                 ; no       ; Off          ;
; M20      ; 316        ; 5        ; GND*                                     ;        ;              ;         ; Row I/O    ;                 ; no       ; Off          ;
; M21      ; 314        ; 5        ; GND*                                     ;        ;              ;         ; Row I/O    ;                 ; no       ; Off          ;
; M22      ; 319        ; 5        ; Ciphertext[12]                           ; output ; 3.3-V LVTTL  ;         ; Row I/O    ; N               ; no       ; Off          ;
; M23      ; 318        ; 5        ; Ciphertext[15]                           ; output ; 3.3-V LVTTL  ;         ; Row I/O    ; N               ; no       ; Off          ;
; M24      ; 313        ; 5        ; GND*                                     ;        ;              ;         ; Row I/O    ;                 ; no       ; Off          ;
; M25      ; 312        ; 5        ; GND*                                     ;        ;              ;         ; Row I/O    ;                 ; no       ; Off          ;
; M26      ;            ;          ; GND                                      ; gnd    ;              ;         ; --         ;                 ; --       ; --           ;
; N1       ; 65         ; 2        ; GND+                                     ;        ;              ;         ; Row I/O    ;                 ; --       ; --           ;
; N2       ; 64         ; 2        ; GND+                                     ;        ;              ;         ; Row I/O    ;                 ; --       ; --           ;
; N3       ; 62         ; 2        ; ^DATA0                                   ; input  ;              ;         ; --         ;                 ; --       ; --           ;
; N4       ; 63         ; 2        ; ^nCE                                     ;        ;              ;         ; --         ;                 ; --       ; --           ;
; N5       ;            ; 2        ; VCCIO2                                   ; power  ;              ; 3.3V    ; --         ;                 ; --       ; --           ;
; N6       ; 61         ; 2        ; ^DCLK                                    ;        ;              ;         ; --         ;                 ; --       ; --           ;
; N7       ; 66         ; 2        ; ^nCONFIG                                 ;        ;              ;         ; --         ;                 ; --       ; --           ;
; N8       ;            ;          ; GND                                      ; gnd    ;              ;         ; --         ;                 ; --       ; --           ;
; N9       ; 45         ; 2        ; Key_in[31]                               ; input  ; 3.3-V LVTTL  ;         ; Row I/O    ; N               ; no       ; Off          ;
; N10      ;            ;          ; VCCINT                                   ; power  ;              ; 1.2V    ; --         ;                 ; --       ; --           ;
; N11      ;            ;          ; GND                                      ; gnd    ;              ;         ; --         ;                 ; --       ; --           ;
; N12      ;            ;          ; GND                                      ; gnd    ;              ;         ; --         ;                 ; --       ; --           ;
; N13      ;            ;          ; GND                                      ; gnd    ;              ;         ; --         ;                 ; --       ; --           ;
; N14      ;            ;          ; GND                                      ; gnd    ;              ;         ; --         ;                 ; --       ; --           ;
; N15      ;            ;          ; GND                                      ; gnd    ;              ;         ; --         ;                 ; --       ; --           ;
; N16      ;            ;          ; GND                                      ; gnd    ;              ;         ; --         ;                 ; --       ; --           ;
; N17      ;            ;          ; VCCINT                                   ; power  ;              ; 1.2V    ; --         ;                 ; --       ; --           ;
; N18      ; 348        ; 5        ; Ciphertext[61]                           ; output ; 3.3-V LVTTL  ;         ; Row I/O    ; N               ; no       ; Off          ;
; N19      ;            ;          ; GND                                      ; gnd    ;              ;         ; --         ;                 ; --       ; --           ;
; N20      ; 315        ; 5        ; GND*                                     ;        ;              ;         ; Row I/O    ;                 ; no       ; Off          ;
; N21      ;            ;          ; NC                                       ;        ;              ;         ; --         ;                 ; --       ; --           ;
; N22      ;            ; 5        ; VCCIO5                                   ; power  ;              ; 3.3V    ; --         ;                 ; --       ; --           ;
; N23      ; 311        ; 5        ; GND*                                     ;        ;              ;         ; Row I/O    ;                 ; no       ; Off          ;
; N24      ; 310        ; 5        ; GND*                                     ;        ;              ;         ; Row I/O    ;                 ; no       ; Off          ;
; N25      ; 309        ; 5        ; GND+                                     ;        ;              ;         ; Row I/O    ;                 ; --       ; --           ;
; N26      ; 308        ; 5        ; GND+                                     ;        ;              ;         ; Row I/O    ;                 ; --       ; --           ;
; P1       ; 68         ; 1        ; Reset_n                                  ; input  ; 3.3-V LVTTL  ;         ; Row I/O    ; N               ; no       ; Off          ;
; P2       ; 67         ; 1        ; Clk                                      ; input  ; 3.3-V LVTTL  ;         ; Row I/O    ; N               ; no       ; Off          ;
; P3       ; 69         ; 1        ; Key_in[11]                               ; input  ; 3.3-V LVTTL  ;         ; Row I/O    ; N               ; no       ; Off          ;
; P4       ; 70         ; 1        ; Plaintext[43]                            ; input  ; 3.3-V LVTTL  ;         ; Row I/O    ; N               ; no       ; Off          ;
; P5       ;            ; 1        ; VCCIO1                                   ; power  ;              ; 3.3V    ; --         ;                 ; --       ; --           ;
; P6       ; 78         ; 1        ; Key_in[58]                               ; input  ; 3.3-V LVTTL  ;         ; Row I/O    ; N               ; no       ; Off          ;
; P7       ; 77         ; 1        ; Key_in[28]                               ; input  ; 3.3-V LVTTL  ;         ; Row I/O    ; N               ; no       ; Off          ;
; P8       ;            ;          ; GND                                      ; gnd    ;              ;         ; --         ;                 ; --       ; --           ;
; P9       ; 46         ; 2        ; Plaintext[31]                            ; input  ; 3.3-V LVTTL  ;         ; Row I/O    ; N               ; no       ; Off          ;
; P10      ;            ;          ; VCCINT                                   ; power  ;              ; 1.2V    ; --         ;                 ; --       ; --           ;
; P11      ;            ;          ; GND                                      ; gnd    ;              ;         ; --         ;                 ; --       ; --           ;
; P12      ;            ;          ; GND                                      ; gnd    ;              ;         ; --         ;                 ; --       ; --           ;
; P13      ;            ;          ; GND                                      ; gnd    ;              ;         ; --         ;                 ; --       ; --           ;
; P14      ;            ;          ; GND                                      ; gnd    ;              ;         ; --         ;                 ; --       ; --           ;
; P15      ;            ;          ; GND                                      ; gnd    ;              ;         ; --         ;                 ; --       ; --           ;
; P16      ;            ;          ; GND                                      ; gnd    ;              ;         ; --         ;                 ; --       ; --           ;
; P17      ; 293        ; 6        ; GND*                                     ;        ;              ;         ; Row I/O    ;                 ; no       ; Off          ;
; P18      ; 347        ; 5        ; Ciphertext[19]                           ; output ; 3.3-V LVTTL  ;         ; Row I/O    ; N               ; no       ; Off          ;
; P19      ;            ;          ; GND                                      ; gnd    ;              ;         ; --         ;                 ; --       ; --           ;
; P20      ; 301        ; 6        ; ^MSEL0                                   ;        ;              ;         ; --         ;                 ; --       ; --           ;
; P21      ; 300        ; 6        ; ^MSEL1                                   ;        ;              ;         ; --         ;                 ; --       ; --           ;
; P22      ;            ; 6        ; VCCIO6                                   ; power  ;              ; 3.3V    ; --         ;                 ; --       ; --           ;
; P23      ; 305        ; 6        ; GND*                                     ;        ;              ;         ; Row I/O    ;                 ; no       ; Off          ;
; P24      ; 304        ; 6        ; GND*                                     ;        ;              ;         ; Row I/O    ;                 ; no       ; Off          ;
; P25      ; 307        ; 6        ; GND+                                     ;        ;              ;         ; Row I/O    ;                 ; --       ; --           ;
; P26      ; 306        ; 6        ; GND+                                     ;        ;              ;         ; Row I/O    ;                 ; --       ; --           ;
; R1       ;            ;          ; GND                                      ; gnd    ;              ;         ; --         ;                 ; --       ; --           ;
; R2       ; 71         ; 1        ; Plaintext[51]                            ; input  ; 3.3-V LVTTL  ;         ; Row I/O    ; N               ; no       ; Off          ;
; R3       ; 72         ; 1        ; Key_in[39]                               ; input  ; 3.3-V LVTTL  ;         ; Row I/O    ; N               ; no       ; Off          ;
; R4       ; 73         ; 1        ; Plaintext[6]                             ; input  ; 3.3-V LVTTL  ;         ; Row I/O    ; N               ; no       ; Off          ;
; R5       ; 74         ; 1        ; Plaintext[53]                            ; input  ; 3.3-V LVTTL  ;         ; Row I/O    ; N               ; no       ; Off          ;
; R6       ; 81         ; 1        ; Plaintext[46]                            ; input  ; 3.3-V LVTTL  ;         ; Row I/O    ; N               ; no       ; Off          ;
; R7       ; 82         ; 1        ; Plaintext[21]                            ; input  ; 3.3-V LVTTL  ;         ; Row I/O    ; N               ; no       ; Off          ;
; R8       ; 110        ; 1        ; GND*                                     ;        ;              ;         ; Row I/O    ;                 ; no       ; Off          ;
; R9       ;            ; 1        ; VCCIO1                                   ; power  ;              ; 3.3V    ; --         ;                 ; --       ; --           ;
; R10      ;            ;          ; VCCINT                                   ; power  ;              ; 1.2V    ; --         ;                 ; --       ; --           ;
; R11      ;            ;          ; VCCINT                                   ; power  ;              ; 1.2V    ; --         ;                 ; --       ; --           ;
; R12      ;            ;          ; GND                                      ; gnd    ;              ;         ; --         ;                 ; --       ; --           ;
; R13      ;            ;          ; GND                                      ; gnd    ;              ;         ; --         ;                 ; --       ; --           ;
; R14      ;            ;          ; GND                                      ; gnd    ;              ;         ; --         ;                 ; --       ; --           ;
; R15      ;            ;          ; GND                                      ; gnd    ;              ;         ; --         ;                 ; --       ; --           ;
; R16      ;            ;          ; VCCINT                                   ; power  ;              ; 1.2V    ; --         ;                 ; --       ; --           ;
; R17      ; 294        ; 6        ; GND*                                     ;        ;              ;         ; Row I/O    ;                 ; no       ; Off          ;
; R18      ;            ; 6        ; VCCIO6                                   ; power  ;              ; 3.3V    ; --         ;                 ; --       ; --           ;
; R19      ; 282        ; 6        ; GND*                                     ;        ;              ;         ; Row I/O    ;                 ; no       ; Off          ;
; R20      ; 297        ; 6        ; GND*                                     ;        ;              ;         ; Row I/O    ;                 ; no       ; Off          ;
; R21      ;            ;          ; GND                                      ; gnd    ;              ;         ; --         ;                 ; --       ; --           ;
; R22      ; 298        ; 6        ; ^nSTATUS                                 ;        ;              ;         ; --         ;                 ; --       ; --           ;
; R23      ; 299        ; 6        ; ^CONF_DONE                               ;        ;              ;         ; --         ;                 ; --       ; --           ;
; R24      ; 302        ; 6        ; GND*                                     ;        ;              ;         ; Row I/O    ;                 ; no       ; Off          ;
; R25      ; 303        ; 6        ; GND*                                     ;        ;              ;         ; Row I/O    ;                 ; no       ; Off          ;
; R26      ;            ;          ; GND                                      ; gnd    ;              ;         ; --         ;                 ; --       ; --           ;
; T1       ;            ; 1        ; VCCIO1                                   ; power  ;              ; 3.3V    ; --         ;                 ; --       ; --           ;
; T2       ; 79         ; 1        ; Key_in[61]                               ; input  ; 3.3-V LVTTL  ;         ; Row I/O    ; N               ; no       ; Off          ;
; T3       ; 80         ; 1        ; Key_in[52]                               ; input  ; 3.3-V LVTTL  ;         ; Row I/O    ; N               ; no       ; Off          ;
; T4       ; 83         ; 1        ; Key_in[41]                               ; input  ; 3.3-V LVTTL  ;         ; Row I/O    ; N               ; no       ; Off          ;
; T5       ;            ;          ; GND                                      ; gnd    ;              ;         ; --         ;                 ; --       ; --           ;
; T6       ; 93         ; 1        ; Key_in[5]                                ; input  ; 3.3-V LVTTL  ;         ; Row I/O    ; N               ; no       ; Off          ;
; T7       ; 92         ; 1        ; Plaintext[40]                            ; input  ; 3.3-V LVTTL  ;         ; Row I/O    ; N               ; no       ; Off          ;
; T8       ; 111        ; 1        ; GND*                                     ;        ;              ;         ; Row I/O    ;                 ; no       ; Off          ;
; T9       ; 76         ; 1        ; Plaintext[12]                            ; input  ; 3.3-V LVTTL  ;         ; Row I/O    ; N               ; no       ; Off          ;
; T10      ; 75         ; 1        ; Plaintext[8]                             ; input  ; 3.3-V LVTTL  ;         ; Row I/O    ; N               ; no       ; Off          ;
; T11      ;            ;          ; VCCINT                                   ; power  ;              ; 1.2V    ; --         ;                 ; --       ; --           ;
; T12      ;            ;          ; GND                                      ; gnd    ;              ;         ; --         ;                 ; --       ; --           ;
; T13      ;            ;          ; GND                                      ; gnd    ;              ;         ; --         ;                 ; --       ; --           ;
; T14      ;            ;          ; GND                                      ; gnd    ;              ;         ; --         ;                 ; --       ; --           ;
; T15      ;            ;          ; GND                                      ; gnd    ;              ;         ; --         ;                 ; --       ; --           ;
; T16      ;            ;          ; VCCINT                                   ; power  ;              ; 1.2V    ; --         ;                 ; --       ; --           ;
; T17      ; 289        ; 6        ; GND*                                     ;        ;              ;         ; Row I/O    ;                 ; no       ; Off          ;
; T18      ; 290        ; 6        ; GND*                                     ;        ;              ;         ; Row I/O    ;                 ; no       ; Off          ;
; T19      ; 281        ; 6        ; GND*                                     ;        ;              ;         ; Row I/O    ;                 ; no       ; Off          ;
; T20      ; 287        ; 6        ; GND*                                     ;        ;              ;         ; Row I/O    ;                 ; no       ; Off          ;
; T21      ; 288        ; 6        ; GND*                                     ;        ;              ;         ; Row I/O    ;                 ; --       ; --           ;
; T22      ; 296        ; 6        ; GND*                                     ;        ;              ;         ; Row I/O    ;                 ; no       ; Off          ;
; T23      ; 295        ; 6        ; GND*                                     ;        ;              ;         ; Row I/O    ;                 ; no       ; Off          ;
; T24      ; 292        ; 6        ; GND*                                     ;        ;              ;         ; Row I/O    ;                 ; no       ; Off          ;
; T25      ; 291        ; 6        ; GND*                                     ;        ;              ;         ; Row I/O    ;                 ; no       ; Off          ;
; T26      ;            ; 6        ; VCCIO6                                   ; power  ;              ; 3.3V    ; --         ;                 ; --       ; --           ;
; U1       ; 85         ; 1        ; Plaintext[14]                            ; input  ; 3.3-V LVTTL  ;         ; Row I/O    ; N               ; no       ; Off          ;
; U2       ; 84         ; 1        ; Plaintext[36]                            ; input  ; 3.3-V LVTTL  ;         ; Row I/O    ; N               ; no       ; Off          ;
; U3       ; 88         ; 1        ; Key_in[37]                               ; input  ; 3.3-V LVTTL  ;         ; Row I/O    ; N               ; no       ; Off          ;
; U4       ; 89         ; 1        ; Plaintext[18]                            ; input  ; 3.3-V LVTTL  ;         ; Row I/O    ; N               ; no       ; Off          ;
; U5       ; 100        ; 1        ; GND*                                     ;        ;              ;         ; Row I/O    ;                 ; no       ; Off          ;
; U6       ; 98         ; 1        ; GND*                                     ;        ;              ;         ; Row I/O    ;                 ; no       ; Off          ;
; U7       ; 99         ; 1        ; Key_in[20]                               ; input  ; 3.3-V LVTTL  ;         ; Row I/O    ; N               ; no       ; Off          ;
; U8       ;            ;          ; GND                                      ; gnd    ;              ;         ; --         ;                 ; --       ; --           ;
; U9       ; 86         ; 1        ; Plaintext[63]                            ; input  ; 3.3-V LVTTL  ;         ; Row I/O    ; N               ; no       ; Off          ;
; U10      ; 87         ; 1        ; Key_in[18]                               ; input  ; 3.3-V LVTTL  ;         ; Row I/O    ; N               ; no       ; Off          ;
; U11      ;            ;          ; VCCINT                                   ; power  ;              ; 1.2V    ; --         ;                 ; --       ; --           ;
; U12      ; 178        ; 8        ; GND*                                     ;        ;              ;         ; Column I/O ;                 ; no       ; Off          ;
; U13      ;            ;          ; VCCINT                                   ; power  ;              ; 1.2V    ; --         ;                 ; --       ; --           ;
; U14      ;            ;          ; VCCINT                                   ; power  ;              ; 1.2V    ; --         ;                 ; --       ; --           ;
; U15      ;            ;          ; VCCINT                                   ; power  ;              ; 1.2V    ; --         ;                 ; --       ; --           ;
; U16      ;            ;          ; VCCINT                                   ; power  ;              ; 1.2V    ; --         ;                 ; --       ; --           ;
; U17      ; 231        ; 7        ; GND*                                     ;        ;              ;         ; Column I/O ;                 ; no       ; Off          ;
; U18      ; 232        ; 7        ; GND*                                     ;        ;              ;         ; Column I/O ;                 ; no       ; Off          ;
; U19      ;            ;          ; GND                                      ; gnd    ;              ;         ; --         ;                 ; --       ; --           ;
; U20      ; 280        ; 6        ; GND*                                     ;        ;              ;         ; Row I/O    ;                 ; no       ; Off          ;
; U21      ; 279        ; 6        ; GND*                                     ;        ;              ;         ; Row I/O    ;                 ; no       ; Off          ;
; U22      ; 270        ; 6        ; GND*                                     ;        ;              ;         ; Row I/O    ;                 ; no       ; Off          ;
; U23      ; 284        ; 6        ; GND*                                     ;        ;              ;         ; Row I/O    ;                 ; no       ; Off          ;
; U24      ; 283        ; 6        ; GND*                                     ;        ;              ;         ; Row I/O    ;                 ; no       ; Off          ;
; U25      ; 285        ; 6        ; GND*                                     ;        ;              ;         ; Row I/O    ;                 ; no       ; Off          ;
; U26      ; 286        ; 6        ; GND*                                     ;        ;              ;         ; Row I/O    ;                 ; no       ; Off          ;
; V1       ; 90         ; 1        ; Plaintext[11]                            ; input  ; 3.3-V LVTTL  ;         ; Row I/O    ; N               ; no       ; Off          ;
; V2       ; 91         ; 1        ; Key_in[46]                               ; input  ; 3.3-V LVTTL  ;         ; Row I/O    ; N               ; no       ; Off          ;
; V3       ; 95         ; 1        ; Plaintext[58]                            ; input  ; 3.3-V LVTTL  ;         ; Row I/O    ; N               ; no       ; Off          ;
; V4       ; 94         ; 1        ; Plaintext[20]                            ; input  ; 3.3-V LVTTL  ;         ; Row I/O    ; N               ; no       ; Off          ;
; V5       ; 104        ; 1        ; GND*                                     ;        ;              ;         ; Row I/O    ;                 ; no       ; Off          ;
; V6       ; 105        ; 1        ; GND*                                     ;        ;              ;         ; Row I/O    ;                 ; no       ; Off          ;
; V7       ; 112        ; 1        ; GND*                                     ;        ;              ;         ; Row I/O    ;                 ; no       ; Off          ;
; V8       ;            ; 1        ; VCCIO1                                   ; power  ;              ; 3.3V    ; --         ;                 ; --       ; --           ;
; V9       ; 142        ; 8        ; GND*                                     ;        ;              ;         ; Column I/O ;                 ; no       ; Off          ;
; V10      ; 141        ; 8        ; GND*                                     ;        ;              ;         ; Column I/O ;                 ; no       ; Off          ;
; V11      ; 177        ; 8        ; GND*                                     ;        ;              ;         ; Column I/O ;                 ; no       ; Off          ;
; V12      ;            ; 8        ; VCCIO8                                   ; power  ;              ; 3.3V    ; --         ;                 ; --       ; --           ;
; V13      ; 176        ; 8        ; GND*                                     ;        ;              ;         ; Column I/O ;                 ; no       ; Off          ;
; V14      ; 175        ; 8        ; GND*                                     ;        ;              ;         ; Column I/O ;                 ; no       ; Off          ;
; V15      ;            ; 7        ; VCCIO7                                   ; power  ;              ; 3.3V    ; --         ;                 ; --       ; --           ;
; V16      ;            ;          ; VCCINT                                   ; power  ;              ; 1.2V    ; --         ;                 ; --       ; --           ;
; V17      ; 218        ; 7        ; GND*                                     ;        ;              ;         ; Column I/O ;                 ; no       ; Off          ;
; V18      ; 233        ; 7        ; GND*                                     ;        ;              ;         ; Column I/O ;                 ; no       ; Off          ;
; V19      ;            ; 6        ; VCCIO6                                   ; power  ;              ; 3.3V    ; --         ;                 ; --       ; --           ;
; V20      ; 251        ; 6        ; GND*                                     ;        ;              ;         ; Row I/O    ;                 ; no       ; Off          ;
; V21      ; 252        ; 6        ; GND*                                     ;        ;              ;         ; Row I/O    ;                 ; no       ; Off          ;
; V22      ; 259        ; 6        ; GND*                                     ;        ;              ;         ; Row I/O    ;                 ; --       ; --           ;
; V23      ; 275        ; 6        ; GND*                                     ;        ;              ;         ; Row I/O    ;                 ; no       ; Off          ;
; V24      ; 276        ; 6        ; GND*                                     ;        ;              ;         ; Row I/O    ;                 ; no       ; Off          ;
; V25      ; 277        ; 6        ; GND*                                     ;        ;              ;         ; Row I/O    ;                 ; no       ; Off          ;
; V26      ; 278        ; 6        ; GND*                                     ;        ;              ;         ; Row I/O    ;                 ; no       ; Off          ;
; W1       ; 97         ; 1        ; GND*                                     ;        ;              ;         ; Row I/O    ;                 ; no       ; Off          ;
; W2       ; 96         ; 1        ; Plaintext[29]                            ; input  ; 3.3-V LVTTL  ;         ; Row I/O    ; N               ; no       ; Off          ;
; W3       ; 102        ; 1        ; GND*                                     ;        ;              ;         ; Row I/O    ;                 ; no       ; Off          ;
; W4       ; 101        ; 1        ; GND*                                     ;        ;              ;         ; Row I/O    ;                 ; no       ; Off          ;
; W5       ;            ;          ; GND                                      ; gnd    ;              ;         ; --         ;                 ; --       ; --           ;
; W6       ; 113        ; 1        ; GND*                                     ;        ;              ;         ; Row I/O    ;                 ; --       ; --           ;
; W7       ;            ;          ; GND_PLL1                                 ; gnd    ;              ;         ; --         ;                 ; --       ; --           ;
; W8       ; 144        ; 8        ; GND*                                     ;        ;              ;         ; Column I/O ;                 ; no       ; Off          ;
; W9       ;            ; 8        ; VCCIO8                                   ; power  ;              ; 3.3V    ; --         ;                 ; --       ; --           ;
; W10      ; 145        ; 8        ; GND*                                     ;        ;              ;         ; Column I/O ;                 ; no       ; Off          ;
; W11      ; 161        ; 8        ; GND*                                     ;        ;              ;         ; Column I/O ;                 ; no       ; Off          ;
; W12      ; 162        ; 8        ; GND*                                     ;        ;              ;         ; Column I/O ;                 ; no       ; Off          ;
; W13      ;            ;          ; GND                                      ; gnd    ;              ;         ; --         ;                 ; --       ; --           ;
; W14      ;            ;          ; GND                                      ; gnd    ;              ;         ; --         ;                 ; --       ; --           ;
; W15      ; 203        ; 7        ; GND*                                     ;        ;              ;         ; Column I/O ;                 ; no       ; Off          ;
; W16      ; 204        ; 7        ; GND*                                     ;        ;              ;         ; Column I/O ;                 ; no       ; Off          ;
; W17      ; 217        ; 7        ; GND*                                     ;        ;              ;         ; Column I/O ;                 ; no       ; Off          ;
; W18      ;            ; 7        ; VCCIO7                                   ; power  ;              ; 3.3V    ; --         ;                 ; --       ; --           ;
; W19      ; 234        ; 7        ; GND*                                     ;        ;              ;         ; Column I/O ;                 ; no       ; Off          ;
; W20      ;            ;          ; GND_PLL4                                 ; gnd    ;              ;         ; --         ;                 ; --       ; --           ;
; W21      ; 253        ; 6        ; GND*                                     ;        ;              ;         ; Row I/O    ;                 ; no       ; Off          ;
; W22      ;            ;          ; GND                                      ; gnd    ;              ;         ; --         ;                 ; --       ; --           ;
; W23      ; 272        ; 6        ; GND*                                     ;        ;              ;         ; Row I/O    ;                 ; no       ; Off          ;
; W24      ; 271        ; 6        ; GND*                                     ;        ;              ;         ; Row I/O    ;                 ; no       ; Off          ;
; W25      ; 273        ; 6        ; GND*                                     ;        ;              ;         ; Row I/O    ;                 ; no       ; Off          ;
; W26      ; 274        ; 6        ; GND*                                     ;        ;              ;         ; Row I/O    ;                 ; no       ; Off          ;
; Y1       ; 103        ; 1        ; GND*                                     ;        ;              ;         ; Row I/O    ;                 ; no       ; Off          ;
; Y2       ;            ;          ; NC                                       ;        ;              ;         ; --         ;                 ; --       ; --           ;
; Y3       ; 108        ; 1        ; GND*                                     ;        ;              ;         ; Row I/O    ;                 ; no       ; Off          ;
; Y4       ; 109        ; 1        ; GND*                                     ;        ;              ;         ; Row I/O    ;                 ; no       ; Off          ;
; Y5       ; 121        ; 1        ; GND*                                     ;        ;              ;         ; Row I/O    ;                 ; no       ; Off          ;
; Y6       ;            ;          ; GND_PLL1                                 ; gnd    ;              ;         ; --         ;                 ; --       ; --           ;
; Y7       ;            ;          ; VCCD_PLL1                                ; power  ;              ; 1.2V    ; --         ;                 ; --       ; --           ;
; Y8       ;            ;          ; GNDA_PLL1                                ; gnd    ;              ;         ; --         ;                 ; --       ; --           ;
; Y9       ;            ;          ; GND                                      ; gnd    ;              ;         ; --         ;                 ; --       ; --           ;
; Y10      ; 146        ; 8        ; GND*                                     ;        ;              ;         ; Column I/O ;                 ; no       ; Off          ;
; Y11      ; 156        ; 8        ; GND*                                     ;        ;              ;         ; Column I/O ;                 ; no       ; Off          ;
; Y12      ; 180        ; 8        ; GND*                                     ;        ;              ;         ; Column I/O ;                 ; no       ; Off          ;
; Y13      ; 193        ; 7        ; GND*                                     ;        ;              ;         ; Column I/O ;                 ; no       ; Off          ;
; Y14      ; 195        ; 7        ; GND*                                     ;        ;              ;         ; Column I/O ;                 ; no       ; Off          ;
; Y15      ; 196        ; 7        ; GND*                                     ;        ;              ;         ; Column I/O ;                 ; no       ; Off          ;
; Y16      ; 210        ; 7        ; GND*                                     ;        ;              ;         ; Column I/O ;                 ; no       ; Off          ;
; Y17      ;            ;          ; GND                                      ; gnd    ;              ;         ; --         ;                 ; --       ; --           ;
; Y18      ; 229        ; 7        ; GND*                                     ;        ;              ;         ; Column I/O ;                 ; --       ; --           ;
; Y19      ;            ;          ; GNDA_PLL4                                ; gnd    ;              ;         ; --         ;                 ; --       ; --           ;
; Y20      ;            ;          ; VCCD_PLL4                                ; power  ;              ; 1.2V    ; --         ;                 ; --       ; --           ;
; Y21      ; 250        ; 6        ; GND*                                     ;        ;              ;         ; Row I/O    ;                 ; no       ; Off          ;
; Y22      ; 254        ; 6        ; GND*                                     ;        ;              ;         ; Row I/O    ;                 ; no       ; Off          ;
; Y23      ; 265        ; 6        ; GND*                                     ;        ;              ;         ; Row I/O    ;                 ; no       ; Off          ;
; Y24      ; 264        ; 6        ; GND*                                     ;        ;              ;         ; Row I/O    ;                 ; no       ; Off          ;
; Y25      ; 269        ; 6        ; GND*                                     ;        ;              ;         ; Row I/O    ;                 ; no       ; Off          ;
; Y26      ; 268        ; 6        ; GND*                                     ;        ;              ;         ; Row I/O    ;                 ; no       ; Off          ;
+----------+------------+----------+------------------------------------------+--------+--------------+---------+------------+-----------------+----------+--------------+
Note: Pin directions (input, output or bidir) are based on device operating in user mode.


+-------------------------------------------------------------------------------+
; Output Pin Default Load For Reported TCO                                      ;
+----------------------------------+-------+------------------------------------+
; I/O Standard                     ; Load  ; Termination Resistance             ;
+----------------------------------+-------+------------------------------------+
; 3.3-V LVTTL                      ; 0 pF  ; Not Available                      ;
; 3.3-V LVCMOS                     ; 0 pF  ; Not Available                      ;
; 2.5 V                            ; 0 pF  ; Not Available                      ;
; 1.8 V                            ; 0 pF  ; Not Available                      ;
; 1.5 V                            ; 0 pF  ; Not Available                      ;
; 3.3-V PCI                        ; 10 pF ; 25 Ohm (Parallel)                  ;
; 3.3-V PCI-X                      ; 10 pF ; 25 Ohm (Parallel)                  ;
; SSTL-2 Class I                   ; 0 pF  ; 50 Ohm (Parallel), 25 Ohm (Serial) ;
; SSTL-2 Class II                  ; 0 pF  ; 25 Ohm (Parallel), 25 Ohm (Serial) ;
; SSTL-18 Class I                  ; 0 pF  ; 50 Ohm (Parallel), 25 Ohm (Serial) ;
; SSTL-18 Class II                 ; 0 pF  ; 25 Ohm (Parallel), 25 Ohm (Serial) ;
; 1.5-V HSTL Class I               ; 0 pF  ; 50 Ohm (Parallel)                  ;
; 1.5-V HSTL Class II              ; 0 pF  ; 25 Ohm (Parallel)                  ;
; 1.8-V HSTL Class I               ; 0 pF  ; 50 Ohm (Parallel)                  ;
; 1.8-V HSTL Class II              ; 0 pF  ; 25 Ohm (Parallel)                  ;
; Differential SSTL-2              ; 0 pF  ; (See SSTL-2)                       ;
; Differential 2.5-V SSTL Class II ; 0 pF  ; (See SSTL-2 Class II)              ;
; Differential 1.8-V SSTL Class I  ; 0 pF  ; (See 1.8-V SSTL Class I)           ;
; Differential 1.8-V SSTL Class II ; 0 pF  ; (See 1.8-V SSTL Class II)          ;
; Differential 1.5-V HSTL Class I  ; 0 pF  ; (See 1.5-V HSTL Class I)           ;
; Differential 1.5-V HSTL Class II ; 0 pF  ; (See 1.5-V HSTL Class II)          ;
; Differential 1.8-V HSTL Class I  ; 0 pF  ; (See 1.8-V HSTL Class I)           ;
; Differential 1.8-V HSTL Class II ; 0 pF  ; (See 1.8-V HSTL Class II)          ;
; LVDS                             ; 0 pF  ; 100 Ohm (Differential)             ;
; mini-LVDS                        ; 0 pF  ; 100 Ohm (Differential)             ;
; RSDS                             ; 0 pF  ; 100 Ohm (Differential)             ;
; Simple RSDS                      ; 0 pF  ; Not Available                      ;
; Differential LVPECL              ; 0 pF  ; 100 Ohm (Differential)             ;
+----------------------------------+-------+------------------------------------+
Note: User assignments will override these defaults. The user specified values are listed in the Output Pins and Bidir Pins tables.


+-------------------------------------------------------------------------------------------------------------------------------------------------------------------------------------------------------------------------------------------------------------------------------------------------------+
; Fitter Resource Utilization by Entity                                                                                                                                                                                                                                                                 ;
+-----------------------------+-------------+---------------------------+---------------+-------------+------+--------------+---------+-----------+------+--------------+--------------+-------------------+------------------+----------------------------------------------------------+--------------+
; Compilation Hierarchy Node  ; Logic Cells ; Dedicated Logic Registers ; I/O Registers ; Memory Bits ; M4Ks ; DSP Elements ; DSP 9x9 ; DSP 18x18 ; Pins ; Virtual Pins ; LUT-Only LCs ; Register-Only LCs ; LUT/Register LCs ; Full Hierarchy Name                                      ; Library Name ;
+-----------------------------+-------------+---------------------------+---------------+-------------+------+--------------+---------+-----------+------+--------------+--------------+-------------------+------------------+----------------------------------------------------------+--------------+
; |DES_ALGORITHM              ; 4607 (3771) ; 1993 (1993)               ; 0 (0)         ; 0           ; 0    ; 0            ; 0       ; 0         ; 196  ; 0            ; 2614 (1971)  ; 751 (751)         ; 1242 (553)       ; |DES_ALGORITHM                                           ; work         ;
;    |F_FUNCTION:f_block_10|  ; 84 (0)      ; 0 (0)                     ; 0 (0)         ; 0           ; 0    ; 0            ; 0       ; 0         ; 0    ; 0            ; 43 (0)       ; 0 (0)             ; 41 (0)           ; |DES_ALGORITHM|F_FUNCTION:f_block_10                     ; work         ;
;       |E_XOR_KEY:e_xor_key| ; 48 (48)     ; 0 (0)                     ; 0 (0)         ; 0           ; 0    ; 0            ; 0       ; 0         ; 0    ; 0            ; 7 (7)        ; 0 (0)             ; 41 (41)          ; |DES_ALGORITHM|F_FUNCTION:f_block_10|E_XOR_KEY:e_xor_key ; work         ;
;       |S_BOX:s_box|         ; 36 (36)     ; 0 (0)                     ; 0 (0)         ; 0           ; 0    ; 0            ; 0       ; 0         ; 0    ; 0            ; 36 (36)      ; 0 (0)             ; 0 (0)            ; |DES_ALGORITHM|F_FUNCTION:f_block_10|S_BOX:s_box         ; work         ;
;    |F_FUNCTION:f_block_11|  ; 84 (0)      ; 0 (0)                     ; 0 (0)         ; 0           ; 0    ; 0            ; 0       ; 0         ; 0    ; 0            ; 41 (0)       ; 0 (0)             ; 43 (0)           ; |DES_ALGORITHM|F_FUNCTION:f_block_11                     ; work         ;
;       |E_XOR_KEY:e_xor_key| ; 48 (48)     ; 0 (0)                     ; 0 (0)         ; 0           ; 0    ; 0            ; 0       ; 0         ; 0    ; 0            ; 5 (5)        ; 0 (0)             ; 43 (43)          ; |DES_ALGORITHM|F_FUNCTION:f_block_11|E_XOR_KEY:e_xor_key ; work         ;
;       |S_BOX:s_box|         ; 36 (36)     ; 0 (0)                     ; 0 (0)         ; 0           ; 0    ; 0            ; 0       ; 0         ; 0    ; 0            ; 36 (36)      ; 0 (0)             ; 0 (0)            ; |DES_ALGORITHM|F_FUNCTION:f_block_11|S_BOX:s_box         ; work         ;
;    |F_FUNCTION:f_block_12|  ; 78 (0)      ; 0 (0)                     ; 0 (0)         ; 0           ; 0    ; 0            ; 0       ; 0         ; 0    ; 0            ; 32 (0)       ; 0 (0)             ; 46 (0)           ; |DES_ALGORITHM|F_FUNCTION:f_block_12                     ; work         ;
;       |E_XOR_KEY:e_xor_key| ; 48 (48)     ; 0 (0)                     ; 0 (0)         ; 0           ; 0    ; 0            ; 0       ; 0         ; 0    ; 0            ; 2 (2)        ; 0 (0)             ; 46 (46)          ; |DES_ALGORITHM|F_FUNCTION:f_block_12|E_XOR_KEY:e_xor_key ; work         ;
;       |S_BOX:s_box|         ; 30 (30)     ; 0 (0)                     ; 0 (0)         ; 0           ; 0    ; 0            ; 0       ; 0         ; 0    ; 0            ; 30 (30)      ; 0 (0)             ; 0 (0)            ; |DES_ALGORITHM|F_FUNCTION:f_block_12|S_BOX:s_box         ; work         ;
;    |F_FUNCTION:f_block_13|  ; 84 (0)      ; 0 (0)                     ; 0 (0)         ; 0           ; 0    ; 0            ; 0       ; 0         ; 0    ; 0            ; 40 (0)       ; 0 (0)             ; 44 (0)           ; |DES_ALGORITHM|F_FUNCTION:f_block_13                     ; work         ;
;       |E_XOR_KEY:e_xor_key| ; 48 (48)     ; 0 (0)                     ; 0 (0)         ; 0           ; 0    ; 0            ; 0       ; 0         ; 0    ; 0            ; 4 (4)        ; 0 (0)             ; 44 (44)          ; |DES_ALGORITHM|F_FUNCTION:f_block_13|E_XOR_KEY:e_xor_key ; work         ;
;       |S_BOX:s_box|         ; 36 (36)     ; 0 (0)                     ; 0 (0)         ; 0           ; 0    ; 0            ; 0       ; 0         ; 0    ; 0            ; 36 (36)      ; 0 (0)             ; 0 (0)            ; |DES_ALGORITHM|F_FUNCTION:f_block_13|S_BOX:s_box         ; work         ;
;    |F_FUNCTION:f_block_14|  ; 78 (0)      ; 0 (0)                     ; 0 (0)         ; 0           ; 0    ; 0            ; 0       ; 0         ; 0    ; 0            ; 33 (0)       ; 0 (0)             ; 45 (0)           ; |DES_ALGORITHM|F_FUNCTION:f_block_14                     ; work         ;
;       |E_XOR_KEY:e_xor_key| ; 48 (48)     ; 0 (0)                     ; 0 (0)         ; 0           ; 0    ; 0            ; 0       ; 0         ; 0    ; 0            ; 3 (3)        ; 0 (0)             ; 45 (45)          ; |DES_ALGORITHM|F_FUNCTION:f_block_14|E_XOR_KEY:e_xor_key ; work         ;
;       |S_BOX:s_box|         ; 30 (30)     ; 0 (0)                     ; 0 (0)         ; 0           ; 0    ; 0            ; 0       ; 0         ; 0    ; 0            ; 30 (30)      ; 0 (0)             ; 0 (0)            ; |DES_ALGORITHM|F_FUNCTION:f_block_14|S_BOX:s_box         ; work         ;
;    |F_FUNCTION:f_block_15|  ; 84 (0)      ; 0 (0)                     ; 0 (0)         ; 0           ; 0    ; 0            ; 0       ; 0         ; 0    ; 0            ; 37 (0)       ; 0 (0)             ; 47 (0)           ; |DES_ALGORITHM|F_FUNCTION:f_block_15                     ; work         ;
;       |E_XOR_KEY:e_xor_key| ; 48 (48)     ; 0 (0)                     ; 0 (0)         ; 0           ; 0    ; 0            ; 0       ; 0         ; 0    ; 0            ; 1 (1)        ; 0 (0)             ; 47 (47)          ; |DES_ALGORITHM|F_FUNCTION:f_block_15|E_XOR_KEY:e_xor_key ; work         ;
;       |S_BOX:s_box|         ; 36 (36)     ; 0 (0)                     ; 0 (0)         ; 0           ; 0    ; 0            ; 0       ; 0         ; 0    ; 0            ; 36 (36)      ; 0 (0)             ; 0 (0)            ; |DES_ALGORITHM|F_FUNCTION:f_block_15|S_BOX:s_box         ; work         ;
;    |F_FUNCTION:f_block_16|  ; 84 (0)      ; 0 (0)                     ; 0 (0)         ; 0           ; 0    ; 0            ; 0       ; 0         ; 0    ; 0            ; 36 (0)       ; 0 (0)             ; 48 (0)           ; |DES_ALGORITHM|F_FUNCTION:f_block_16                     ; work         ;
;       |E_XOR_KEY:e_xor_key| ; 48 (48)     ; 0 (0)                     ; 0 (0)         ; 0           ; 0    ; 0            ; 0       ; 0         ; 0    ; 0            ; 0 (0)        ; 0 (0)             ; 48 (48)          ; |DES_ALGORITHM|F_FUNCTION:f_block_16|E_XOR_KEY:e_xor_key ; work         ;
;       |S_BOX:s_box|         ; 36 (36)     ; 0 (0)                     ; 0 (0)         ; 0           ; 0    ; 0            ; 0       ; 0         ; 0    ; 0            ; 36 (36)      ; 0 (0)             ; 0 (0)            ; |DES_ALGORITHM|F_FUNCTION:f_block_16|S_BOX:s_box         ; work         ;
;    |F_FUNCTION:f_block_1|   ; 84 (0)      ; 0 (0)                     ; 0 (0)         ; 0           ; 0    ; 0            ; 0       ; 0         ; 0    ; 0            ; 47 (0)       ; 0 (0)             ; 37 (0)           ; |DES_ALGORITHM|F_FUNCTION:f_block_1                      ; work         ;
;       |E_XOR_KEY:e_xor_key| ; 48 (48)     ; 0 (0)                     ; 0 (0)         ; 0           ; 0    ; 0            ; 0       ; 0         ; 0    ; 0            ; 11 (11)      ; 0 (0)             ; 37 (37)          ; |DES_ALGORITHM|F_FUNCTION:f_block_1|E_XOR_KEY:e_xor_key  ; work         ;
;       |S_BOX:s_box|         ; 36 (36)     ; 0 (0)                     ; 0 (0)         ; 0           ; 0    ; 0            ; 0       ; 0         ; 0    ; 0            ; 36 (36)      ; 0 (0)             ; 0 (0)            ; |DES_ALGORITHM|F_FUNCTION:f_block_1|S_BOX:s_box          ; work         ;
;    |F_FUNCTION:f_block_2|   ; 84 (0)      ; 0 (0)                     ; 0 (0)         ; 0           ; 0    ; 0            ; 0       ; 0         ; 0    ; 0            ; 43 (0)       ; 0 (0)             ; 41 (0)           ; |DES_ALGORITHM|F_FUNCTION:f_block_2                      ; work         ;
;       |E_XOR_KEY:e_xor_key| ; 48 (48)     ; 0 (0)                     ; 0 (0)         ; 0           ; 0    ; 0            ; 0       ; 0         ; 0    ; 0            ; 7 (7)        ; 0 (0)             ; 41 (41)          ; |DES_ALGORITHM|F_FUNCTION:f_block_2|E_XOR_KEY:e_xor_key  ; work         ;
;       |S_BOX:s_box|         ; 36 (36)     ; 0 (0)                     ; 0 (0)         ; 0           ; 0    ; 0            ; 0       ; 0         ; 0    ; 0            ; 36 (36)      ; 0 (0)             ; 0 (0)            ; |DES_ALGORITHM|F_FUNCTION:f_block_2|S_BOX:s_box          ; work         ;
;    |F_FUNCTION:f_block_3|   ; 84 (0)      ; 0 (0)                     ; 0 (0)         ; 0           ; 0    ; 0            ; 0       ; 0         ; 0    ; 0            ; 41 (0)       ; 0 (0)             ; 43 (0)           ; |DES_ALGORITHM|F_FUNCTION:f_block_3                      ; work         ;
;       |E_XOR_KEY:e_xor_key| ; 48 (48)     ; 0 (0)                     ; 0 (0)         ; 0           ; 0    ; 0            ; 0       ; 0         ; 0    ; 0            ; 5 (5)        ; 0 (0)             ; 43 (43)          ; |DES_ALGORITHM|F_FUNCTION:f_block_3|E_XOR_KEY:e_xor_key  ; work         ;
;       |S_BOX:s_box|         ; 36 (36)     ; 0 (0)                     ; 0 (0)         ; 0           ; 0    ; 0            ; 0       ; 0         ; 0    ; 0            ; 36 (36)      ; 0 (0)             ; 0 (0)            ; |DES_ALGORITHM|F_FUNCTION:f_block_3|S_BOX:s_box          ; work         ;
;    |F_FUNCTION:f_block_4|   ; 84 (0)      ; 0 (0)                     ; 0 (0)         ; 0           ; 0    ; 0            ; 0       ; 0         ; 0    ; 0            ; 39 (0)       ; 0 (0)             ; 45 (0)           ; |DES_ALGORITHM|F_FUNCTION:f_block_4                      ; work         ;
;       |E_XOR_KEY:e_xor_key| ; 48 (48)     ; 0 (0)                     ; 0 (0)         ; 0           ; 0    ; 0            ; 0       ; 0         ; 0    ; 0            ; 3 (3)        ; 0 (0)             ; 45 (45)          ; |DES_ALGORITHM|F_FUNCTION:f_block_4|E_XOR_KEY:e_xor_key  ; work         ;
;       |S_BOX:s_box|         ; 36 (36)     ; 0 (0)                     ; 0 (0)         ; 0           ; 0    ; 0            ; 0       ; 0         ; 0    ; 0            ; 36 (36)      ; 0 (0)             ; 0 (0)            ; |DES_ALGORITHM|F_FUNCTION:f_block_4|S_BOX:s_box          ; work         ;
;    |F_FUNCTION:f_block_5|   ; 84 (0)      ; 0 (0)                     ; 0 (0)         ; 0           ; 0    ; 0            ; 0       ; 0         ; 0    ; 0            ; 43 (0)       ; 0 (0)             ; 41 (0)           ; |DES_ALGORITHM|F_FUNCTION:f_block_5                      ; work         ;
;       |E_XOR_KEY:e_xor_key| ; 48 (48)     ; 0 (0)                     ; 0 (0)         ; 0           ; 0    ; 0            ; 0       ; 0         ; 0    ; 0            ; 7 (7)        ; 0 (0)             ; 41 (41)          ; |DES_ALGORITHM|F_FUNCTION:f_block_5|E_XOR_KEY:e_xor_key  ; work         ;
;       |S_BOX:s_box|         ; 36 (36)     ; 0 (0)                     ; 0 (0)         ; 0           ; 0    ; 0            ; 0       ; 0         ; 0    ; 0            ; 36 (36)      ; 0 (0)             ; 0 (0)            ; |DES_ALGORITHM|F_FUNCTION:f_block_5|S_BOX:s_box          ; work         ;
;    |F_FUNCTION:f_block_6|   ; 84 (0)      ; 0 (0)                     ; 0 (0)         ; 0           ; 0    ; 0            ; 0       ; 0         ; 0    ; 0            ; 40 (0)       ; 0 (0)             ; 44 (0)           ; |DES_ALGORITHM|F_FUNCTION:f_block_6                      ; work         ;
;       |E_XOR_KEY:e_xor_key| ; 48 (48)     ; 0 (0)                     ; 0 (0)         ; 0           ; 0    ; 0            ; 0       ; 0         ; 0    ; 0            ; 4 (4)        ; 0 (0)             ; 44 (44)          ; |DES_ALGORITHM|F_FUNCTION:f_block_6|E_XOR_KEY:e_xor_key  ; work         ;
;       |S_BOX:s_box|         ; 36 (36)     ; 0 (0)                     ; 0 (0)         ; 0           ; 0    ; 0            ; 0       ; 0         ; 0    ; 0            ; 36 (36)      ; 0 (0)             ; 0 (0)            ; |DES_ALGORITHM|F_FUNCTION:f_block_6|S_BOX:s_box          ; work         ;
;    |F_FUNCTION:f_block_7|   ; 84 (0)      ; 0 (0)                     ; 0 (0)         ; 0           ; 0    ; 0            ; 0       ; 0         ; 0    ; 0            ; 42 (0)       ; 0 (0)             ; 42 (0)           ; |DES_ALGORITHM|F_FUNCTION:f_block_7                      ; work         ;
;       |E_XOR_KEY:e_xor_key| ; 48 (48)     ; 0 (0)                     ; 0 (0)         ; 0           ; 0    ; 0            ; 0       ; 0         ; 0    ; 0            ; 6 (6)        ; 0 (0)             ; 42 (42)          ; |DES_ALGORITHM|F_FUNCTION:f_block_7|E_XOR_KEY:e_xor_key  ; work         ;
;       |S_BOX:s_box|         ; 36 (36)     ; 0 (0)                     ; 0 (0)         ; 0           ; 0    ; 0            ; 0       ; 0         ; 0    ; 0            ; 36 (36)      ; 0 (0)             ; 0 (0)            ; |DES_ALGORITHM|F_FUNCTION:f_block_7|S_BOX:s_box          ; work         ;
;    |F_FUNCTION:f_block_8|   ; 84 (0)      ; 0 (0)                     ; 0 (0)         ; 0           ; 0    ; 0            ; 0       ; 0         ; 0    ; 0            ; 43 (0)       ; 0 (0)             ; 41 (0)           ; |DES_ALGORITHM|F_FUNCTION:f_block_8                      ; work         ;
;       |E_XOR_KEY:e_xor_key| ; 48 (48)     ; 0 (0)                     ; 0 (0)         ; 0           ; 0    ; 0            ; 0       ; 0         ; 0    ; 0            ; 7 (7)        ; 0 (0)             ; 41 (41)          ; |DES_ALGORITHM|F_FUNCTION:f_block_8|E_XOR_KEY:e_xor_key  ; work         ;
;       |S_BOX:s_box|         ; 36 (36)     ; 0 (0)                     ; 0 (0)         ; 0           ; 0    ; 0            ; 0       ; 0         ; 0    ; 0            ; 36 (36)      ; 0 (0)             ; 0 (0)            ; |DES_ALGORITHM|F_FUNCTION:f_block_8|S_BOX:s_box          ; work         ;
;    |F_FUNCTION:f_block_9|   ; 84 (0)      ; 0 (0)                     ; 0 (0)         ; 0           ; 0    ; 0            ; 0       ; 0         ; 0    ; 0            ; 43 (0)       ; 0 (0)             ; 41 (0)           ; |DES_ALGORITHM|F_FUNCTION:f_block_9                      ; work         ;
;       |E_XOR_KEY:e_xor_key| ; 48 (48)     ; 0 (0)                     ; 0 (0)         ; 0           ; 0    ; 0            ; 0       ; 0         ; 0    ; 0            ; 7 (7)        ; 0 (0)             ; 41 (41)          ; |DES_ALGORITHM|F_FUNCTION:f_block_9|E_XOR_KEY:e_xor_key  ; work         ;
;       |S_BOX:s_box|         ; 36 (36)     ; 0 (0)                     ; 0 (0)         ; 0           ; 0    ; 0            ; 0       ; 0         ; 0    ; 0            ; 36 (36)      ; 0 (0)             ; 0 (0)            ; |DES_ALGORITHM|F_FUNCTION:f_block_9|S_BOX:s_box          ; work         ;
+-----------------------------+-------------+---------------------------+---------------+-------------+------+--------------+---------+-----------+------+--------------+--------------+-------------------+------------------+----------------------------------------------------------+--------------+
Note: For table entries with two numbers listed, the numbers in parentheses indicate the number of resources of the given type used by the specific entity alone. The numbers listed outside of parentheses indicate the total resources of the given type used by the specific entity and all of its sub-entities in the hierarchy.


+-----------------------------------------------------------------------------------------+
; Delay Chain Summary                                                                     ;
+----------------+----------+---------------+---------------+-----------------------+-----+
; Name           ; Pin Type ; Pad to Core 0 ; Pad to Core 1 ; Pad to Input Register ; TCO ;
+----------------+----------+---------------+---------------+-----------------------+-----+
; Key_in[0]      ; Input    ; (0) 170 ps    ; (0) 170 ps    ; --                    ; --  ;
; Key_in[8]      ; Input    ; (0) 170 ps    ; (0) 170 ps    ; --                    ; --  ;
; Key_in[16]     ; Input    ; (0) 170 ps    ; (0) 170 ps    ; --                    ; --  ;
; Key_in[24]     ; Input    ; (0) 171 ps    ; (0) 171 ps    ; --                    ; --  ;
; Key_in[32]     ; Input    ; (0) 170 ps    ; (0) 170 ps    ; --                    ; --  ;
; Key_in[40]     ; Input    ; (0) 170 ps    ; (0) 170 ps    ; --                    ; --  ;
; Key_in[48]     ; Input    ; (0) 170 ps    ; (0) 170 ps    ; --                    ; --  ;
; Key_in[56]     ; Input    ; (0) 171 ps    ; (0) 171 ps    ; --                    ; --  ;
; Ciphertext[0]  ; Output   ; --            ; --            ; --                    ; --  ;
; Ciphertext[1]  ; Output   ; --            ; --            ; --                    ; --  ;
; Ciphertext[2]  ; Output   ; --            ; --            ; --                    ; --  ;
; Ciphertext[3]  ; Output   ; --            ; --            ; --                    ; --  ;
; Ciphertext[4]  ; Output   ; --            ; --            ; --                    ; --  ;
; Ciphertext[5]  ; Output   ; --            ; --            ; --                    ; --  ;
; Ciphertext[6]  ; Output   ; --            ; --            ; --                    ; --  ;
; Ciphertext[7]  ; Output   ; --            ; --            ; --                    ; --  ;
; Ciphertext[8]  ; Output   ; --            ; --            ; --                    ; --  ;
; Ciphertext[9]  ; Output   ; --            ; --            ; --                    ; --  ;
; Ciphertext[10] ; Output   ; --            ; --            ; --                    ; --  ;
; Ciphertext[11] ; Output   ; --            ; --            ; --                    ; --  ;
; Ciphertext[12] ; Output   ; --            ; --            ; --                    ; --  ;
; Ciphertext[13] ; Output   ; --            ; --            ; --                    ; --  ;
; Ciphertext[14] ; Output   ; --            ; --            ; --                    ; --  ;
; Ciphertext[15] ; Output   ; --            ; --            ; --                    ; --  ;
; Ciphertext[16] ; Output   ; --            ; --            ; --                    ; --  ;
; Ciphertext[17] ; Output   ; --            ; --            ; --                    ; --  ;
; Ciphertext[18] ; Output   ; --            ; --            ; --                    ; --  ;
; Ciphertext[19] ; Output   ; --            ; --            ; --                    ; --  ;
; Ciphertext[20] ; Output   ; --            ; --            ; --                    ; --  ;
; Ciphertext[21] ; Output   ; --            ; --            ; --                    ; --  ;
; Ciphertext[22] ; Output   ; --            ; --            ; --                    ; --  ;
; Ciphertext[23] ; Output   ; --            ; --            ; --                    ; --  ;
; Ciphertext[24] ; Output   ; --            ; --            ; --                    ; --  ;
; Ciphertext[25] ; Output   ; --            ; --            ; --                    ; --  ;
; Ciphertext[26] ; Output   ; --            ; --            ; --                    ; --  ;
; Ciphertext[27] ; Output   ; --            ; --            ; --                    ; --  ;
; Ciphertext[28] ; Output   ; --            ; --            ; --                    ; --  ;
; Ciphertext[29] ; Output   ; --            ; --            ; --                    ; --  ;
; Ciphertext[30] ; Output   ; --            ; --            ; --                    ; --  ;
; Ciphertext[31] ; Output   ; --            ; --            ; --                    ; --  ;
; Ciphertext[32] ; Output   ; --            ; --            ; --                    ; --  ;
; Ciphertext[33] ; Output   ; --            ; --            ; --                    ; --  ;
; Ciphertext[34] ; Output   ; --            ; --            ; --                    ; --  ;
; Ciphertext[35] ; Output   ; --            ; --            ; --                    ; --  ;
; Ciphertext[36] ; Output   ; --            ; --            ; --                    ; --  ;
; Ciphertext[37] ; Output   ; --            ; --            ; --                    ; --  ;
; Ciphertext[38] ; Output   ; --            ; --            ; --                    ; --  ;
; Ciphertext[39] ; Output   ; --            ; --            ; --                    ; --  ;
; Ciphertext[40] ; Output   ; --            ; --            ; --                    ; --  ;
; Ciphertext[41] ; Output   ; --            ; --            ; --                    ; --  ;
; Ciphertext[42] ; Output   ; --            ; --            ; --                    ; --  ;
; Ciphertext[43] ; Output   ; --            ; --            ; --                    ; --  ;
; Ciphertext[44] ; Output   ; --            ; --            ; --                    ; --  ;
; Ciphertext[45] ; Output   ; --            ; --            ; --                    ; --  ;
; Ciphertext[46] ; Output   ; --            ; --            ; --                    ; --  ;
; Ciphertext[47] ; Output   ; --            ; --            ; --                    ; --  ;
; Ciphertext[48] ; Output   ; --            ; --            ; --                    ; --  ;
; Ciphertext[49] ; Output   ; --            ; --            ; --                    ; --  ;
; Ciphertext[50] ; Output   ; --            ; --            ; --                    ; --  ;
; Ciphertext[51] ; Output   ; --            ; --            ; --                    ; --  ;
; Ciphertext[52] ; Output   ; --            ; --            ; --                    ; --  ;
; Ciphertext[53] ; Output   ; --            ; --            ; --                    ; --  ;
; Ciphertext[54] ; Output   ; --            ; --            ; --                    ; --  ;
; Ciphertext[55] ; Output   ; --            ; --            ; --                    ; --  ;
; Ciphertext[56] ; Output   ; --            ; --            ; --                    ; --  ;
; Ciphertext[57] ; Output   ; --            ; --            ; --                    ; --  ;
; Ciphertext[58] ; Output   ; --            ; --            ; --                    ; --  ;
; Ciphertext[59] ; Output   ; --            ; --            ; --                    ; --  ;
; Ciphertext[60] ; Output   ; --            ; --            ; --                    ; --  ;
; Ciphertext[61] ; Output   ; --            ; --            ; --                    ; --  ;
; Ciphertext[62] ; Output   ; --            ; --            ; --                    ; --  ;
; Ciphertext[63] ; Output   ; --            ; --            ; --                    ; --  ;
; Done           ; Output   ; --            ; --            ; --                    ; --  ;
; Clk            ; Input    ; (0) 171 ps    ; (0) 171 ps    ; --                    ; --  ;
; Reset_n        ; Input    ; (0) 171 ps    ; (0) 171 ps    ; --                    ; --  ;
; Plaintext[22]  ; Input    ; (6) 2514 ps   ; (6) 2514 ps   ; --                    ; --  ;
; Plaintext[61]  ; Input    ; (6) 2523 ps   ; (6) 2523 ps   ; --                    ; --  ;
; Key_in[42]     ; Input    ; (6) 2523 ps   ; (6) 2523 ps   ; --                    ; --  ;
; Plaintext[19]  ; Input    ; (6) 2523 ps   ; (6) 2523 ps   ; --                    ; --  ;
; Key_in[10]     ; Input    ; (6) 2523 ps   ; (6) 2523 ps   ; --                    ; --  ;
; Plaintext[11]  ; Input    ; (6) 2523 ps   ; (6) 2523 ps   ; --                    ; --  ;
; Key_in[25]     ; Input    ; (6) 2523 ps   ; (6) 2523 ps   ; --                    ; --  ;
; Plaintext[35]  ; Input    ; (6) 2523 ps   ; (6) 2523 ps   ; --                    ; --  ;
; Key_in[60]     ; Input    ; (6) 2523 ps   ; (6) 2523 ps   ; --                    ; --  ;
; Plaintext[27]  ; Input    ; (6) 2523 ps   ; (6) 2523 ps   ; --                    ; --  ;
; Key_in[27]     ; Input    ; (6) 2514 ps   ; (6) 2514 ps   ; --                    ; --  ;
; Plaintext[3]   ; Input    ; (6) 2523 ps   ; (6) 2523 ps   ; --                    ; --  ;
; Key_in[36]     ; Input    ; (6) 2523 ps   ; (6) 2523 ps   ; --                    ; --  ;
; Plaintext[23]  ; Input    ; (6) 2523 ps   ; (6) 2523 ps   ; --                    ; --  ;
; Key_in[4]      ; Input    ; (6) 2523 ps   ; (6) 2523 ps   ; --                    ; --  ;
; Plaintext[4]   ; Input    ; (6) 2523 ps   ; (6) 2523 ps   ; --                    ; --  ;
; Plaintext[31]  ; Input    ; (6) 2523 ps   ; (6) 2523 ps   ; --                    ; --  ;
; Key_in[15]     ; Input    ; (6) 2523 ps   ; (6) 2523 ps   ; --                    ; --  ;
; Plaintext[39]  ; Input    ; (6) 2523 ps   ; (6) 2523 ps   ; --                    ; --  ;
; Key_in[47]     ; Input    ; (6) 2523 ps   ; (6) 2523 ps   ; --                    ; --  ;
; Plaintext[57]  ; Input    ; (6) 2523 ps   ; (6) 2523 ps   ; --                    ; --  ;
; Key_in[54]     ; Input    ; (6) 2514 ps   ; (6) 2514 ps   ; --                    ; --  ;
; Plaintext[7]   ; Input    ; (6) 2514 ps   ; (6) 2514 ps   ; --                    ; --  ;
; Key_in[13]     ; Input    ; (6) 2514 ps   ; (6) 2514 ps   ; --                    ; --  ;
; Plaintext[15]  ; Input    ; (6) 2523 ps   ; (6) 2523 ps   ; --                    ; --  ;
; Key_in[30]     ; Input    ; (6) 2523 ps   ; (6) 2523 ps   ; --                    ; --  ;
; Key_in[37]     ; Input    ; (6) 2523 ps   ; (6) 2523 ps   ; --                    ; --  ;
; Plaintext[25]  ; Input    ; (6) 2523 ps   ; (6) 2523 ps   ; --                    ; --  ;
; Key_in[49]     ; Input    ; (6) 2514 ps   ; (6) 2514 ps   ; --                    ; --  ;
; Plaintext[28]  ; Input    ; (6) 2514 ps   ; (6) 2514 ps   ; --                    ; --  ;
; Plaintext[59]  ; Input    ; (6) 2514 ps   ; (6) 2514 ps   ; --                    ; --  ;
; Key_in[3]      ; Input    ; (6) 2514 ps   ; (6) 2514 ps   ; --                    ; --  ;
; Key_in[1]      ; Input    ; (6) 2514 ps   ; (6) 2514 ps   ; --                    ; --  ;
; Plaintext[17]  ; Input    ; (6) 2514 ps   ; (6) 2514 ps   ; --                    ; --  ;
; Plaintext[33]  ; Input    ; (6) 2514 ps   ; (6) 2514 ps   ; --                    ; --  ;
; Key_in[44]     ; Input    ; (6) 2514 ps   ; (6) 2514 ps   ; --                    ; --  ;
; Plaintext[1]   ; Input    ; (6) 2523 ps   ; (6) 2523 ps   ; --                    ; --  ;
; Key_in[43]     ; Input    ; (6) 2514 ps   ; (6) 2514 ps   ; --                    ; --  ;
; Plaintext[9]   ; Input    ; (6) 2514 ps   ; (6) 2514 ps   ; --                    ; --  ;
; Key_in[26]     ; Input    ; (6) 2514 ps   ; (6) 2514 ps   ; --                    ; --  ;
; Key_in[28]     ; Input    ; (6) 2523 ps   ; (6) 2523 ps   ; --                    ; --  ;
; Plaintext[5]   ; Input    ; (6) 2523 ps   ; (6) 2523 ps   ; --                    ; --  ;
; Key_in[22]     ; Input    ; (6) 2523 ps   ; (6) 2523 ps   ; --                    ; --  ;
; Plaintext[36]  ; Input    ; (6) 2523 ps   ; (6) 2523 ps   ; --                    ; --  ;
; Plaintext[63]  ; Input    ; (6) 2523 ps   ; (6) 2523 ps   ; --                    ; --  ;
; Key_in[45]     ; Input    ; (6) 2514 ps   ; (6) 2514 ps   ; --                    ; --  ;
; Plaintext[55]  ; Input    ; (6) 2523 ps   ; (6) 2523 ps   ; --                    ; --  ;
; Key_in[55]     ; Input    ; (6) 2514 ps   ; (6) 2514 ps   ; --                    ; --  ;
; Key_in[31]     ; Input    ; (6) 2523 ps   ; (6) 2523 ps   ; --                    ; --  ;
; Key_in[7]      ; Input    ; (6) 2523 ps   ; (6) 2523 ps   ; --                    ; --  ;
; Plaintext[47]  ; Input    ; (6) 2514 ps   ; (6) 2514 ps   ; --                    ; --  ;
; Key_in[62]     ; Input    ; (6) 2514 ps   ; (6) 2514 ps   ; --                    ; --  ;
; Key_in[14]     ; Input    ; (6) 2514 ps   ; (6) 2514 ps   ; --                    ; --  ;
; Key_in[46]     ; Input    ; (6) 2523 ps   ; (6) 2523 ps   ; --                    ; --  ;
; Plaintext[12]  ; Input    ; (6) 2523 ps   ; (6) 2523 ps   ; --                    ; --  ;
; Plaintext[29]  ; Input    ; (6) 2523 ps   ; (6) 2523 ps   ; --                    ; --  ;
; Key_in[5]      ; Input    ; (6) 2523 ps   ; (6) 2523 ps   ; --                    ; --  ;
; Plaintext[53]  ; Input    ; (6) 2523 ps   ; (6) 2523 ps   ; --                    ; --  ;
; Plaintext[45]  ; Input    ; (6) 2523 ps   ; (6) 2523 ps   ; --                    ; --  ;
; Key_in[23]     ; Input    ; (6) 2523 ps   ; (6) 2523 ps   ; --                    ; --  ;
; Plaintext[37]  ; Input    ; (6) 2523 ps   ; (6) 2523 ps   ; --                    ; --  ;
; Key_in[63]     ; Input    ; (6) 2523 ps   ; (6) 2523 ps   ; --                    ; --  ;
; Plaintext[62]  ; Input    ; (6) 2514 ps   ; (6) 2514 ps   ; --                    ; --  ;
; Plaintext[20]  ; Input    ; (6) 2523 ps   ; (6) 2523 ps   ; --                    ; --  ;
; Key_in[41]     ; Input    ; (6) 2523 ps   ; (6) 2523 ps   ; --                    ; --  ;
; Key_in[35]     ; Input    ; (6) 2514 ps   ; (6) 2514 ps   ; --                    ; --  ;
; Key_in[17]     ; Input    ; (6) 2514 ps   ; (6) 2514 ps   ; --                    ; --  ;
; Key_in[34]     ; Input    ; (6) 2523 ps   ; (6) 2523 ps   ; --                    ; --  ;
; Plaintext[43]  ; Input    ; (6) 2523 ps   ; (6) 2523 ps   ; --                    ; --  ;
; Key_in[59]     ; Input    ; (6) 2514 ps   ; (6) 2514 ps   ; --                    ; --  ;
; Plaintext[51]  ; Input    ; (6) 2523 ps   ; (6) 2523 ps   ; --                    ; --  ;
; Key_in[11]     ; Input    ; (6) 2523 ps   ; (6) 2523 ps   ; --                    ; --  ;
; Key_in[9]      ; Input    ; (6) 2523 ps   ; (6) 2523 ps   ; --                    ; --  ;
; Plaintext[34]  ; Input    ; (6) 2514 ps   ; (6) 2514 ps   ; --                    ; --  ;
; Key_in[19]     ; Input    ; (6) 2523 ps   ; (6) 2523 ps   ; --                    ; --  ;
; Key_in[33]     ; Input    ; (6) 2514 ps   ; (6) 2514 ps   ; --                    ; --  ;
; Plaintext[41]  ; Input    ; (6) 2523 ps   ; (6) 2523 ps   ; --                    ; --  ;
; Key_in[51]     ; Input    ; (6) 2523 ps   ; (6) 2523 ps   ; --                    ; --  ;
; Key_in[50]     ; Input    ; (6) 2514 ps   ; (6) 2514 ps   ; --                    ; --  ;
; Plaintext[49]  ; Input    ; (6) 2514 ps   ; (6) 2514 ps   ; --                    ; --  ;
; Key_in[2]      ; Input    ; (6) 2514 ps   ; (6) 2514 ps   ; --                    ; --  ;
; Key_in[29]     ; Input    ; (6) 2523 ps   ; (6) 2523 ps   ; --                    ; --  ;
; Plaintext[58]  ; Input    ; (6) 2523 ps   ; (6) 2523 ps   ; --                    ; --  ;
; Key_in[20]     ; Input    ; (6) 2523 ps   ; (6) 2523 ps   ; --                    ; --  ;
; Plaintext[21]  ; Input    ; (6) 2523 ps   ; (6) 2523 ps   ; --                    ; --  ;
; Key_in[39]     ; Input    ; (6) 2523 ps   ; (6) 2523 ps   ; --                    ; --  ;
; Key_in[6]      ; Input    ; (6) 2523 ps   ; (6) 2523 ps   ; --                    ; --  ;
; Key_in[61]     ; Input    ; (6) 2523 ps   ; (6) 2523 ps   ; --                    ; --  ;
; Plaintext[13]  ; Input    ; (6) 2523 ps   ; (6) 2523 ps   ; --                    ; --  ;
; Key_in[38]     ; Input    ; (6) 2523 ps   ; (6) 2523 ps   ; --                    ; --  ;
; Plaintext[50]  ; Input    ; (6) 2523 ps   ; (6) 2523 ps   ; --                    ; --  ;
; Plaintext[0]   ; Input    ; (6) 2523 ps   ; (6) 2523 ps   ; --                    ; --  ;
; Plaintext[26]  ; Input    ; (6) 2523 ps   ; (6) 2523 ps   ; --                    ; --  ;
; Plaintext[42]  ; Input    ; (6) 2514 ps   ; (6) 2514 ps   ; --                    ; --  ;
; Key_in[53]     ; Input    ; (6) 2514 ps   ; (6) 2514 ps   ; --                    ; --  ;
; Plaintext[30]  ; Input    ; (6) 2514 ps   ; (6) 2514 ps   ; --                    ; --  ;
; Plaintext[46]  ; Input    ; (6) 2523 ps   ; (6) 2523 ps   ; --                    ; --  ;
; Plaintext[38]  ; Input    ; (6) 2523 ps   ; (6) 2523 ps   ; --                    ; --  ;
; Plaintext[54]  ; Input    ; (6) 2514 ps   ; (6) 2514 ps   ; --                    ; --  ;
; Plaintext[56]  ; Input    ; (6) 2514 ps   ; (6) 2514 ps   ; --                    ; --  ;
; Plaintext[24]  ; Input    ; (6) 2514 ps   ; (6) 2514 ps   ; --                    ; --  ;
; Plaintext[6]   ; Input    ; (6) 2523 ps   ; (6) 2523 ps   ; --                    ; --  ;
; Plaintext[40]  ; Input    ; (6) 2523 ps   ; (6) 2523 ps   ; --                    ; --  ;
; Plaintext[32]  ; Input    ; (6) 2514 ps   ; (6) 2514 ps   ; --                    ; --  ;
; Key_in[58]     ; Input    ; (6) 2523 ps   ; (6) 2523 ps   ; --                    ; --  ;
; Plaintext[48]  ; Input    ; (6) 2523 ps   ; (6) 2523 ps   ; --                    ; --  ;
; Plaintext[60]  ; Input    ; (6) 2523 ps   ; (6) 2523 ps   ; --                    ; --  ;
; Plaintext[52]  ; Input    ; (6) 2523 ps   ; (6) 2523 ps   ; --                    ; --  ;
; Plaintext[44]  ; Input    ; (6) 2523 ps   ; (6) 2523 ps   ; --                    ; --  ;
; Plaintext[2]   ; Input    ; (6) 2523 ps   ; (6) 2523 ps   ; --                    ; --  ;
; Key_in[12]     ; Input    ; (6) 2514 ps   ; (6) 2514 ps   ; --                    ; --  ;
; Plaintext[14]  ; Input    ; (6) 2523 ps   ; (6) 2523 ps   ; --                    ; --  ;
; Key_in[21]     ; Input    ; (6) 2514 ps   ; (6) 2514 ps   ; --                    ; --  ;
; Plaintext[18]  ; Input    ; (6) 2523 ps   ; (6) 2523 ps   ; --                    ; --  ;
; Key_in[18]     ; Input    ; (6) 2523 ps   ; (6) 2523 ps   ; --                    ; --  ;
; Plaintext[10]  ; Input    ; (6) 2514 ps   ; (6) 2514 ps   ; --                    ; --  ;
; Plaintext[16]  ; Input    ; (6) 2514 ps   ; (6) 2514 ps   ; --                    ; --  ;
; Key_in[57]     ; Input    ; (6) 2523 ps   ; (6) 2523 ps   ; --                    ; --  ;
; Key_in[52]     ; Input    ; (6) 2523 ps   ; (6) 2523 ps   ; --                    ; --  ;
; Plaintext[8]   ; Input    ; (6) 2523 ps   ; (6) 2523 ps   ; --                    ; --  ;
; Start          ; Input    ; (6) 2514 ps   ; (6) 2514 ps   ; --                    ; --  ;
+----------------+----------+---------------+---------------+-----------------------+-----+


+----------------------------------------------------------+
; Pad To Core Delay Chain Fanout                           ;
+----------------------------+-------------------+---------+
; Source Pin / Fanout        ; Pad To Core Index ; Setting ;
+----------------------------+-------------------+---------+
; Key_in[0]                  ;                   ;         ;
; Key_in[8]                  ;                   ;         ;
; Key_in[16]                 ;                   ;         ;
; Key_in[24]                 ;                   ;         ;
; Key_in[32]                 ;                   ;         ;
; Key_in[40]                 ;                   ;         ;
; Key_in[48]                 ;                   ;         ;
; Key_in[56]                 ;                   ;         ;
; Clk                        ;                   ;         ;
; Reset_n                    ;                   ;         ;
; Plaintext[22]              ;                   ;         ;
;      - L_reg[0][29]~feeder ; 1                 ; 6       ;
; Plaintext[61]              ;                   ;         ;
;      - R_reg[0][16]        ; 0                 ; 6       ;
; Key_in[42]                 ;                   ;         ;
;      - D_reg[0][14]~feeder ; 0                 ; 6       ;
; Plaintext[19]              ;                   ;         ;
;      - R_reg[0][13]        ; 0                 ; 6       ;
; Key_in[10]                 ;                   ;         ;
;      - D_reg[0][18]~feeder ; 1                 ; 6       ;
; Plaintext[11]              ;                   ;         ;
;      - R_reg[0][14]~feeder ; 1                 ; 6       ;
; Key_in[25]                 ;                   ;         ;
;      - D_reg[0][24]~feeder ; 0                 ; 6       ;
; Plaintext[35]              ;                   ;         ;
;      - R_reg[0][11]        ; 0                 ; 6       ;
; Key_in[60]                 ;                   ;         ;
;      - D_reg[0][0]~feeder  ; 1                 ; 6       ;
; Plaintext[27]              ;                   ;         ;
;      - R_reg[0][12]~feeder ; 0                 ; 6       ;
; Key_in[27]                 ;                   ;         ;
;      - D_reg[0][8]~feeder  ; 0                 ; 6       ;
; Plaintext[3]               ;                   ;         ;
;      - R_reg[0][15]        ; 0                 ; 6       ;
; Key_in[36]                 ;                   ;         ;
;      - D_reg[0][3]         ; 0                 ; 6       ;
; Plaintext[23]              ;                   ;         ;
;      - R_reg[0][29]~feeder ; 1                 ; 6       ;
; Key_in[4]                  ;                   ;         ;
;      - C_reg[0][3]~feeder  ; 1                 ; 6       ;
; Plaintext[4]               ;                   ;         ;
;      - L_reg[0][23]~feeder ; 0                 ; 6       ;
; Plaintext[31]              ;                   ;         ;
;      - R_reg[0][28]~feeder ; 1                 ; 6       ;
; Key_in[15]                 ;                   ;         ;
;      - C_reg[0][26]~feeder ; 0                 ; 6       ;
; Plaintext[39]              ;                   ;         ;
;      - R_reg[0][27]~feeder ; 0                 ; 6       ;
; Key_in[47]                 ;                   ;         ;
;      - C_reg[0][22]        ; 0                 ; 6       ;
; Plaintext[57]              ;                   ;         ;
;      - R_reg[0][0]         ; 0                 ; 6       ;
; Key_in[54]                 ;                   ;         ;
;      - C_reg[0][13]~feeder ; 1                 ; 6       ;
; Plaintext[7]               ;                   ;         ;
;      - R_reg[0][31]~feeder ; 0                 ; 6       ;
; Key_in[13]                 ;                   ;         ;
;      - C_reg[0][10]~feeder ; 0                 ; 6       ;
; Plaintext[15]              ;                   ;         ;
;      - R_reg[0][30]~feeder ; 0                 ; 6       ;
; Key_in[30]                 ;                   ;         ;
;      - C_reg[0][16]~feeder ; 1                 ; 6       ;
; Key_in[37]                 ;                   ;         ;
;      - C_reg[0][7]         ; 0                 ; 6       ;
; Plaintext[25]              ;                   ;         ;
;      - R_reg[0][4]~feeder  ; 0                 ; 6       ;
; Key_in[49]                 ;                   ;         ;
;      - D_reg[0][21]~feeder ; 0                 ; 6       ;
; Plaintext[28]              ;                   ;         ;
;      - L_reg[0][20]        ; 0                 ; 6       ;
; Plaintext[59]              ;                   ;         ;
;      - R_reg[0][8]~feeder  ; 0                 ; 6       ;
; Key_in[3]                  ;                   ;         ;
;      - D_reg[0][11]        ; 0                 ; 6       ;
; Key_in[1]                  ;                   ;         ;
;      - D_reg[0][27]~feeder ; 1                 ; 6       ;
; Plaintext[17]              ;                   ;         ;
;      - R_reg[0][5]         ; 0                 ; 6       ;
; Plaintext[33]              ;                   ;         ;
;      - R_reg[0][3]~feeder  ; 0                 ; 6       ;
; Key_in[44]                 ;                   ;         ;
;      - D_reg[0][2]         ; 1                 ; 6       ;
; Plaintext[1]               ;                   ;         ;
;      - R_reg[0][7]~feeder  ; 1                 ; 6       ;
; Key_in[43]                 ;                   ;         ;
;      - D_reg[0][6]         ; 0                 ; 6       ;
; Plaintext[9]               ;                   ;         ;
;      - R_reg[0][6]~feeder  ; 0                 ; 6       ;
; Key_in[26]                 ;                   ;         ;
;      - D_reg[0][16]~feeder ; 0                 ; 6       ;
; Key_in[28]                 ;                   ;         ;
;      - C_reg[0][0]         ; 1                 ; 6       ;
; Plaintext[5]               ;                   ;         ;
;      - R_reg[0][23]        ; 1                 ; 6       ;
; Key_in[22]                 ;                   ;         ;
;      - C_reg[0][17]~feeder ; 0                 ; 6       ;
; Plaintext[36]              ;                   ;         ;
;      - L_reg[0][19]        ; 0                 ; 6       ;
; Plaintext[63]              ;                   ;         ;
;      - R_reg[0][24]~feeder ; 0                 ; 6       ;
; Key_in[45]                 ;                   ;         ;
;      - C_reg[0][6]         ; 0                 ; 6       ;
; Plaintext[55]              ;                   ;         ;
;      - R_reg[0][25]~feeder ; 0                 ; 6       ;
; Key_in[55]                 ;                   ;         ;
;      - C_reg[0][21]~feeder ; 1                 ; 6       ;
; Key_in[31]                 ;                   ;         ;
;      - C_reg[0][24]        ; 1                 ; 6       ;
; Key_in[7]                  ;                   ;         ;
;      - C_reg[0][27]~feeder ; 0                 ; 6       ;
; Plaintext[47]              ;                   ;         ;
;      - R_reg[0][26]~feeder ; 1                 ; 6       ;
; Key_in[62]                 ;                   ;         ;
;      - C_reg[0][12]~feeder ; 0                 ; 6       ;
; Key_in[14]                 ;                   ;         ;
;      - C_reg[0][18]        ; 0                 ; 6       ;
; Key_in[46]                 ;                   ;         ;
;      - C_reg[0][14]        ; 1                 ; 6       ;
; Plaintext[12]              ;                   ;         ;
;      - L_reg[0][22]~feeder ; 1                 ; 6       ;
; Plaintext[29]              ;                   ;         ;
;      - R_reg[0][20]        ; 0                 ; 6       ;
; Key_in[5]                  ;                   ;         ;
;      - C_reg[0][11]        ; 1                 ; 6       ;
; Plaintext[53]              ;                   ;         ;
;      - R_reg[0][17]~feeder ; 1                 ; 6       ;
; Plaintext[45]              ;                   ;         ;
;      - R_reg[0][18]        ; 1                 ; 6       ;
; Key_in[23]                 ;                   ;         ;
;      - C_reg[0][25]~feeder ; 1                 ; 6       ;
; Plaintext[37]              ;                   ;         ;
;      - R_reg[0][19]~feeder ; 0                 ; 6       ;
; Key_in[63]                 ;                   ;         ;
;      - C_reg[0][20]~feeder ; 0                 ; 6       ;
; Plaintext[62]              ;                   ;         ;
;      - L_reg[0][24]~feeder ; 1                 ; 6       ;
; Plaintext[20]              ;                   ;         ;
;      - L_reg[0][21]        ; 1                 ; 6       ;
; Key_in[41]                 ;                   ;         ;
;      - D_reg[0][22]~feeder ; 1                 ; 6       ;
; Key_in[35]                 ;                   ;         ;
;      - D_reg[0][7]~feeder  ; 0                 ; 6       ;
; Key_in[17]                 ;                   ;         ;
;      - D_reg[0][25]        ; 1                 ; 6       ;
; Key_in[34]                 ;                   ;         ;
;      - D_reg[0][15]~feeder ; 1                 ; 6       ;
; Plaintext[43]              ;                   ;         ;
;      - R_reg[0][10]        ; 1                 ; 6       ;
; Key_in[59]                 ;                   ;         ;
;      - D_reg[0][4]~feeder  ; 0                 ; 6       ;
; Plaintext[51]              ;                   ;         ;
;      - R_reg[0][9]~feeder  ; 0                 ; 6       ;
; Key_in[11]                 ;                   ;         ;
;      - D_reg[0][10]        ; 1                 ; 6       ;
; Key_in[9]                  ;                   ;         ;
;      - D_reg[0][26]~feeder ; 0                 ; 6       ;
; Plaintext[34]              ;                   ;         ;
;      - L_reg[0][11]~feeder ; 0                 ; 6       ;
; Key_in[19]                 ;                   ;         ;
;      - D_reg[0][9]~feeder  ; 1                 ; 6       ;
; Key_in[33]                 ;                   ;         ;
;      - D_reg[0][23]~feeder ; 0                 ; 6       ;
; Plaintext[41]              ;                   ;         ;
;      - R_reg[0][2]~feeder  ; 1                 ; 6       ;
; Key_in[51]                 ;                   ;         ;
;      - D_reg[0][5]         ; 1                 ; 6       ;
; Key_in[50]                 ;                   ;         ;
;      - D_reg[0][13]~feeder ; 0                 ; 6       ;
; Plaintext[49]              ;                   ;         ;
;      - R_reg[0][1]~feeder  ; 0                 ; 6       ;
; Key_in[2]                  ;                   ;         ;
;      - D_reg[0][19]        ; 1                 ; 6       ;
; Key_in[29]                 ;                   ;         ;
;      - C_reg[0][8]         ; 1                 ; 6       ;
; Plaintext[58]              ;                   ;         ;
;      - L_reg[0][8]         ; 1                 ; 6       ;
; Key_in[20]                 ;                   ;         ;
;      - C_reg[0][1]         ; 0                 ; 6       ;
; Plaintext[21]              ;                   ;         ;
;      - R_reg[0][21]        ; 1                 ; 6       ;
; Key_in[39]                 ;                   ;         ;
;      - C_reg[0][23]~feeder ; 1                 ; 6       ;
; Key_in[6]                  ;                   ;         ;
;      - C_reg[0][19]        ; 1                 ; 6       ;
; Key_in[61]                 ;                   ;         ;
;      - C_reg[0][4]~feeder  ; 1                 ; 6       ;
; Plaintext[13]              ;                   ;         ;
;      - R_reg[0][22]~feeder ; 0                 ; 6       ;
; Key_in[38]                 ;                   ;         ;
;      - C_reg[0][15]~feeder ; 1                 ; 6       ;
; Plaintext[50]              ;                   ;         ;
;      - L_reg[0][9]~feeder  ; 1                 ; 6       ;
; Plaintext[0]               ;                   ;         ;
;      - L_reg[0][7]~feeder  ; 1                 ; 6       ;
; Plaintext[26]              ;                   ;         ;
;      - L_reg[0][12]~feeder ; 0                 ; 6       ;
; Plaintext[42]              ;                   ;         ;
;      - L_reg[0][10]~feeder ; 0                 ; 6       ;
; Key_in[53]                 ;                   ;         ;
;      - C_reg[0][5]~feeder  ; 0                 ; 6       ;
; Plaintext[30]              ;                   ;         ;
;      - L_reg[0][28]~feeder ; 1                 ; 6       ;
; Plaintext[46]              ;                   ;         ;
;      - L_reg[0][26]~feeder ; 1                 ; 6       ;
; Plaintext[38]              ;                   ;         ;
;      - L_reg[0][27]        ; 0                 ; 6       ;
; Plaintext[54]              ;                   ;         ;
;      - L_reg[0][25]        ; 0                 ; 6       ;
; Plaintext[56]              ;                   ;         ;
;      - L_reg[0][0]         ; 0                 ; 6       ;
; Plaintext[24]              ;                   ;         ;
;      - L_reg[0][4]         ; 1                 ; 6       ;
; Plaintext[6]               ;                   ;         ;
;      - L_reg[0][31]~feeder ; 0                 ; 6       ;
; Plaintext[40]              ;                   ;         ;
;      - L_reg[0][2]~feeder  ; 1                 ; 6       ;
; Plaintext[32]              ;                   ;         ;
;      - L_reg[0][3]~feeder  ; 0                 ; 6       ;
; Key_in[58]                 ;                   ;         ;
;      - D_reg[0][12]~feeder ; 0                 ; 6       ;
; Plaintext[48]              ;                   ;         ;
;      - L_reg[0][1]~feeder  ; 1                 ; 6       ;
; Plaintext[60]              ;                   ;         ;
;      - L_reg[0][16]~feeder ; 0                 ; 6       ;
; Plaintext[52]              ;                   ;         ;
;      - L_reg[0][17]~feeder ; 1                 ; 6       ;
; Plaintext[44]              ;                   ;         ;
;      - L_reg[0][18]        ; 1                 ; 6       ;
; Plaintext[2]               ;                   ;         ;
;      - L_reg[0][15]~feeder ; 0                 ; 6       ;
; Key_in[12]                 ;                   ;         ;
;      - C_reg[0][2]         ; 0                 ; 6       ;
; Plaintext[14]              ;                   ;         ;
;      - L_reg[0][30]        ; 1                 ; 6       ;
; Key_in[21]                 ;                   ;         ;
;      - C_reg[0][9]~feeder  ; 0                 ; 6       ;
; Plaintext[18]              ;                   ;         ;
;      - L_reg[0][13]        ; 1                 ; 6       ;
; Key_in[18]                 ;                   ;         ;
;      - D_reg[0][17]~feeder ; 1                 ; 6       ;
; Plaintext[10]              ;                   ;         ;
;      - L_reg[0][14]        ; 0                 ; 6       ;
; Plaintext[16]              ;                   ;         ;
;      - L_reg[0][5]         ; 0                 ; 6       ;
; Key_in[57]                 ;                   ;         ;
;      - D_reg[0][20]        ; 0                 ; 6       ;
; Key_in[52]                 ;                   ;         ;
;      - D_reg[0][1]~feeder  ; 0                 ; 6       ;
; Plaintext[8]               ;                   ;         ;
;      - L_reg[0][6]~feeder  ; 1                 ; 6       ;
; Start                      ;                   ;         ;
;      - Valid_reg[0]~feeder ; 0                 ; 6       ;
+----------------------------+-------------------+---------+


+----------------------------------------------------------------------------------------------------------------------------+
; Control Signals                                                                                                            ;
+---------+----------+---------+--------------+--------+----------------------+------------------+---------------------------+
; Name    ; Location ; Fan-Out ; Usage        ; Global ; Global Resource Used ; Global Line Name ; Enable Signal Source Name ;
+---------+----------+---------+--------------+--------+----------------------+------------------+---------------------------+
; Clk     ; PIN_P2   ; 1993    ; Clock        ; yes    ; Global Clock         ; GCLK3            ; --                        ;
; Reset_n ; PIN_P1   ; 1993    ; Async. clear ; yes    ; Global Clock         ; GCLK1            ; --                        ;
+---------+----------+---------+--------------+--------+----------------------+------------------+---------------------------+


+----------------------------------------------------------------------------------------------------+
; Global & Other Fast Signals                                                                        ;
+---------+----------+---------+----------------------+------------------+---------------------------+
; Name    ; Location ; Fan-Out ; Global Resource Used ; Global Line Name ; Enable Signal Source Name ;
+---------+----------+---------+----------------------+------------------+---------------------------+
; Clk     ; PIN_P2   ; 1993    ; Global Clock         ; GCLK3            ; --                        ;
; Reset_n ; PIN_P1   ; 1993    ; Global Clock         ; GCLK1            ; --                        ;
+---------+----------+---------+----------------------+------------------+---------------------------+


+-----------------------------------------------------------+
; Non-Global High Fan-Out Signals                           ;
+-------------------------------------------------+---------+
; Name                                            ; Fan-Out ;
+-------------------------------------------------+---------+
; F_FUNCTION:f_block_1|E_XOR_KEY:e_xor_key|S1[5]  ; 14      ;
; F_FUNCTION:f_block_1|E_XOR_KEY:e_xor_key|S1[0]  ; 14      ;
; F_FUNCTION:f_block_1|E_XOR_KEY:e_xor_key|S5[0]  ; 14      ;
; F_FUNCTION:f_block_1|E_XOR_KEY:e_xor_key|S5[2]  ; 14      ;
; F_FUNCTION:f_block_2|E_XOR_KEY:e_xor_key|S5[0]  ; 14      ;
; F_FUNCTION:f_block_2|E_XOR_KEY:e_xor_key|S5[2]  ; 14      ;
; F_FUNCTION:f_block_2|E_XOR_KEY:e_xor_key|S1[0]  ; 14      ;
; F_FUNCTION:f_block_2|E_XOR_KEY:e_xor_key|S1[5]  ; 14      ;
; F_FUNCTION:f_block_3|E_XOR_KEY:e_xor_key|S1[5]  ; 14      ;
; F_FUNCTION:f_block_3|E_XOR_KEY:e_xor_key|S1[0]  ; 14      ;
; F_FUNCTION:f_block_3|E_XOR_KEY:e_xor_key|S5[0]  ; 14      ;
; F_FUNCTION:f_block_3|E_XOR_KEY:e_xor_key|S5[2]  ; 14      ;
; F_FUNCTION:f_block_4|E_XOR_KEY:e_xor_key|S5[0]  ; 14      ;
; F_FUNCTION:f_block_4|E_XOR_KEY:e_xor_key|S5[2]  ; 14      ;
; F_FUNCTION:f_block_4|E_XOR_KEY:e_xor_key|S1[0]  ; 14      ;
; F_FUNCTION:f_block_4|E_XOR_KEY:e_xor_key|S1[5]  ; 14      ;
; F_FUNCTION:f_block_5|E_XOR_KEY:e_xor_key|S1[5]  ; 14      ;
; F_FUNCTION:f_block_5|E_XOR_KEY:e_xor_key|S1[0]  ; 14      ;
; F_FUNCTION:f_block_5|E_XOR_KEY:e_xor_key|S5[0]  ; 14      ;
; F_FUNCTION:f_block_5|E_XOR_KEY:e_xor_key|S5[2]  ; 14      ;
; F_FUNCTION:f_block_6|E_XOR_KEY:e_xor_key|S5[0]  ; 14      ;
; F_FUNCTION:f_block_6|E_XOR_KEY:e_xor_key|S5[2]  ; 14      ;
; F_FUNCTION:f_block_6|E_XOR_KEY:e_xor_key|S1[0]  ; 14      ;
; F_FUNCTION:f_block_6|E_XOR_KEY:e_xor_key|S1[5]  ; 14      ;
; F_FUNCTION:f_block_7|E_XOR_KEY:e_xor_key|S1[5]  ; 14      ;
; F_FUNCTION:f_block_7|E_XOR_KEY:e_xor_key|S1[0]  ; 14      ;
; F_FUNCTION:f_block_7|E_XOR_KEY:e_xor_key|S5[0]  ; 14      ;
; F_FUNCTION:f_block_7|E_XOR_KEY:e_xor_key|S5[2]  ; 14      ;
; F_FUNCTION:f_block_8|E_XOR_KEY:e_xor_key|S5[0]  ; 14      ;
; F_FUNCTION:f_block_8|E_XOR_KEY:e_xor_key|S5[2]  ; 14      ;
; F_FUNCTION:f_block_8|E_XOR_KEY:e_xor_key|S1[0]  ; 14      ;
; F_FUNCTION:f_block_8|E_XOR_KEY:e_xor_key|S1[5]  ; 14      ;
; F_FUNCTION:f_block_9|E_XOR_KEY:e_xor_key|S1[5]  ; 14      ;
; F_FUNCTION:f_block_9|E_XOR_KEY:e_xor_key|S1[0]  ; 14      ;
; F_FUNCTION:f_block_9|E_XOR_KEY:e_xor_key|S5[0]  ; 14      ;
; F_FUNCTION:f_block_9|E_XOR_KEY:e_xor_key|S5[2]  ; 14      ;
; F_FUNCTION:f_block_10|E_XOR_KEY:e_xor_key|S5[0] ; 14      ;
; F_FUNCTION:f_block_10|E_XOR_KEY:e_xor_key|S5[2] ; 14      ;
; F_FUNCTION:f_block_10|E_XOR_KEY:e_xor_key|S1[0] ; 14      ;
; F_FUNCTION:f_block_10|E_XOR_KEY:e_xor_key|S1[5] ; 14      ;
; F_FUNCTION:f_block_11|E_XOR_KEY:e_xor_key|S1[5] ; 14      ;
; F_FUNCTION:f_block_11|E_XOR_KEY:e_xor_key|S1[0] ; 14      ;
; F_FUNCTION:f_block_11|E_XOR_KEY:e_xor_key|S5[0] ; 14      ;
; F_FUNCTION:f_block_11|E_XOR_KEY:e_xor_key|S5[2] ; 14      ;
; F_FUNCTION:f_block_12|E_XOR_KEY:e_xor_key|S5[0] ; 14      ;
; F_FUNCTION:f_block_12|E_XOR_KEY:e_xor_key|S5[2] ; 14      ;
; F_FUNCTION:f_block_12|E_XOR_KEY:e_xor_key|S1[0] ; 14      ;
; F_FUNCTION:f_block_12|E_XOR_KEY:e_xor_key|S1[5] ; 14      ;
; F_FUNCTION:f_block_13|E_XOR_KEY:e_xor_key|S1[5] ; 14      ;
; F_FUNCTION:f_block_13|E_XOR_KEY:e_xor_key|S1[0] ; 14      ;
; F_FUNCTION:f_block_13|E_XOR_KEY:e_xor_key|S5[0] ; 14      ;
; F_FUNCTION:f_block_13|E_XOR_KEY:e_xor_key|S5[2] ; 14      ;
; F_FUNCTION:f_block_14|E_XOR_KEY:e_xor_key|S5[0] ; 14      ;
; F_FUNCTION:f_block_14|E_XOR_KEY:e_xor_key|S5[2] ; 14      ;
; F_FUNCTION:f_block_14|E_XOR_KEY:e_xor_key|S1[5] ; 14      ;
; F_FUNCTION:f_block_14|E_XOR_KEY:e_xor_key|S1[0] ; 14      ;
; F_FUNCTION:f_block_15|E_XOR_KEY:e_xor_key|S5[0] ; 14      ;
; F_FUNCTION:f_block_15|E_XOR_KEY:e_xor_key|S5[2] ; 14      ;
; F_FUNCTION:f_block_15|E_XOR_KEY:e_xor_key|S1[0] ; 14      ;
; F_FUNCTION:f_block_15|E_XOR_KEY:e_xor_key|S1[5] ; 14      ;
; F_FUNCTION:f_block_16|E_XOR_KEY:e_xor_key|S1[0] ; 14      ;
; F_FUNCTION:f_block_16|E_XOR_KEY:e_xor_key|S1[5] ; 14      ;
; F_FUNCTION:f_block_16|E_XOR_KEY:e_xor_key|S5[0] ; 14      ;
; F_FUNCTION:f_block_16|E_XOR_KEY:e_xor_key|S5[2] ; 14      ;
; F_FUNCTION:f_block_1|E_XOR_KEY:e_xor_key|S1[1]  ; 13      ;
; F_FUNCTION:f_block_2|E_XOR_KEY:e_xor_key|S1[1]  ; 13      ;
; F_FUNCTION:f_block_3|E_XOR_KEY:e_xor_key|S1[1]  ; 13      ;
; F_FUNCTION:f_block_4|E_XOR_KEY:e_xor_key|S1[1]  ; 13      ;
; F_FUNCTION:f_block_5|E_XOR_KEY:e_xor_key|S1[1]  ; 13      ;
; F_FUNCTION:f_block_6|E_XOR_KEY:e_xor_key|S1[1]  ; 13      ;
; F_FUNCTION:f_block_7|E_XOR_KEY:e_xor_key|S1[1]  ; 13      ;
; F_FUNCTION:f_block_8|E_XOR_KEY:e_xor_key|S1[1]  ; 13      ;
; F_FUNCTION:f_block_9|E_XOR_KEY:e_xor_key|S1[1]  ; 13      ;
; F_FUNCTION:f_block_10|E_XOR_KEY:e_xor_key|S1[1] ; 13      ;
; F_FUNCTION:f_block_10|E_XOR_KEY:e_xor_key|S6[5] ; 13      ;
; F_FUNCTION:f_block_10|E_XOR_KEY:e_xor_key|S6[0] ; 13      ;
; F_FUNCTION:f_block_11|E_XOR_KEY:e_xor_key|S6[5] ; 13      ;
; F_FUNCTION:f_block_11|E_XOR_KEY:e_xor_key|S6[0] ; 13      ;
; F_FUNCTION:f_block_11|E_XOR_KEY:e_xor_key|S1[1] ; 13      ;
; F_FUNCTION:f_block_12|E_XOR_KEY:e_xor_key|S1[1] ; 13      ;
; F_FUNCTION:f_block_12|E_XOR_KEY:e_xor_key|S6[5] ; 13      ;
; F_FUNCTION:f_block_12|E_XOR_KEY:e_xor_key|S6[0] ; 13      ;
; F_FUNCTION:f_block_13|E_XOR_KEY:e_xor_key|S1[1] ; 13      ;
; F_FUNCTION:f_block_13|E_XOR_KEY:e_xor_key|S6[5] ; 13      ;
; F_FUNCTION:f_block_13|E_XOR_KEY:e_xor_key|S6[0] ; 13      ;
; F_FUNCTION:f_block_14|E_XOR_KEY:e_xor_key|S6[5] ; 13      ;
; F_FUNCTION:f_block_14|E_XOR_KEY:e_xor_key|S6[0] ; 13      ;
; F_FUNCTION:f_block_14|E_XOR_KEY:e_xor_key|S1[1] ; 13      ;
; F_FUNCTION:f_block_15|E_XOR_KEY:e_xor_key|S1[1] ; 13      ;
; F_FUNCTION:f_block_15|E_XOR_KEY:e_xor_key|S6[5] ; 13      ;
; F_FUNCTION:f_block_15|E_XOR_KEY:e_xor_key|S6[0] ; 13      ;
; F_FUNCTION:f_block_16|E_XOR_KEY:e_xor_key|S6[5] ; 13      ;
; F_FUNCTION:f_block_16|E_XOR_KEY:e_xor_key|S6[0] ; 13      ;
; F_FUNCTION:f_block_16|E_XOR_KEY:e_xor_key|S1[1] ; 13      ;
; F_FUNCTION:f_block_1|E_XOR_KEY:e_xor_key|S6[5]  ; 12      ;
; F_FUNCTION:f_block_1|E_XOR_KEY:e_xor_key|S6[0]  ; 12      ;
; F_FUNCTION:f_block_1|E_XOR_KEY:e_xor_key|S4[4]  ; 12      ;
; F_FUNCTION:f_block_1|E_XOR_KEY:e_xor_key|S4[0]  ; 12      ;
; F_FUNCTION:f_block_1|E_XOR_KEY:e_xor_key|S4[2]  ; 12      ;
; F_FUNCTION:f_block_1|E_XOR_KEY:e_xor_key|S2[3]  ; 12      ;
; F_FUNCTION:f_block_1|E_XOR_KEY:e_xor_key|S7[3]  ; 12      ;
; F_FUNCTION:f_block_2|E_XOR_KEY:e_xor_key|S7[3]  ; 12      ;
; F_FUNCTION:f_block_2|E_XOR_KEY:e_xor_key|S4[4]  ; 12      ;
; F_FUNCTION:f_block_2|E_XOR_KEY:e_xor_key|S4[0]  ; 12      ;
; F_FUNCTION:f_block_2|E_XOR_KEY:e_xor_key|S4[2]  ; 12      ;
; F_FUNCTION:f_block_2|E_XOR_KEY:e_xor_key|S2[3]  ; 12      ;
; F_FUNCTION:f_block_2|E_XOR_KEY:e_xor_key|S6[5]  ; 12      ;
; F_FUNCTION:f_block_2|E_XOR_KEY:e_xor_key|S6[0]  ; 12      ;
; F_FUNCTION:f_block_3|E_XOR_KEY:e_xor_key|S6[5]  ; 12      ;
; F_FUNCTION:f_block_3|E_XOR_KEY:e_xor_key|S6[0]  ; 12      ;
; F_FUNCTION:f_block_3|E_XOR_KEY:e_xor_key|S4[4]  ; 12      ;
; F_FUNCTION:f_block_3|E_XOR_KEY:e_xor_key|S4[0]  ; 12      ;
; F_FUNCTION:f_block_3|E_XOR_KEY:e_xor_key|S4[2]  ; 12      ;
; F_FUNCTION:f_block_3|E_XOR_KEY:e_xor_key|S2[3]  ; 12      ;
; F_FUNCTION:f_block_3|E_XOR_KEY:e_xor_key|S7[3]  ; 12      ;
; F_FUNCTION:f_block_4|E_XOR_KEY:e_xor_key|S7[3]  ; 12      ;
; F_FUNCTION:f_block_4|E_XOR_KEY:e_xor_key|S4[4]  ; 12      ;
; F_FUNCTION:f_block_4|E_XOR_KEY:e_xor_key|S4[0]  ; 12      ;
; F_FUNCTION:f_block_4|E_XOR_KEY:e_xor_key|S4[2]  ; 12      ;
; F_FUNCTION:f_block_4|E_XOR_KEY:e_xor_key|S2[3]  ; 12      ;
; F_FUNCTION:f_block_4|E_XOR_KEY:e_xor_key|S6[5]  ; 12      ;
; F_FUNCTION:f_block_4|E_XOR_KEY:e_xor_key|S6[0]  ; 12      ;
; F_FUNCTION:f_block_5|E_XOR_KEY:e_xor_key|S6[5]  ; 12      ;
; F_FUNCTION:f_block_5|E_XOR_KEY:e_xor_key|S6[0]  ; 12      ;
; F_FUNCTION:f_block_5|E_XOR_KEY:e_xor_key|S4[4]  ; 12      ;
; F_FUNCTION:f_block_5|E_XOR_KEY:e_xor_key|S4[0]  ; 12      ;
; F_FUNCTION:f_block_5|E_XOR_KEY:e_xor_key|S4[2]  ; 12      ;
; F_FUNCTION:f_block_5|E_XOR_KEY:e_xor_key|S2[3]  ; 12      ;
; F_FUNCTION:f_block_5|E_XOR_KEY:e_xor_key|S7[3]  ; 12      ;
; F_FUNCTION:f_block_6|E_XOR_KEY:e_xor_key|S7[3]  ; 12      ;
; F_FUNCTION:f_block_6|E_XOR_KEY:e_xor_key|S4[4]  ; 12      ;
; F_FUNCTION:f_block_6|E_XOR_KEY:e_xor_key|S4[0]  ; 12      ;
; F_FUNCTION:f_block_6|E_XOR_KEY:e_xor_key|S4[2]  ; 12      ;
; F_FUNCTION:f_block_6|E_XOR_KEY:e_xor_key|S2[3]  ; 12      ;
; F_FUNCTION:f_block_6|E_XOR_KEY:e_xor_key|S6[5]  ; 12      ;
; F_FUNCTION:f_block_6|E_XOR_KEY:e_xor_key|S6[0]  ; 12      ;
; F_FUNCTION:f_block_7|E_XOR_KEY:e_xor_key|S6[5]  ; 12      ;
; F_FUNCTION:f_block_7|E_XOR_KEY:e_xor_key|S6[0]  ; 12      ;
; F_FUNCTION:f_block_7|E_XOR_KEY:e_xor_key|S4[4]  ; 12      ;
; F_FUNCTION:f_block_7|E_XOR_KEY:e_xor_key|S4[0]  ; 12      ;
; F_FUNCTION:f_block_7|E_XOR_KEY:e_xor_key|S4[2]  ; 12      ;
; F_FUNCTION:f_block_7|E_XOR_KEY:e_xor_key|S2[3]  ; 12      ;
; F_FUNCTION:f_block_7|E_XOR_KEY:e_xor_key|S7[3]  ; 12      ;
; F_FUNCTION:f_block_8|E_XOR_KEY:e_xor_key|S7[3]  ; 12      ;
; F_FUNCTION:f_block_8|E_XOR_KEY:e_xor_key|S4[4]  ; 12      ;
; F_FUNCTION:f_block_8|E_XOR_KEY:e_xor_key|S4[0]  ; 12      ;
; F_FUNCTION:f_block_8|E_XOR_KEY:e_xor_key|S4[2]  ; 12      ;
; F_FUNCTION:f_block_8|E_XOR_KEY:e_xor_key|S2[3]  ; 12      ;
; F_FUNCTION:f_block_8|E_XOR_KEY:e_xor_key|S6[5]  ; 12      ;
; F_FUNCTION:f_block_8|E_XOR_KEY:e_xor_key|S6[0]  ; 12      ;
; F_FUNCTION:f_block_9|E_XOR_KEY:e_xor_key|S6[5]  ; 12      ;
; F_FUNCTION:f_block_9|E_XOR_KEY:e_xor_key|S6[0]  ; 12      ;
; F_FUNCTION:f_block_9|E_XOR_KEY:e_xor_key|S4[4]  ; 12      ;
; F_FUNCTION:f_block_9|E_XOR_KEY:e_xor_key|S4[0]  ; 12      ;
; F_FUNCTION:f_block_9|E_XOR_KEY:e_xor_key|S4[2]  ; 12      ;
; F_FUNCTION:f_block_9|E_XOR_KEY:e_xor_key|S2[3]  ; 12      ;
; F_FUNCTION:f_block_9|E_XOR_KEY:e_xor_key|S7[3]  ; 12      ;
; F_FUNCTION:f_block_10|E_XOR_KEY:e_xor_key|S7[3] ; 12      ;
; F_FUNCTION:f_block_10|E_XOR_KEY:e_xor_key|S4[4] ; 12      ;
; F_FUNCTION:f_block_10|E_XOR_KEY:e_xor_key|S4[0] ; 12      ;
; F_FUNCTION:f_block_10|E_XOR_KEY:e_xor_key|S4[2] ; 12      ;
; F_FUNCTION:f_block_10|E_XOR_KEY:e_xor_key|S8[4] ; 12      ;
; F_FUNCTION:f_block_11|E_XOR_KEY:e_xor_key|S4[4] ; 12      ;
; F_FUNCTION:f_block_11|E_XOR_KEY:e_xor_key|S4[0] ; 12      ;
; F_FUNCTION:f_block_11|E_XOR_KEY:e_xor_key|S4[2] ; 12      ;
; F_FUNCTION:f_block_11|E_XOR_KEY:e_xor_key|S7[3] ; 12      ;
; F_FUNCTION:f_block_12|E_XOR_KEY:e_xor_key|S7[3] ; 12      ;
; F_FUNCTION:f_block_12|E_XOR_KEY:e_xor_key|S4[4] ; 12      ;
; F_FUNCTION:f_block_12|E_XOR_KEY:e_xor_key|S4[0] ; 12      ;
; F_FUNCTION:f_block_12|E_XOR_KEY:e_xor_key|S4[2] ; 12      ;
; F_FUNCTION:f_block_12|E_XOR_KEY:e_xor_key|S8[4] ; 12      ;
; F_FUNCTION:f_block_13|E_XOR_KEY:e_xor_key|S4[4] ; 12      ;
; F_FUNCTION:f_block_13|E_XOR_KEY:e_xor_key|S4[0] ; 12      ;
; F_FUNCTION:f_block_13|E_XOR_KEY:e_xor_key|S4[2] ; 12      ;
; F_FUNCTION:f_block_13|E_XOR_KEY:e_xor_key|S7[3] ; 12      ;
; F_FUNCTION:f_block_14|E_XOR_KEY:e_xor_key|S8[4] ; 12      ;
; F_FUNCTION:f_block_14|E_XOR_KEY:e_xor_key|S4[4] ; 12      ;
; F_FUNCTION:f_block_14|E_XOR_KEY:e_xor_key|S4[0] ; 12      ;
; F_FUNCTION:f_block_14|E_XOR_KEY:e_xor_key|S4[2] ; 12      ;
; F_FUNCTION:f_block_14|E_XOR_KEY:e_xor_key|S7[3] ; 12      ;
; F_FUNCTION:f_block_15|E_XOR_KEY:e_xor_key|S7[3] ; 12      ;
; F_FUNCTION:f_block_15|E_XOR_KEY:e_xor_key|S4[4] ; 12      ;
; F_FUNCTION:f_block_15|E_XOR_KEY:e_xor_key|S4[0] ; 12      ;
; F_FUNCTION:f_block_15|E_XOR_KEY:e_xor_key|S4[2] ; 12      ;
; F_FUNCTION:f_block_16|E_XOR_KEY:e_xor_key|S7[3] ; 12      ;
; F_FUNCTION:f_block_16|E_XOR_KEY:e_xor_key|S4[4] ; 12      ;
; F_FUNCTION:f_block_16|E_XOR_KEY:e_xor_key|S4[0] ; 12      ;
; F_FUNCTION:f_block_16|E_XOR_KEY:e_xor_key|S4[2] ; 12      ;
; F_FUNCTION:f_block_1|E_XOR_KEY:e_xor_key|S3[5]  ; 11      ;
; F_FUNCTION:f_block_1|E_XOR_KEY:e_xor_key|S3[0]  ; 11      ;
; F_FUNCTION:f_block_1|E_XOR_KEY:e_xor_key|S8[2]  ; 11      ;
; F_FUNCTION:f_block_1|E_XOR_KEY:e_xor_key|S6[1]  ; 11      ;
; F_FUNCTION:f_block_1|E_XOR_KEY:e_xor_key|S2[5]  ; 11      ;
; F_FUNCTION:f_block_1|E_XOR_KEY:e_xor_key|S7[0]  ; 11      ;
; F_FUNCTION:f_block_1|E_XOR_KEY:e_xor_key|S1[2]  ; 11      ;
; F_FUNCTION:f_block_1|E_XOR_KEY:e_xor_key|S5[4]  ; 11      ;
; F_FUNCTION:f_block_1|E_XOR_KEY:e_xor_key|S5[3]  ; 11      ;
; F_FUNCTION:f_block_1|E_XOR_KEY:e_xor_key|S5[5]  ; 11      ;
; F_FUNCTION:f_block_2|E_XOR_KEY:e_xor_key|S7[0]  ; 11      ;
; F_FUNCTION:f_block_2|E_XOR_KEY:e_xor_key|S5[4]  ; 11      ;
; F_FUNCTION:f_block_2|E_XOR_KEY:e_xor_key|S5[3]  ; 11      ;
; F_FUNCTION:f_block_2|E_XOR_KEY:e_xor_key|S5[5]  ; 11      ;
; F_FUNCTION:f_block_2|E_XOR_KEY:e_xor_key|S1[2]  ; 11      ;
; F_FUNCTION:f_block_2|E_XOR_KEY:e_xor_key|S8[3]  ; 11      ;
; F_FUNCTION:f_block_2|E_XOR_KEY:e_xor_key|S2[5]  ; 11      ;
; F_FUNCTION:f_block_2|E_XOR_KEY:e_xor_key|S6[1]  ; 11      ;
; F_FUNCTION:f_block_2|E_XOR_KEY:e_xor_key|S3[5]  ; 11      ;
; F_FUNCTION:f_block_2|E_XOR_KEY:e_xor_key|S3[0]  ; 11      ;
; F_FUNCTION:f_block_3|E_XOR_KEY:e_xor_key|S3[5]  ; 11      ;
; F_FUNCTION:f_block_3|E_XOR_KEY:e_xor_key|S3[0]  ; 11      ;
; F_FUNCTION:f_block_3|E_XOR_KEY:e_xor_key|S8[2]  ; 11      ;
; F_FUNCTION:f_block_3|E_XOR_KEY:e_xor_key|S6[1]  ; 11      ;
; F_FUNCTION:f_block_3|E_XOR_KEY:e_xor_key|S2[5]  ; 11      ;
; F_FUNCTION:f_block_3|E_XOR_KEY:e_xor_key|S7[0]  ; 11      ;
; F_FUNCTION:f_block_3|E_XOR_KEY:e_xor_key|S1[2]  ; 11      ;
; F_FUNCTION:f_block_3|E_XOR_KEY:e_xor_key|S5[4]  ; 11      ;
; F_FUNCTION:f_block_3|E_XOR_KEY:e_xor_key|S5[3]  ; 11      ;
; F_FUNCTION:f_block_3|E_XOR_KEY:e_xor_key|S5[5]  ; 11      ;
; F_FUNCTION:f_block_4|E_XOR_KEY:e_xor_key|S7[0]  ; 11      ;
; F_FUNCTION:f_block_4|E_XOR_KEY:e_xor_key|S5[4]  ; 11      ;
; F_FUNCTION:f_block_4|E_XOR_KEY:e_xor_key|S5[3]  ; 11      ;
; F_FUNCTION:f_block_4|E_XOR_KEY:e_xor_key|S5[5]  ; 11      ;
; F_FUNCTION:f_block_4|E_XOR_KEY:e_xor_key|S1[2]  ; 11      ;
; F_FUNCTION:f_block_4|E_XOR_KEY:e_xor_key|S8[3]  ; 11      ;
; F_FUNCTION:f_block_4|E_XOR_KEY:e_xor_key|S2[5]  ; 11      ;
; F_FUNCTION:f_block_4|E_XOR_KEY:e_xor_key|S6[1]  ; 11      ;
; F_FUNCTION:f_block_4|E_XOR_KEY:e_xor_key|S3[5]  ; 11      ;
; F_FUNCTION:f_block_4|E_XOR_KEY:e_xor_key|S3[0]  ; 11      ;
; F_FUNCTION:f_block_5|E_XOR_KEY:e_xor_key|S3[5]  ; 11      ;
; F_FUNCTION:f_block_5|E_XOR_KEY:e_xor_key|S3[0]  ; 11      ;
; F_FUNCTION:f_block_5|E_XOR_KEY:e_xor_key|S8[2]  ; 11      ;
; F_FUNCTION:f_block_5|E_XOR_KEY:e_xor_key|S6[1]  ; 11      ;
; F_FUNCTION:f_block_5|E_XOR_KEY:e_xor_key|S2[5]  ; 11      ;
; F_FUNCTION:f_block_5|E_XOR_KEY:e_xor_key|S7[0]  ; 11      ;
; F_FUNCTION:f_block_5|E_XOR_KEY:e_xor_key|S1[2]  ; 11      ;
; F_FUNCTION:f_block_5|E_XOR_KEY:e_xor_key|S5[4]  ; 11      ;
; F_FUNCTION:f_block_5|E_XOR_KEY:e_xor_key|S5[3]  ; 11      ;
; F_FUNCTION:f_block_5|E_XOR_KEY:e_xor_key|S5[5]  ; 11      ;
; F_FUNCTION:f_block_6|E_XOR_KEY:e_xor_key|S7[0]  ; 11      ;
; F_FUNCTION:f_block_6|E_XOR_KEY:e_xor_key|S5[4]  ; 11      ;
; F_FUNCTION:f_block_6|E_XOR_KEY:e_xor_key|S5[3]  ; 11      ;
; F_FUNCTION:f_block_6|E_XOR_KEY:e_xor_key|S5[5]  ; 11      ;
; F_FUNCTION:f_block_6|E_XOR_KEY:e_xor_key|S1[2]  ; 11      ;
; F_FUNCTION:f_block_6|E_XOR_KEY:e_xor_key|S8[3]  ; 11      ;
; F_FUNCTION:f_block_6|E_XOR_KEY:e_xor_key|S2[5]  ; 11      ;
; F_FUNCTION:f_block_6|E_XOR_KEY:e_xor_key|S6[1]  ; 11      ;
; F_FUNCTION:f_block_6|E_XOR_KEY:e_xor_key|S3[5]  ; 11      ;
; F_FUNCTION:f_block_6|E_XOR_KEY:e_xor_key|S3[0]  ; 11      ;
; F_FUNCTION:f_block_7|E_XOR_KEY:e_xor_key|S3[5]  ; 11      ;
; F_FUNCTION:f_block_7|E_XOR_KEY:e_xor_key|S3[0]  ; 11      ;
; F_FUNCTION:f_block_7|E_XOR_KEY:e_xor_key|S8[2]  ; 11      ;
; F_FUNCTION:f_block_7|E_XOR_KEY:e_xor_key|S6[1]  ; 11      ;
; F_FUNCTION:f_block_7|E_XOR_KEY:e_xor_key|S2[5]  ; 11      ;
; F_FUNCTION:f_block_7|E_XOR_KEY:e_xor_key|S7[0]  ; 11      ;
; F_FUNCTION:f_block_7|E_XOR_KEY:e_xor_key|S1[2]  ; 11      ;
; F_FUNCTION:f_block_7|E_XOR_KEY:e_xor_key|S5[4]  ; 11      ;
; F_FUNCTION:f_block_7|E_XOR_KEY:e_xor_key|S5[3]  ; 11      ;
; F_FUNCTION:f_block_7|E_XOR_KEY:e_xor_key|S5[5]  ; 11      ;
; F_FUNCTION:f_block_8|E_XOR_KEY:e_xor_key|S7[0]  ; 11      ;
; F_FUNCTION:f_block_8|E_XOR_KEY:e_xor_key|S5[4]  ; 11      ;
; F_FUNCTION:f_block_8|E_XOR_KEY:e_xor_key|S5[3]  ; 11      ;
; F_FUNCTION:f_block_8|E_XOR_KEY:e_xor_key|S5[5]  ; 11      ;
; F_FUNCTION:f_block_8|E_XOR_KEY:e_xor_key|S1[2]  ; 11      ;
; F_FUNCTION:f_block_8|E_XOR_KEY:e_xor_key|S8[3]  ; 11      ;
; F_FUNCTION:f_block_8|E_XOR_KEY:e_xor_key|S2[5]  ; 11      ;
; F_FUNCTION:f_block_8|E_XOR_KEY:e_xor_key|S6[1]  ; 11      ;
; F_FUNCTION:f_block_8|E_XOR_KEY:e_xor_key|S3[5]  ; 11      ;
; F_FUNCTION:f_block_8|E_XOR_KEY:e_xor_key|S3[0]  ; 11      ;
; F_FUNCTION:f_block_9|E_XOR_KEY:e_xor_key|S3[5]  ; 11      ;
; F_FUNCTION:f_block_9|E_XOR_KEY:e_xor_key|S3[0]  ; 11      ;
; F_FUNCTION:f_block_9|E_XOR_KEY:e_xor_key|S8[2]  ; 11      ;
; F_FUNCTION:f_block_9|E_XOR_KEY:e_xor_key|S6[1]  ; 11      ;
; F_FUNCTION:f_block_9|E_XOR_KEY:e_xor_key|S2[5]  ; 11      ;
; F_FUNCTION:f_block_9|E_XOR_KEY:e_xor_key|S7[0]  ; 11      ;
; F_FUNCTION:f_block_9|E_XOR_KEY:e_xor_key|S1[2]  ; 11      ;
; F_FUNCTION:f_block_9|E_XOR_KEY:e_xor_key|S5[4]  ; 11      ;
; F_FUNCTION:f_block_9|E_XOR_KEY:e_xor_key|S5[3]  ; 11      ;
; F_FUNCTION:f_block_9|E_XOR_KEY:e_xor_key|S5[5]  ; 11      ;
; F_FUNCTION:f_block_10|E_XOR_KEY:e_xor_key|S7[0] ; 11      ;
; F_FUNCTION:f_block_10|E_XOR_KEY:e_xor_key|S5[4] ; 11      ;
; F_FUNCTION:f_block_10|E_XOR_KEY:e_xor_key|S5[3] ; 11      ;
; F_FUNCTION:f_block_10|E_XOR_KEY:e_xor_key|S5[5] ; 11      ;
; F_FUNCTION:f_block_10|E_XOR_KEY:e_xor_key|S1[2] ; 11      ;
; F_FUNCTION:f_block_10|E_XOR_KEY:e_xor_key|S8[3] ; 11      ;
; F_FUNCTION:f_block_10|E_XOR_KEY:e_xor_key|S2[1] ; 11      ;
; F_FUNCTION:f_block_10|E_XOR_KEY:e_xor_key|S3[0] ; 11      ;
; F_FUNCTION:f_block_11|E_XOR_KEY:e_xor_key|S3[0] ; 11      ;
; F_FUNCTION:f_block_11|E_XOR_KEY:e_xor_key|S8[2] ; 11      ;
; F_FUNCTION:f_block_11|E_XOR_KEY:e_xor_key|S2[1] ; 11      ;
; F_FUNCTION:f_block_11|E_XOR_KEY:e_xor_key|S7[0] ; 11      ;
; F_FUNCTION:f_block_11|E_XOR_KEY:e_xor_key|S1[2] ; 11      ;
; F_FUNCTION:f_block_11|E_XOR_KEY:e_xor_key|S5[4] ; 11      ;
; F_FUNCTION:f_block_11|E_XOR_KEY:e_xor_key|S5[3] ; 11      ;
; F_FUNCTION:f_block_11|E_XOR_KEY:e_xor_key|S5[5] ; 11      ;
; F_FUNCTION:f_block_12|E_XOR_KEY:e_xor_key|S7[0] ; 11      ;
; F_FUNCTION:f_block_12|E_XOR_KEY:e_xor_key|S5[3] ; 11      ;
; F_FUNCTION:f_block_12|E_XOR_KEY:e_xor_key|S5[4] ; 11      ;
; F_FUNCTION:f_block_12|E_XOR_KEY:e_xor_key|S5[5] ; 11      ;
; F_FUNCTION:f_block_12|E_XOR_KEY:e_xor_key|S1[2] ; 11      ;
; F_FUNCTION:f_block_12|E_XOR_KEY:e_xor_key|S8[3] ; 11      ;
; F_FUNCTION:f_block_12|E_XOR_KEY:e_xor_key|S3[0] ; 11      ;
; F_FUNCTION:f_block_13|E_XOR_KEY:e_xor_key|S1[2] ; 11      ;
; F_FUNCTION:f_block_13|E_XOR_KEY:e_xor_key|S3[0] ; 11      ;
; F_FUNCTION:f_block_13|E_XOR_KEY:e_xor_key|S2[1] ; 11      ;
; F_FUNCTION:f_block_13|E_XOR_KEY:e_xor_key|S7[0] ; 11      ;
; F_FUNCTION:f_block_13|E_XOR_KEY:e_xor_key|S8[2] ; 11      ;
; F_FUNCTION:f_block_13|E_XOR_KEY:e_xor_key|S5[4] ; 11      ;
; F_FUNCTION:f_block_13|E_XOR_KEY:e_xor_key|S5[3] ; 11      ;
; F_FUNCTION:f_block_13|E_XOR_KEY:e_xor_key|S5[5] ; 11      ;
; F_FUNCTION:f_block_14|E_XOR_KEY:e_xor_key|S8[3] ; 11      ;
; F_FUNCTION:f_block_14|E_XOR_KEY:e_xor_key|S3[0] ; 11      ;
; F_FUNCTION:f_block_14|E_XOR_KEY:e_xor_key|S5[3] ; 11      ;
; F_FUNCTION:f_block_14|E_XOR_KEY:e_xor_key|S5[4] ; 11      ;
; F_FUNCTION:f_block_14|E_XOR_KEY:e_xor_key|S5[5] ; 11      ;
; F_FUNCTION:f_block_14|E_XOR_KEY:e_xor_key|S7[0] ; 11      ;
; F_FUNCTION:f_block_14|E_XOR_KEY:e_xor_key|S1[2] ; 11      ;
; F_FUNCTION:f_block_15|E_XOR_KEY:e_xor_key|S7[0] ; 11      ;
; F_FUNCTION:f_block_15|E_XOR_KEY:e_xor_key|S5[3] ; 11      ;
; F_FUNCTION:f_block_15|E_XOR_KEY:e_xor_key|S5[4] ; 11      ;
; F_FUNCTION:f_block_15|E_XOR_KEY:e_xor_key|S5[5] ; 11      ;
; F_FUNCTION:f_block_15|E_XOR_KEY:e_xor_key|S2[1] ; 11      ;
; F_FUNCTION:f_block_15|E_XOR_KEY:e_xor_key|S1[2] ; 11      ;
; F_FUNCTION:f_block_15|E_XOR_KEY:e_xor_key|S8[2] ; 11      ;
; F_FUNCTION:f_block_15|E_XOR_KEY:e_xor_key|S3[0] ; 11      ;
; F_FUNCTION:f_block_16|E_XOR_KEY:e_xor_key|S3[0] ; 11      ;
; F_FUNCTION:f_block_16|E_XOR_KEY:e_xor_key|S7[0] ; 11      ;
; F_FUNCTION:f_block_16|E_XOR_KEY:e_xor_key|S8[2] ; 11      ;
; F_FUNCTION:f_block_16|E_XOR_KEY:e_xor_key|S2[1] ; 11      ;
; F_FUNCTION:f_block_16|E_XOR_KEY:e_xor_key|S1[2] ; 11      ;
; F_FUNCTION:f_block_16|E_XOR_KEY:e_xor_key|S5[3] ; 11      ;
; F_FUNCTION:f_block_16|E_XOR_KEY:e_xor_key|S5[4] ; 11      ;
; F_FUNCTION:f_block_16|E_XOR_KEY:e_xor_key|S5[5] ; 11      ;
; F_FUNCTION:f_block_1|E_XOR_KEY:e_xor_key|S3[2]  ; 10      ;
; F_FUNCTION:f_block_1|E_XOR_KEY:e_xor_key|S8[4]  ; 10      ;
; F_FUNCTION:f_block_1|E_XOR_KEY:e_xor_key|S8[3]  ; 10      ;
; F_FUNCTION:f_block_1|E_XOR_KEY:e_xor_key|S6[4]  ; 10      ;
; F_FUNCTION:f_block_1|E_XOR_KEY:e_xor_key|S2[4]  ; 10      ;
; F_FUNCTION:f_block_1|E_XOR_KEY:e_xor_key|S2[2]  ; 10      ;
; F_FUNCTION:f_block_1|E_XOR_KEY:e_xor_key|S2[1]  ; 10      ;
; F_FUNCTION:f_block_1|E_XOR_KEY:e_xor_key|S7[4]  ; 10      ;
; F_FUNCTION:f_block_2|E_XOR_KEY:e_xor_key|S7[4]  ; 10      ;
; F_FUNCTION:f_block_2|E_XOR_KEY:e_xor_key|S1[3]  ; 10      ;
; F_FUNCTION:f_block_2|E_XOR_KEY:e_xor_key|S8[2]  ; 10      ;
; F_FUNCTION:f_block_2|E_XOR_KEY:e_xor_key|S8[4]  ; 10      ;
; F_FUNCTION:f_block_2|E_XOR_KEY:e_xor_key|S2[4]  ; 10      ;
; F_FUNCTION:f_block_2|E_XOR_KEY:e_xor_key|S2[1]  ; 10      ;
; F_FUNCTION:f_block_2|E_XOR_KEY:e_xor_key|S6[4]  ; 10      ;
; F_FUNCTION:f_block_2|E_XOR_KEY:e_xor_key|S3[2]  ; 10      ;
; F_FUNCTION:f_block_3|E_XOR_KEY:e_xor_key|S3[2]  ; 10      ;
; F_FUNCTION:f_block_3|E_XOR_KEY:e_xor_key|S8[4]  ; 10      ;
; F_FUNCTION:f_block_3|E_XOR_KEY:e_xor_key|S8[3]  ; 10      ;
; F_FUNCTION:f_block_3|E_XOR_KEY:e_xor_key|S6[4]  ; 10      ;
; F_FUNCTION:f_block_3|E_XOR_KEY:e_xor_key|S2[4]  ; 10      ;
; F_FUNCTION:f_block_3|E_XOR_KEY:e_xor_key|S2[2]  ; 10      ;
; F_FUNCTION:f_block_3|E_XOR_KEY:e_xor_key|S2[1]  ; 10      ;
; F_FUNCTION:f_block_3|E_XOR_KEY:e_xor_key|S7[4]  ; 10      ;
; F_FUNCTION:f_block_4|E_XOR_KEY:e_xor_key|S7[4]  ; 10      ;
; F_FUNCTION:f_block_4|E_XOR_KEY:e_xor_key|S1[3]  ; 10      ;
; F_FUNCTION:f_block_4|E_XOR_KEY:e_xor_key|S8[2]  ; 10      ;
; F_FUNCTION:f_block_4|E_XOR_KEY:e_xor_key|S8[4]  ; 10      ;
; F_FUNCTION:f_block_4|E_XOR_KEY:e_xor_key|S2[4]  ; 10      ;
; F_FUNCTION:f_block_4|E_XOR_KEY:e_xor_key|S2[1]  ; 10      ;
; F_FUNCTION:f_block_4|E_XOR_KEY:e_xor_key|S6[4]  ; 10      ;
; F_FUNCTION:f_block_4|E_XOR_KEY:e_xor_key|S3[2]  ; 10      ;
; F_FUNCTION:f_block_5|E_XOR_KEY:e_xor_key|S3[2]  ; 10      ;
; F_FUNCTION:f_block_5|E_XOR_KEY:e_xor_key|S8[4]  ; 10      ;
; F_FUNCTION:f_block_5|E_XOR_KEY:e_xor_key|S8[3]  ; 10      ;
; F_FUNCTION:f_block_5|E_XOR_KEY:e_xor_key|S6[4]  ; 10      ;
; F_FUNCTION:f_block_5|E_XOR_KEY:e_xor_key|S2[4]  ; 10      ;
; F_FUNCTION:f_block_5|E_XOR_KEY:e_xor_key|S2[2]  ; 10      ;
; F_FUNCTION:f_block_5|E_XOR_KEY:e_xor_key|S2[1]  ; 10      ;
; F_FUNCTION:f_block_5|E_XOR_KEY:e_xor_key|S7[4]  ; 10      ;
; F_FUNCTION:f_block_6|E_XOR_KEY:e_xor_key|S7[4]  ; 10      ;
; F_FUNCTION:f_block_6|E_XOR_KEY:e_xor_key|S1[3]  ; 10      ;
; F_FUNCTION:f_block_6|E_XOR_KEY:e_xor_key|S8[2]  ; 10      ;
; F_FUNCTION:f_block_6|E_XOR_KEY:e_xor_key|S8[4]  ; 10      ;
; F_FUNCTION:f_block_6|E_XOR_KEY:e_xor_key|S2[4]  ; 10      ;
; F_FUNCTION:f_block_6|E_XOR_KEY:e_xor_key|S2[1]  ; 10      ;
; F_FUNCTION:f_block_6|E_XOR_KEY:e_xor_key|S6[4]  ; 10      ;
; F_FUNCTION:f_block_6|E_XOR_KEY:e_xor_key|S3[2]  ; 10      ;
; F_FUNCTION:f_block_7|E_XOR_KEY:e_xor_key|S3[2]  ; 10      ;
; F_FUNCTION:f_block_7|E_XOR_KEY:e_xor_key|S8[4]  ; 10      ;
; F_FUNCTION:f_block_7|E_XOR_KEY:e_xor_key|S8[3]  ; 10      ;
; F_FUNCTION:f_block_7|E_XOR_KEY:e_xor_key|S6[4]  ; 10      ;
; F_FUNCTION:f_block_7|E_XOR_KEY:e_xor_key|S2[4]  ; 10      ;
; F_FUNCTION:f_block_7|E_XOR_KEY:e_xor_key|S2[2]  ; 10      ;
; F_FUNCTION:f_block_7|E_XOR_KEY:e_xor_key|S2[1]  ; 10      ;
; F_FUNCTION:f_block_7|E_XOR_KEY:e_xor_key|S7[4]  ; 10      ;
; F_FUNCTION:f_block_8|E_XOR_KEY:e_xor_key|S7[4]  ; 10      ;
; F_FUNCTION:f_block_8|E_XOR_KEY:e_xor_key|S1[3]  ; 10      ;
; F_FUNCTION:f_block_8|E_XOR_KEY:e_xor_key|S8[2]  ; 10      ;
; F_FUNCTION:f_block_8|E_XOR_KEY:e_xor_key|S8[4]  ; 10      ;
; F_FUNCTION:f_block_8|E_XOR_KEY:e_xor_key|S2[4]  ; 10      ;
; F_FUNCTION:f_block_8|E_XOR_KEY:e_xor_key|S2[1]  ; 10      ;
; F_FUNCTION:f_block_8|E_XOR_KEY:e_xor_key|S6[4]  ; 10      ;
; F_FUNCTION:f_block_8|E_XOR_KEY:e_xor_key|S3[2]  ; 10      ;
; F_FUNCTION:f_block_9|E_XOR_KEY:e_xor_key|S3[2]  ; 10      ;
; F_FUNCTION:f_block_9|E_XOR_KEY:e_xor_key|S8[4]  ; 10      ;
; F_FUNCTION:f_block_9|E_XOR_KEY:e_xor_key|S8[3]  ; 10      ;
; F_FUNCTION:f_block_9|E_XOR_KEY:e_xor_key|S6[4]  ; 10      ;
; F_FUNCTION:f_block_9|E_XOR_KEY:e_xor_key|S2[4]  ; 10      ;
; F_FUNCTION:f_block_9|E_XOR_KEY:e_xor_key|S2[2]  ; 10      ;
; F_FUNCTION:f_block_9|E_XOR_KEY:e_xor_key|S2[1]  ; 10      ;
; F_FUNCTION:f_block_9|E_XOR_KEY:e_xor_key|S7[4]  ; 10      ;
; F_FUNCTION:f_block_10|E_XOR_KEY:e_xor_key|S7[4] ; 10      ;
; F_FUNCTION:f_block_10|E_XOR_KEY:e_xor_key|S1[3] ; 10      ;
; F_FUNCTION:f_block_10|E_XOR_KEY:e_xor_key|S8[5] ; 10      ;
; F_FUNCTION:f_block_10|E_XOR_KEY:e_xor_key|S2[4] ; 10      ;
; F_FUNCTION:f_block_10|E_XOR_KEY:e_xor_key|S2[5] ; 10      ;
; F_FUNCTION:f_block_10|E_XOR_KEY:e_xor_key|S6[2] ; 10      ;
; F_FUNCTION:f_block_10|E_XOR_KEY:e_xor_key|S6[1] ; 10      ;
; F_FUNCTION:f_block_10|E_XOR_KEY:e_xor_key|S6[4] ; 10      ;
; F_FUNCTION:f_block_10|E_XOR_KEY:e_xor_key|S3[2] ; 10      ;
; F_FUNCTION:f_block_10|E_XOR_KEY:e_xor_key|S3[5] ; 10      ;
; F_FUNCTION:f_block_11|E_XOR_KEY:e_xor_key|S3[5] ; 10      ;
; F_FUNCTION:f_block_11|E_XOR_KEY:e_xor_key|S3[2] ; 10      ;
; F_FUNCTION:f_block_11|E_XOR_KEY:e_xor_key|S8[4] ; 10      ;
; F_FUNCTION:f_block_11|E_XOR_KEY:e_xor_key|S8[3] ; 10      ;
; F_FUNCTION:f_block_11|E_XOR_KEY:e_xor_key|S6[2] ; 10      ;
; F_FUNCTION:f_block_11|E_XOR_KEY:e_xor_key|S6[4] ; 10      ;
; F_FUNCTION:f_block_11|E_XOR_KEY:e_xor_key|S6[1] ; 10      ;
; F_FUNCTION:f_block_11|E_XOR_KEY:e_xor_key|S2[5] ; 10      ;
; F_FUNCTION:f_block_11|E_XOR_KEY:e_xor_key|S2[4] ; 10      ;
; F_FUNCTION:f_block_11|E_XOR_KEY:e_xor_key|S7[4] ; 10      ;
; F_FUNCTION:f_block_12|E_XOR_KEY:e_xor_key|S7[4] ; 10      ;
; F_FUNCTION:f_block_12|E_XOR_KEY:e_xor_key|S1[3] ; 10      ;
; F_FUNCTION:f_block_12|E_XOR_KEY:e_xor_key|S8[5] ; 10      ;
; F_FUNCTION:f_block_12|E_XOR_KEY:e_xor_key|S2[4] ; 10      ;
; F_FUNCTION:f_block_12|E_XOR_KEY:e_xor_key|S2[5] ; 10      ;
; F_FUNCTION:f_block_12|E_XOR_KEY:e_xor_key|S2[1] ; 10      ;
; F_FUNCTION:f_block_12|E_XOR_KEY:e_xor_key|S6[2] ; 10      ;
; F_FUNCTION:f_block_12|E_XOR_KEY:e_xor_key|S6[1] ; 10      ;
; F_FUNCTION:f_block_12|E_XOR_KEY:e_xor_key|S6[4] ; 10      ;
; F_FUNCTION:f_block_12|E_XOR_KEY:e_xor_key|S3[2] ; 10      ;
; F_FUNCTION:f_block_12|E_XOR_KEY:e_xor_key|S3[5] ; 10      ;
; F_FUNCTION:f_block_13|E_XOR_KEY:e_xor_key|S3[2] ; 10      ;
; F_FUNCTION:f_block_13|E_XOR_KEY:e_xor_key|S3[5] ; 10      ;
; F_FUNCTION:f_block_13|E_XOR_KEY:e_xor_key|S2[5] ; 10      ;
; F_FUNCTION:f_block_13|E_XOR_KEY:e_xor_key|S2[4] ; 10      ;
; F_FUNCTION:f_block_13|E_XOR_KEY:e_xor_key|S7[4] ; 10      ;
; F_FUNCTION:f_block_13|E_XOR_KEY:e_xor_key|S8[4] ; 10      ;
; F_FUNCTION:f_block_13|E_XOR_KEY:e_xor_key|S8[3] ; 10      ;
; F_FUNCTION:f_block_13|E_XOR_KEY:e_xor_key|S6[2] ; 10      ;
; F_FUNCTION:f_block_13|E_XOR_KEY:e_xor_key|S6[1] ; 10      ;
; F_FUNCTION:f_block_13|E_XOR_KEY:e_xor_key|S6[4] ; 10      ;
; F_FUNCTION:f_block_14|E_XOR_KEY:e_xor_key|S8[5] ; 10      ;
; F_FUNCTION:f_block_14|E_XOR_KEY:e_xor_key|S3[2] ; 10      ;
; F_FUNCTION:f_block_14|E_XOR_KEY:e_xor_key|S3[5] ; 10      ;
; F_FUNCTION:f_block_14|E_XOR_KEY:e_xor_key|S6[2] ; 10      ;
; F_FUNCTION:f_block_14|E_XOR_KEY:e_xor_key|S6[4] ; 10      ;
; F_FUNCTION:f_block_14|E_XOR_KEY:e_xor_key|S6[1] ; 10      ;
; F_FUNCTION:f_block_14|E_XOR_KEY:e_xor_key|S2[5] ; 10      ;
; F_FUNCTION:f_block_14|E_XOR_KEY:e_xor_key|S2[4] ; 10      ;
; F_FUNCTION:f_block_14|E_XOR_KEY:e_xor_key|S2[1] ; 10      ;
; F_FUNCTION:f_block_14|E_XOR_KEY:e_xor_key|S7[4] ; 10      ;
; F_FUNCTION:f_block_14|E_XOR_KEY:e_xor_key|S1[3] ; 10      ;
; F_FUNCTION:f_block_15|E_XOR_KEY:e_xor_key|S7[4] ; 10      ;
; F_FUNCTION:f_block_15|E_XOR_KEY:e_xor_key|S2[4] ; 10      ;
; F_FUNCTION:f_block_15|E_XOR_KEY:e_xor_key|S2[5] ; 10      ;
; F_FUNCTION:f_block_15|E_XOR_KEY:e_xor_key|S8[4] ; 10      ;
; F_FUNCTION:f_block_15|E_XOR_KEY:e_xor_key|S8[3] ; 10      ;
; F_FUNCTION:f_block_15|E_XOR_KEY:e_xor_key|S6[2] ; 10      ;
; F_FUNCTION:f_block_15|E_XOR_KEY:e_xor_key|S6[1] ; 10      ;
; F_FUNCTION:f_block_15|E_XOR_KEY:e_xor_key|S6[4] ; 10      ;
; F_FUNCTION:f_block_15|E_XOR_KEY:e_xor_key|S3[2] ; 10      ;
; F_FUNCTION:f_block_15|E_XOR_KEY:e_xor_key|S3[5] ; 10      ;
; F_FUNCTION:f_block_16|E_XOR_KEY:e_xor_key|S3[5] ; 10      ;
; F_FUNCTION:f_block_16|E_XOR_KEY:e_xor_key|S3[2] ; 10      ;
; F_FUNCTION:f_block_16|E_XOR_KEY:e_xor_key|S7[4] ; 10      ;
; F_FUNCTION:f_block_16|E_XOR_KEY:e_xor_key|S6[2] ; 10      ;
; F_FUNCTION:f_block_16|E_XOR_KEY:e_xor_key|S6[1] ; 10      ;
; F_FUNCTION:f_block_16|E_XOR_KEY:e_xor_key|S6[4] ; 10      ;
; F_FUNCTION:f_block_16|E_XOR_KEY:e_xor_key|S8[4] ; 10      ;
; F_FUNCTION:f_block_16|E_XOR_KEY:e_xor_key|S8[3] ; 10      ;
; F_FUNCTION:f_block_16|E_XOR_KEY:e_xor_key|S2[4] ; 10      ;
; F_FUNCTION:f_block_16|E_XOR_KEY:e_xor_key|S2[5] ; 10      ;
; F_FUNCTION:f_block_1|E_XOR_KEY:e_xor_key|S3[3]  ; 9       ;
; F_FUNCTION:f_block_1|E_XOR_KEY:e_xor_key|S3[1]  ; 9       ;
; F_FUNCTION:f_block_1|E_XOR_KEY:e_xor_key|S8[5]  ; 9       ;
; F_FUNCTION:f_block_1|E_XOR_KEY:e_xor_key|S7[5]  ; 9       ;
; F_FUNCTION:f_block_1|E_XOR_KEY:e_xor_key|S1[3]  ; 9       ;
; F_FUNCTION:f_block_2|E_XOR_KEY:e_xor_key|S7[5]  ; 9       ;
; F_FUNCTION:f_block_2|E_XOR_KEY:e_xor_key|S8[5]  ; 9       ;
; F_FUNCTION:f_block_2|E_XOR_KEY:e_xor_key|S2[2]  ; 9       ;
; F_FUNCTION:f_block_2|E_XOR_KEY:e_xor_key|S3[3]  ; 9       ;
; F_FUNCTION:f_block_2|E_XOR_KEY:e_xor_key|S3[1]  ; 9       ;
; F_FUNCTION:f_block_3|E_XOR_KEY:e_xor_key|S3[3]  ; 9       ;
; F_FUNCTION:f_block_3|E_XOR_KEY:e_xor_key|S3[1]  ; 9       ;
; F_FUNCTION:f_block_3|E_XOR_KEY:e_xor_key|S8[5]  ; 9       ;
; F_FUNCTION:f_block_3|E_XOR_KEY:e_xor_key|S7[5]  ; 9       ;
; F_FUNCTION:f_block_3|E_XOR_KEY:e_xor_key|S1[3]  ; 9       ;
; F_FUNCTION:f_block_4|E_XOR_KEY:e_xor_key|S7[5]  ; 9       ;
; F_FUNCTION:f_block_4|E_XOR_KEY:e_xor_key|S8[5]  ; 9       ;
; F_FUNCTION:f_block_4|E_XOR_KEY:e_xor_key|S2[2]  ; 9       ;
; F_FUNCTION:f_block_4|E_XOR_KEY:e_xor_key|S3[3]  ; 9       ;
; F_FUNCTION:f_block_4|E_XOR_KEY:e_xor_key|S3[1]  ; 9       ;
; F_FUNCTION:f_block_5|E_XOR_KEY:e_xor_key|S3[3]  ; 9       ;
; F_FUNCTION:f_block_5|E_XOR_KEY:e_xor_key|S3[1]  ; 9       ;
; F_FUNCTION:f_block_5|E_XOR_KEY:e_xor_key|S8[5]  ; 9       ;
; F_FUNCTION:f_block_5|E_XOR_KEY:e_xor_key|S7[5]  ; 9       ;
; F_FUNCTION:f_block_5|E_XOR_KEY:e_xor_key|S1[3]  ; 9       ;
; F_FUNCTION:f_block_6|E_XOR_KEY:e_xor_key|S7[5]  ; 9       ;
; F_FUNCTION:f_block_6|E_XOR_KEY:e_xor_key|S8[5]  ; 9       ;
; F_FUNCTION:f_block_6|E_XOR_KEY:e_xor_key|S2[2]  ; 9       ;
; F_FUNCTION:f_block_6|E_XOR_KEY:e_xor_key|S3[3]  ; 9       ;
; F_FUNCTION:f_block_6|E_XOR_KEY:e_xor_key|S3[1]  ; 9       ;
; F_FUNCTION:f_block_7|E_XOR_KEY:e_xor_key|S3[3]  ; 9       ;
; F_FUNCTION:f_block_7|E_XOR_KEY:e_xor_key|S3[1]  ; 9       ;
; F_FUNCTION:f_block_7|E_XOR_KEY:e_xor_key|S8[5]  ; 9       ;
; F_FUNCTION:f_block_7|E_XOR_KEY:e_xor_key|S7[5]  ; 9       ;
; F_FUNCTION:f_block_7|E_XOR_KEY:e_xor_key|S1[3]  ; 9       ;
; F_FUNCTION:f_block_8|E_XOR_KEY:e_xor_key|S7[5]  ; 9       ;
; F_FUNCTION:f_block_8|E_XOR_KEY:e_xor_key|S8[5]  ; 9       ;
; F_FUNCTION:f_block_8|E_XOR_KEY:e_xor_key|S2[2]  ; 9       ;
; F_FUNCTION:f_block_8|E_XOR_KEY:e_xor_key|S3[3]  ; 9       ;
; F_FUNCTION:f_block_8|E_XOR_KEY:e_xor_key|S3[1]  ; 9       ;
; F_FUNCTION:f_block_9|E_XOR_KEY:e_xor_key|S3[3]  ; 9       ;
; F_FUNCTION:f_block_9|E_XOR_KEY:e_xor_key|S3[1]  ; 9       ;
; F_FUNCTION:f_block_9|E_XOR_KEY:e_xor_key|S8[5]  ; 9       ;
; F_FUNCTION:f_block_9|E_XOR_KEY:e_xor_key|S7[5]  ; 9       ;
; F_FUNCTION:f_block_9|E_XOR_KEY:e_xor_key|S1[3]  ; 9       ;
; F_FUNCTION:f_block_10|E_XOR_KEY:e_xor_key|S7[5] ; 9       ;
; F_FUNCTION:f_block_10|E_XOR_KEY:e_xor_key|S8[1] ; 9       ;
; F_FUNCTION:f_block_10|E_XOR_KEY:e_xor_key|S2[0] ; 9       ;
; F_FUNCTION:f_block_10|E_XOR_KEY:e_xor_key|S2[3] ; 9       ;
; F_FUNCTION:f_block_10|E_XOR_KEY:e_xor_key|S3[1] ; 9       ;
; F_FUNCTION:f_block_11|E_XOR_KEY:e_xor_key|S3[1] ; 9       ;
; F_FUNCTION:f_block_11|E_XOR_KEY:e_xor_key|S8[5] ; 9       ;
; F_FUNCTION:f_block_11|E_XOR_KEY:e_xor_key|S2[3] ; 9       ;
; F_FUNCTION:f_block_11|E_XOR_KEY:e_xor_key|S2[2] ; 9       ;
; F_FUNCTION:f_block_11|E_XOR_KEY:e_xor_key|S7[5] ; 9       ;
; F_FUNCTION:f_block_11|E_XOR_KEY:e_xor_key|S1[3] ; 9       ;
; F_FUNCTION:f_block_12|E_XOR_KEY:e_xor_key|S7[5] ; 9       ;
; F_FUNCTION:f_block_12|E_XOR_KEY:e_xor_key|S8[1] ; 9       ;
; F_FUNCTION:f_block_12|E_XOR_KEY:e_xor_key|S3[1] ; 9       ;
; F_FUNCTION:f_block_13|E_XOR_KEY:e_xor_key|S1[3] ; 9       ;
; F_FUNCTION:f_block_13|E_XOR_KEY:e_xor_key|S3[1] ; 9       ;
; F_FUNCTION:f_block_13|E_XOR_KEY:e_xor_key|S2[3] ; 9       ;
; F_FUNCTION:f_block_13|E_XOR_KEY:e_xor_key|S2[2] ; 9       ;
; F_FUNCTION:f_block_13|E_XOR_KEY:e_xor_key|S7[5] ; 9       ;
; F_FUNCTION:f_block_13|E_XOR_KEY:e_xor_key|S8[5] ; 9       ;
; F_FUNCTION:f_block_14|E_XOR_KEY:e_xor_key|S8[1] ; 9       ;
; F_FUNCTION:f_block_14|E_XOR_KEY:e_xor_key|S3[1] ; 9       ;
; F_FUNCTION:f_block_14|E_XOR_KEY:e_xor_key|S7[5] ; 9       ;
; F_FUNCTION:f_block_15|E_XOR_KEY:e_xor_key|S7[5] ; 9       ;
; F_FUNCTION:f_block_15|E_XOR_KEY:e_xor_key|S2[2] ; 9       ;
; F_FUNCTION:f_block_15|E_XOR_KEY:e_xor_key|S2[3] ; 9       ;
; F_FUNCTION:f_block_15|E_XOR_KEY:e_xor_key|S1[3] ; 9       ;
; F_FUNCTION:f_block_15|E_XOR_KEY:e_xor_key|S8[5] ; 9       ;
; F_FUNCTION:f_block_15|E_XOR_KEY:e_xor_key|S3[1] ; 9       ;
; F_FUNCTION:f_block_16|E_XOR_KEY:e_xor_key|S3[1] ; 9       ;
; F_FUNCTION:f_block_16|E_XOR_KEY:e_xor_key|S7[5] ; 9       ;
; F_FUNCTION:f_block_16|E_XOR_KEY:e_xor_key|S8[5] ; 9       ;
; F_FUNCTION:f_block_16|E_XOR_KEY:e_xor_key|S2[2] ; 9       ;
; F_FUNCTION:f_block_16|E_XOR_KEY:e_xor_key|S2[3] ; 9       ;
; F_FUNCTION:f_block_16|E_XOR_KEY:e_xor_key|S1[3] ; 9       ;
; F_FUNCTION:f_block_1|E_XOR_KEY:e_xor_key|S3[4]  ; 8       ;
; F_FUNCTION:f_block_1|E_XOR_KEY:e_xor_key|S8[0]  ; 8       ;
; F_FUNCTION:f_block_1|E_XOR_KEY:e_xor_key|S8[1]  ; 8       ;
; F_FUNCTION:f_block_1|E_XOR_KEY:e_xor_key|S6[2]  ; 8       ;
; F_FUNCTION:f_block_1|E_XOR_KEY:e_xor_key|S4[3]  ; 8       ;
; F_FUNCTION:f_block_1|E_XOR_KEY:e_xor_key|S4[5]  ; 8       ;
; F_FUNCTION:f_block_1|E_XOR_KEY:e_xor_key|S4[1]  ; 8       ;
; F_FUNCTION:f_block_1|E_XOR_KEY:e_xor_key|S7[1]  ; 8       ;
; F_FUNCTION:f_block_2|E_XOR_KEY:e_xor_key|S7[1]  ; 8       ;
; F_FUNCTION:f_block_2|E_XOR_KEY:e_xor_key|S4[3]  ; 8       ;
; F_FUNCTION:f_block_2|E_XOR_KEY:e_xor_key|S4[5]  ; 8       ;
; F_FUNCTION:f_block_2|E_XOR_KEY:e_xor_key|S4[1]  ; 8       ;
; F_FUNCTION:f_block_2|E_XOR_KEY:e_xor_key|S8[0]  ; 8       ;
; F_FUNCTION:f_block_2|E_XOR_KEY:e_xor_key|S8[1]  ; 8       ;
; F_FUNCTION:f_block_2|E_XOR_KEY:e_xor_key|S2[0]  ; 8       ;
; F_FUNCTION:f_block_2|E_XOR_KEY:e_xor_key|S6[2]  ; 8       ;
; F_FUNCTION:f_block_2|E_XOR_KEY:e_xor_key|S3[4]  ; 8       ;
; F_FUNCTION:f_block_3|E_XOR_KEY:e_xor_key|S3[4]  ; 8       ;
; F_FUNCTION:f_block_3|E_XOR_KEY:e_xor_key|S8[0]  ; 8       ;
; F_FUNCTION:f_block_3|E_XOR_KEY:e_xor_key|S8[1]  ; 8       ;
; F_FUNCTION:f_block_3|E_XOR_KEY:e_xor_key|S6[2]  ; 8       ;
; F_FUNCTION:f_block_3|E_XOR_KEY:e_xor_key|S4[3]  ; 8       ;
; F_FUNCTION:f_block_3|E_XOR_KEY:e_xor_key|S4[5]  ; 8       ;
; F_FUNCTION:f_block_3|E_XOR_KEY:e_xor_key|S4[1]  ; 8       ;
; F_FUNCTION:f_block_3|E_XOR_KEY:e_xor_key|S7[1]  ; 8       ;
; F_FUNCTION:f_block_4|E_XOR_KEY:e_xor_key|S7[1]  ; 8       ;
; F_FUNCTION:f_block_4|E_XOR_KEY:e_xor_key|S4[3]  ; 8       ;
; F_FUNCTION:f_block_4|E_XOR_KEY:e_xor_key|S4[5]  ; 8       ;
; F_FUNCTION:f_block_4|E_XOR_KEY:e_xor_key|S4[1]  ; 8       ;
; F_FUNCTION:f_block_4|E_XOR_KEY:e_xor_key|S8[0]  ; 8       ;
; F_FUNCTION:f_block_4|E_XOR_KEY:e_xor_key|S8[1]  ; 8       ;
; F_FUNCTION:f_block_4|E_XOR_KEY:e_xor_key|S2[0]  ; 8       ;
; F_FUNCTION:f_block_4|E_XOR_KEY:e_xor_key|S6[2]  ; 8       ;
; F_FUNCTION:f_block_4|E_XOR_KEY:e_xor_key|S3[4]  ; 8       ;
; F_FUNCTION:f_block_5|E_XOR_KEY:e_xor_key|S3[4]  ; 8       ;
; F_FUNCTION:f_block_5|E_XOR_KEY:e_xor_key|S8[0]  ; 8       ;
; F_FUNCTION:f_block_5|E_XOR_KEY:e_xor_key|S8[1]  ; 8       ;
; F_FUNCTION:f_block_5|E_XOR_KEY:e_xor_key|S6[2]  ; 8       ;
; F_FUNCTION:f_block_5|E_XOR_KEY:e_xor_key|S4[3]  ; 8       ;
; F_FUNCTION:f_block_5|E_XOR_KEY:e_xor_key|S4[5]  ; 8       ;
; F_FUNCTION:f_block_5|E_XOR_KEY:e_xor_key|S4[1]  ; 8       ;
; F_FUNCTION:f_block_5|E_XOR_KEY:e_xor_key|S7[1]  ; 8       ;
; F_FUNCTION:f_block_6|E_XOR_KEY:e_xor_key|S7[1]  ; 8       ;
; F_FUNCTION:f_block_6|E_XOR_KEY:e_xor_key|S4[3]  ; 8       ;
; F_FUNCTION:f_block_6|E_XOR_KEY:e_xor_key|S4[5]  ; 8       ;
; F_FUNCTION:f_block_6|E_XOR_KEY:e_xor_key|S4[1]  ; 8       ;
; F_FUNCTION:f_block_6|E_XOR_KEY:e_xor_key|S8[0]  ; 8       ;
; F_FUNCTION:f_block_6|E_XOR_KEY:e_xor_key|S8[1]  ; 8       ;
; F_FUNCTION:f_block_6|E_XOR_KEY:e_xor_key|S2[0]  ; 8       ;
; F_FUNCTION:f_block_6|E_XOR_KEY:e_xor_key|S6[2]  ; 8       ;
; F_FUNCTION:f_block_6|E_XOR_KEY:e_xor_key|S3[4]  ; 8       ;
; F_FUNCTION:f_block_7|E_XOR_KEY:e_xor_key|S3[4]  ; 8       ;
; F_FUNCTION:f_block_7|E_XOR_KEY:e_xor_key|S8[0]  ; 8       ;
; F_FUNCTION:f_block_7|E_XOR_KEY:e_xor_key|S8[1]  ; 8       ;
; F_FUNCTION:f_block_7|E_XOR_KEY:e_xor_key|S6[2]  ; 8       ;
; F_FUNCTION:f_block_7|E_XOR_KEY:e_xor_key|S4[3]  ; 8       ;
; F_FUNCTION:f_block_7|E_XOR_KEY:e_xor_key|S4[5]  ; 8       ;
; F_FUNCTION:f_block_7|E_XOR_KEY:e_xor_key|S4[1]  ; 8       ;
; F_FUNCTION:f_block_7|E_XOR_KEY:e_xor_key|S7[1]  ; 8       ;
; F_FUNCTION:f_block_8|E_XOR_KEY:e_xor_key|S7[1]  ; 8       ;
; F_FUNCTION:f_block_8|E_XOR_KEY:e_xor_key|S4[3]  ; 8       ;
; F_FUNCTION:f_block_8|E_XOR_KEY:e_xor_key|S4[5]  ; 8       ;
; F_FUNCTION:f_block_8|E_XOR_KEY:e_xor_key|S4[1]  ; 8       ;
; F_FUNCTION:f_block_8|E_XOR_KEY:e_xor_key|S8[0]  ; 8       ;
; F_FUNCTION:f_block_8|E_XOR_KEY:e_xor_key|S8[1]  ; 8       ;
; F_FUNCTION:f_block_8|E_XOR_KEY:e_xor_key|S2[0]  ; 8       ;
; F_FUNCTION:f_block_8|E_XOR_KEY:e_xor_key|S6[2]  ; 8       ;
; F_FUNCTION:f_block_8|E_XOR_KEY:e_xor_key|S3[4]  ; 8       ;
; F_FUNCTION:f_block_9|E_XOR_KEY:e_xor_key|S3[4]  ; 8       ;
; F_FUNCTION:f_block_9|E_XOR_KEY:e_xor_key|S8[0]  ; 8       ;
; F_FUNCTION:f_block_9|E_XOR_KEY:e_xor_key|S8[1]  ; 8       ;
; F_FUNCTION:f_block_9|E_XOR_KEY:e_xor_key|S6[2]  ; 8       ;
; F_FUNCTION:f_block_9|E_XOR_KEY:e_xor_key|S4[3]  ; 8       ;
; F_FUNCTION:f_block_9|E_XOR_KEY:e_xor_key|S4[5]  ; 8       ;
; F_FUNCTION:f_block_9|E_XOR_KEY:e_xor_key|S4[1]  ; 8       ;
; F_FUNCTION:f_block_9|E_XOR_KEY:e_xor_key|S7[1]  ; 8       ;
; F_FUNCTION:f_block_10|E_XOR_KEY:e_xor_key|S7[1] ; 8       ;
; F_FUNCTION:f_block_10|E_XOR_KEY:e_xor_key|S4[3] ; 8       ;
; F_FUNCTION:f_block_10|E_XOR_KEY:e_xor_key|S4[5] ; 8       ;
; F_FUNCTION:f_block_10|E_XOR_KEY:e_xor_key|S4[1] ; 8       ;
; F_FUNCTION:f_block_10|E_XOR_KEY:e_xor_key|S8[2] ; 8       ;
; F_FUNCTION:f_block_10|E_XOR_KEY:e_xor_key|S8[0] ; 8       ;
; F_FUNCTION:f_block_10|E_XOR_KEY:e_xor_key|S2[2] ; 8       ;
; F_FUNCTION:f_block_10|E_XOR_KEY:e_xor_key|S6[3] ; 8       ;
; F_FUNCTION:f_block_10|E_XOR_KEY:e_xor_key|S3[3] ; 8       ;
; F_FUNCTION:f_block_10|E_XOR_KEY:e_xor_key|S3[4] ; 8       ;
; F_FUNCTION:f_block_11|E_XOR_KEY:e_xor_key|S3[3] ; 8       ;
; F_FUNCTION:f_block_11|E_XOR_KEY:e_xor_key|S3[4] ; 8       ;
; F_FUNCTION:f_block_11|E_XOR_KEY:e_xor_key|S8[0] ; 8       ;
; F_FUNCTION:f_block_11|E_XOR_KEY:e_xor_key|S8[1] ; 8       ;
; F_FUNCTION:f_block_11|E_XOR_KEY:e_xor_key|S6[3] ; 8       ;
; F_FUNCTION:f_block_11|E_XOR_KEY:e_xor_key|S4[3] ; 8       ;
; F_FUNCTION:f_block_11|E_XOR_KEY:e_xor_key|S4[5] ; 8       ;
; F_FUNCTION:f_block_11|E_XOR_KEY:e_xor_key|S4[1] ; 8       ;
; F_FUNCTION:f_block_11|E_XOR_KEY:e_xor_key|S2[0] ; 8       ;
; F_FUNCTION:f_block_11|E_XOR_KEY:e_xor_key|S7[1] ; 8       ;
; F_FUNCTION:f_block_11|E_XOR_KEY:e_xor_key|S1[4] ; 8       ;
; F_FUNCTION:f_block_12|E_XOR_KEY:e_xor_key|S7[1] ; 8       ;
; F_FUNCTION:f_block_12|E_XOR_KEY:e_xor_key|S4[3] ; 8       ;
; F_FUNCTION:f_block_12|E_XOR_KEY:e_xor_key|S4[5] ; 8       ;
; F_FUNCTION:f_block_12|E_XOR_KEY:e_xor_key|S4[1] ; 8       ;
; F_FUNCTION:f_block_12|E_XOR_KEY:e_xor_key|S8[2] ; 8       ;
; F_FUNCTION:f_block_12|E_XOR_KEY:e_xor_key|S8[0] ; 8       ;
; F_FUNCTION:f_block_12|E_XOR_KEY:e_xor_key|S2[2] ; 8       ;
; F_FUNCTION:f_block_12|E_XOR_KEY:e_xor_key|S2[3] ; 8       ;
; F_FUNCTION:f_block_12|E_XOR_KEY:e_xor_key|S2[0] ; 8       ;
; F_FUNCTION:f_block_12|E_XOR_KEY:e_xor_key|S6[3] ; 8       ;
; F_FUNCTION:f_block_12|E_XOR_KEY:e_xor_key|S3[3] ; 8       ;
; F_FUNCTION:f_block_12|E_XOR_KEY:e_xor_key|S3[4] ; 8       ;
; F_FUNCTION:f_block_13|E_XOR_KEY:e_xor_key|S1[4] ; 8       ;
; F_FUNCTION:f_block_13|E_XOR_KEY:e_xor_key|S3[3] ; 8       ;
; F_FUNCTION:f_block_13|E_XOR_KEY:e_xor_key|S3[4] ; 8       ;
; F_FUNCTION:f_block_13|E_XOR_KEY:e_xor_key|S2[0] ; 8       ;
; F_FUNCTION:f_block_13|E_XOR_KEY:e_xor_key|S4[1] ; 8       ;
; F_FUNCTION:f_block_13|E_XOR_KEY:e_xor_key|S4[5] ; 8       ;
; F_FUNCTION:f_block_13|E_XOR_KEY:e_xor_key|S4[3] ; 8       ;
; F_FUNCTION:f_block_13|E_XOR_KEY:e_xor_key|S7[1] ; 8       ;
; F_FUNCTION:f_block_13|E_XOR_KEY:e_xor_key|S8[0] ; 8       ;
; F_FUNCTION:f_block_13|E_XOR_KEY:e_xor_key|S8[1] ; 8       ;
; F_FUNCTION:f_block_13|E_XOR_KEY:e_xor_key|S6[3] ; 8       ;
; F_FUNCTION:f_block_14|E_XOR_KEY:e_xor_key|S8[0] ; 8       ;
; F_FUNCTION:f_block_14|E_XOR_KEY:e_xor_key|S8[2] ; 8       ;
; F_FUNCTION:f_block_14|E_XOR_KEY:e_xor_key|S3[3] ; 8       ;
; F_FUNCTION:f_block_14|E_XOR_KEY:e_xor_key|S3[4] ; 8       ;
; F_FUNCTION:f_block_14|E_XOR_KEY:e_xor_key|S6[3] ; 8       ;
; F_FUNCTION:f_block_14|E_XOR_KEY:e_xor_key|S4[3] ; 8       ;
; F_FUNCTION:f_block_14|E_XOR_KEY:e_xor_key|S4[5] ; 8       ;
; F_FUNCTION:f_block_14|E_XOR_KEY:e_xor_key|S4[1] ; 8       ;
; F_FUNCTION:f_block_14|E_XOR_KEY:e_xor_key|S2[3] ; 8       ;
; F_FUNCTION:f_block_14|E_XOR_KEY:e_xor_key|S2[2] ; 8       ;
; F_FUNCTION:f_block_14|E_XOR_KEY:e_xor_key|S2[0] ; 8       ;
; F_FUNCTION:f_block_14|E_XOR_KEY:e_xor_key|S7[1] ; 8       ;
; F_FUNCTION:f_block_15|E_XOR_KEY:e_xor_key|S7[1] ; 8       ;
; F_FUNCTION:f_block_15|E_XOR_KEY:e_xor_key|S2[0] ; 8       ;
; F_FUNCTION:f_block_15|E_XOR_KEY:e_xor_key|S1[4] ; 8       ;
; F_FUNCTION:f_block_15|E_XOR_KEY:e_xor_key|S8[0] ; 8       ;
; F_FUNCTION:f_block_15|E_XOR_KEY:e_xor_key|S8[1] ; 8       ;
; F_FUNCTION:f_block_15|E_XOR_KEY:e_xor_key|S6[3] ; 8       ;
; F_FUNCTION:f_block_15|E_XOR_KEY:e_xor_key|S4[3] ; 8       ;
; F_FUNCTION:f_block_15|E_XOR_KEY:e_xor_key|S4[5] ; 8       ;
; F_FUNCTION:f_block_15|E_XOR_KEY:e_xor_key|S4[1] ; 8       ;
; F_FUNCTION:f_block_15|E_XOR_KEY:e_xor_key|S3[3] ; 8       ;
; F_FUNCTION:f_block_15|E_XOR_KEY:e_xor_key|S3[4] ; 8       ;
; F_FUNCTION:f_block_16|E_XOR_KEY:e_xor_key|S3[4] ; 8       ;
; F_FUNCTION:f_block_16|E_XOR_KEY:e_xor_key|S3[3] ; 8       ;
; F_FUNCTION:f_block_16|E_XOR_KEY:e_xor_key|S7[1] ; 8       ;
; F_FUNCTION:f_block_16|E_XOR_KEY:e_xor_key|S6[3] ; 8       ;
; F_FUNCTION:f_block_16|E_XOR_KEY:e_xor_key|S8[1] ; 8       ;
; F_FUNCTION:f_block_16|E_XOR_KEY:e_xor_key|S8[0] ; 8       ;
; F_FUNCTION:f_block_16|E_XOR_KEY:e_xor_key|S2[0] ; 8       ;
; F_FUNCTION:f_block_16|E_XOR_KEY:e_xor_key|S4[1] ; 8       ;
; F_FUNCTION:f_block_16|E_XOR_KEY:e_xor_key|S4[5] ; 8       ;
; F_FUNCTION:f_block_16|E_XOR_KEY:e_xor_key|S4[3] ; 8       ;
; F_FUNCTION:f_block_16|E_XOR_KEY:e_xor_key|S1[4] ; 8       ;
; F_FUNCTION:f_block_1|E_XOR_KEY:e_xor_key|S6[3]  ; 7       ;
; F_FUNCTION:f_block_1|E_XOR_KEY:e_xor_key|S2[0]  ; 7       ;
; F_FUNCTION:f_block_1|E_XOR_KEY:e_xor_key|S7[2]  ; 7       ;
; F_FUNCTION:f_block_1|E_XOR_KEY:e_xor_key|S1[4]  ; 7       ;
; F_FUNCTION:f_block_1|E_XOR_KEY:e_xor_key|S5[1]  ; 7       ;
; F_FUNCTION:f_block_2|E_XOR_KEY:e_xor_key|S7[2]  ; 7       ;
; F_FUNCTION:f_block_2|E_XOR_KEY:e_xor_key|S5[1]  ; 7       ;
; F_FUNCTION:f_block_2|E_XOR_KEY:e_xor_key|S6[3]  ; 7       ;
; F_FUNCTION:f_block_3|E_XOR_KEY:e_xor_key|S6[3]  ; 7       ;
; F_FUNCTION:f_block_3|E_XOR_KEY:e_xor_key|S2[0]  ; 7       ;
; F_FUNCTION:f_block_3|E_XOR_KEY:e_xor_key|S7[2]  ; 7       ;
; F_FUNCTION:f_block_3|E_XOR_KEY:e_xor_key|S1[4]  ; 7       ;
; F_FUNCTION:f_block_3|E_XOR_KEY:e_xor_key|S5[1]  ; 7       ;
; F_FUNCTION:f_block_4|E_XOR_KEY:e_xor_key|S7[2]  ; 7       ;
; F_FUNCTION:f_block_4|E_XOR_KEY:e_xor_key|S5[1]  ; 7       ;
; F_FUNCTION:f_block_4|E_XOR_KEY:e_xor_key|S6[3]  ; 7       ;
; F_FUNCTION:f_block_5|E_XOR_KEY:e_xor_key|S6[3]  ; 7       ;
; F_FUNCTION:f_block_5|E_XOR_KEY:e_xor_key|S2[0]  ; 7       ;
; F_FUNCTION:f_block_5|E_XOR_KEY:e_xor_key|S7[2]  ; 7       ;
; F_FUNCTION:f_block_5|E_XOR_KEY:e_xor_key|S1[4]  ; 7       ;
; F_FUNCTION:f_block_5|E_XOR_KEY:e_xor_key|S5[1]  ; 7       ;
; F_FUNCTION:f_block_6|E_XOR_KEY:e_xor_key|S7[2]  ; 7       ;
; F_FUNCTION:f_block_6|E_XOR_KEY:e_xor_key|S5[1]  ; 7       ;
; F_FUNCTION:f_block_6|E_XOR_KEY:e_xor_key|S6[3]  ; 7       ;
; F_FUNCTION:f_block_7|E_XOR_KEY:e_xor_key|S6[3]  ; 7       ;
; F_FUNCTION:f_block_7|E_XOR_KEY:e_xor_key|S2[0]  ; 7       ;
; F_FUNCTION:f_block_7|E_XOR_KEY:e_xor_key|S7[2]  ; 7       ;
; F_FUNCTION:f_block_7|E_XOR_KEY:e_xor_key|S1[4]  ; 7       ;
; F_FUNCTION:f_block_7|E_XOR_KEY:e_xor_key|S5[1]  ; 7       ;
; F_FUNCTION:f_block_8|E_XOR_KEY:e_xor_key|S7[2]  ; 7       ;
; F_FUNCTION:f_block_8|E_XOR_KEY:e_xor_key|S5[1]  ; 7       ;
; F_FUNCTION:f_block_8|E_XOR_KEY:e_xor_key|S6[3]  ; 7       ;
; F_FUNCTION:f_block_9|E_XOR_KEY:e_xor_key|S6[3]  ; 7       ;
; F_FUNCTION:f_block_9|E_XOR_KEY:e_xor_key|S2[0]  ; 7       ;
; F_FUNCTION:f_block_9|E_XOR_KEY:e_xor_key|S7[2]  ; 7       ;
; F_FUNCTION:f_block_9|E_XOR_KEY:e_xor_key|S1[4]  ; 7       ;
; F_FUNCTION:f_block_9|E_XOR_KEY:e_xor_key|S5[1]  ; 7       ;
; F_FUNCTION:f_block_10|E_XOR_KEY:e_xor_key|S7[2] ; 7       ;
; F_FUNCTION:f_block_10|E_XOR_KEY:e_xor_key|S5[1] ; 7       ;
; F_FUNCTION:f_block_11|E_XOR_KEY:e_xor_key|S7[2] ; 7       ;
; F_FUNCTION:f_block_11|E_XOR_KEY:e_xor_key|S5[1] ; 7       ;
; F_FUNCTION:f_block_12|E_XOR_KEY:e_xor_key|S7[2] ; 7       ;
; F_FUNCTION:f_block_12|E_XOR_KEY:e_xor_key|S5[1] ; 7       ;
; F_FUNCTION:f_block_13|E_XOR_KEY:e_xor_key|S7[2] ; 7       ;
; F_FUNCTION:f_block_13|E_XOR_KEY:e_xor_key|S5[1] ; 7       ;
; F_FUNCTION:f_block_14|E_XOR_KEY:e_xor_key|S5[1] ; 7       ;
; F_FUNCTION:f_block_14|E_XOR_KEY:e_xor_key|S7[2] ; 7       ;
; F_FUNCTION:f_block_15|E_XOR_KEY:e_xor_key|S7[2] ; 7       ;
; F_FUNCTION:f_block_15|E_XOR_KEY:e_xor_key|S5[1] ; 7       ;
; F_FUNCTION:f_block_16|E_XOR_KEY:e_xor_key|S7[2] ; 7       ;
; F_FUNCTION:f_block_16|E_XOR_KEY:e_xor_key|S5[1] ; 7       ;
; F_FUNCTION:f_block_2|E_XOR_KEY:e_xor_key|S1[4]  ; 6       ;
; F_FUNCTION:f_block_4|E_XOR_KEY:e_xor_key|S1[4]  ; 6       ;
; F_FUNCTION:f_block_6|E_XOR_KEY:e_xor_key|S1[4]  ; 6       ;
; F_FUNCTION:f_block_8|E_XOR_KEY:e_xor_key|S1[4]  ; 6       ;
; F_FUNCTION:f_block_10|E_XOR_KEY:e_xor_key|S1[4] ; 6       ;
; F_FUNCTION:f_block_12|E_XOR_KEY:e_xor_key|S1[4] ; 6       ;
; F_FUNCTION:f_block_14|E_XOR_KEY:e_xor_key|S1[4] ; 6       ;
; R_reg[0][24]                                    ; 4       ;
; R_reg[0][8]                                     ; 4       ;
; R_reg[0][31]                                    ; 4       ;
; R_reg[0][0]                                     ; 4       ;
; R_reg[1][31]                                    ; 4       ;
; R_reg[1][0]                                     ; 4       ;
; R_reg[1][8]                                     ; 4       ;
; R_reg[1][24]                                    ; 4       ;
; R_reg[2][24]                                    ; 4       ;
; R_reg[2][8]                                     ; 4       ;
; R_reg[2][31]                                    ; 4       ;
; R_reg[2][0]                                     ; 4       ;
; R_reg[3][31]                                    ; 4       ;
; R_reg[3][0]                                     ; 4       ;
; R_reg[3][8]                                     ; 4       ;
; R_reg[3][24]                                    ; 4       ;
; R_reg[4][24]                                    ; 4       ;
; R_reg[4][8]                                     ; 4       ;
; R_reg[4][31]                                    ; 4       ;
; R_reg[4][0]                                     ; 4       ;
; R_reg[5][31]                                    ; 4       ;
; R_reg[5][0]                                     ; 4       ;
; R_reg[5][8]                                     ; 4       ;
; R_reg[5][24]                                    ; 4       ;
; R_reg[6][24]                                    ; 4       ;
; R_reg[6][8]                                     ; 4       ;
; R_reg[6][31]                                    ; 4       ;
; R_reg[6][0]                                     ; 4       ;
; R_reg[7][31]                                    ; 4       ;
; R_reg[7][0]                                     ; 4       ;
; R_reg[7][8]                                     ; 4       ;
; R_reg[7][24]                                    ; 4       ;
; R_reg[8][24]                                    ; 4       ;
; R_reg[8][8]                                     ; 4       ;
; R_reg[8][31]                                    ; 4       ;
; R_reg[8][0]                                     ; 4       ;
; R_reg[9][31]                                    ; 4       ;
; R_reg[9][0]                                     ; 4       ;
; R_reg[9][8]                                     ; 4       ;
; R_reg[9][24]                                    ; 4       ;
; R_reg[10][24]                                   ; 4       ;
; R_reg[10][8]                                    ; 4       ;
; R_reg[10][31]                                   ; 4       ;
; R_reg[10][0]                                    ; 4       ;
; R_reg[11][31]                                   ; 4       ;
; R_reg[11][0]                                    ; 4       ;
; R_reg[11][8]                                    ; 4       ;
; R_reg[11][24]                                   ; 4       ;
; R_reg[12][24]                                   ; 4       ;
; R_reg[12][31]                                   ; 4       ;
; R_reg[12][0]                                    ; 4       ;
; R_reg[12][8]                                    ; 4       ;
; R_reg[13][24]                                   ; 4       ;
; R_reg[13][8]                                    ; 4       ;
; R_reg[13][31]                                   ; 4       ;
; R_reg[13][0]                                    ; 4       ;
; R_reg[14][31]                                   ; 4       ;
; R_reg[14][0]                                    ; 4       ;
; R_reg[14][8]                                    ; 4       ;
; R_reg[14][24]                                   ; 4       ;
; R_reg[15][8]                                    ; 4       ;
; R_reg[15][24]                                   ; 4       ;
; R_reg[15][31]                                   ; 4       ;
; R_reg[15][0]                                    ; 4       ;
; C_reg[0][4]                                     ; 3       ;
; D_reg[0][23]                                    ; 3       ;
; D_reg[0][26]                                    ; 3       ;
; D_reg[0][10]                                    ; 3       ;
; R_reg[0][9]                                     ; 3       ;
; R_reg[0][19]                                    ; 3       ;
; R_reg[0][20]                                    ; 3       ;
; R_reg[0][23]                                    ; 3       ;
; R_reg[0][7]                                     ; 3       ;
; R_reg[0][3]                                     ; 3       ;
; D_reg[0][11]                                    ; 3       ;
; R_reg[0][4]                                     ; 3       ;
; R_reg[0][27]                                    ; 3       ;
; R_reg[0][28]                                    ; 3       ;
; R_reg[0][15]                                    ; 3       ;
; R_reg[0][12]                                    ; 3       ;
; R_reg[0][11]                                    ; 3       ;
; R_reg[0][16]                                    ; 3       ;
; D_reg[1][11]                                    ; 3       ;
; R_reg[1][15]                                    ; 3       ;
; R_reg[1][16]                                    ; 3       ;
; R_reg[1][3]                                     ; 3       ;
; D_reg[1][23]                                    ; 3       ;
; R_reg[1][4]                                     ; 3       ;
; D_reg[1][26]                                    ; 3       ;
; R_reg[1][27]                                    ; 3       ;
; R_reg[1][28]                                    ; 3       ;
; R_reg[1][12]                                    ; 3       ;
; R_reg[1][7]                                     ; 3       ;
; D_reg[1][10]                                    ; 3       ;
; R_reg[1][9]                                     ; 3       ;
; R_reg[1][11]                                    ; 3       ;
; C_reg[1][4]                                     ; 3       ;
; R_reg[1][19]                                    ; 3       ;
; R_reg[1][20]                                    ; 3       ;
; R_reg[1][23]                                    ; 3       ;
; C_reg[2][3]                                     ; 3       ;
; D_reg[2][22]                                    ; 3       ;
; D_reg[2][25]                                    ; 3       ;
; D_reg[2][9]                                     ; 3       ;
; R_reg[2][9]                                     ; 3       ;
; R_reg[2][19]                                    ; 3       ;
; R_reg[2][20]                                    ; 3       ;
; R_reg[2][23]                                    ; 3       ;
; R_reg[2][7]                                     ; 3       ;
; R_reg[2][3]                                     ; 3       ;
; D_reg[2][10]                                    ; 3       ;
; R_reg[2][4]                                     ; 3       ;
; R_reg[2][27]                                    ; 3       ;
; R_reg[2][28]                                    ; 3       ;
; R_reg[2][15]                                    ; 3       ;
; R_reg[2][12]                                    ; 3       ;
; R_reg[2][11]                                    ; 3       ;
; R_reg[2][16]                                    ; 3       ;
; D_reg[3][10]                                    ; 3       ;
; R_reg[3][15]                                    ; 3       ;
; R_reg[3][16]                                    ; 3       ;
; R_reg[3][3]                                     ; 3       ;
; D_reg[3][22]                                    ; 3       ;
; R_reg[3][4]                                     ; 3       ;
; D_reg[3][25]                                    ; 3       ;
; R_reg[3][27]                                    ; 3       ;
; R_reg[3][28]                                    ; 3       ;
; R_reg[3][12]                                    ; 3       ;
; R_reg[3][7]                                     ; 3       ;
; D_reg[3][9]                                     ; 3       ;
; R_reg[3][9]                                     ; 3       ;
; R_reg[3][11]                                    ; 3       ;
; C_reg[3][3]                                     ; 3       ;
; R_reg[3][19]                                    ; 3       ;
; R_reg[3][20]                                    ; 3       ;
; R_reg[3][23]                                    ; 3       ;
; C_reg[4][3]                                     ; 3       ;
; D_reg[4][22]                                    ; 3       ;
; D_reg[4][25]                                    ; 3       ;
; D_reg[4][9]                                     ; 3       ;
; R_reg[4][9]                                     ; 3       ;
; R_reg[4][19]                                    ; 3       ;
; R_reg[4][20]                                    ; 3       ;
; R_reg[4][23]                                    ; 3       ;
; R_reg[4][7]                                     ; 3       ;
; R_reg[4][3]                                     ; 3       ;
; D_reg[4][10]                                    ; 3       ;
; R_reg[4][4]                                     ; 3       ;
; R_reg[4][27]                                    ; 3       ;
; R_reg[4][28]                                    ; 3       ;
; R_reg[4][15]                                    ; 3       ;
; R_reg[4][12]                                    ; 3       ;
; R_reg[4][11]                                    ; 3       ;
; R_reg[4][16]                                    ; 3       ;
; D_reg[5][10]                                    ; 3       ;
; R_reg[5][15]                                    ; 3       ;
; R_reg[5][16]                                    ; 3       ;
; R_reg[5][3]                                     ; 3       ;
; D_reg[5][22]                                    ; 3       ;
; R_reg[5][4]                                     ; 3       ;
; D_reg[5][25]                                    ; 3       ;
; R_reg[5][27]                                    ; 3       ;
; R_reg[5][28]                                    ; 3       ;
; R_reg[5][12]                                    ; 3       ;
; R_reg[5][7]                                     ; 3       ;
; D_reg[5][9]                                     ; 3       ;
; R_reg[5][9]                                     ; 3       ;
; R_reg[5][11]                                    ; 3       ;
; C_reg[5][3]                                     ; 3       ;
; R_reg[5][19]                                    ; 3       ;
; R_reg[5][20]                                    ; 3       ;
; R_reg[5][23]                                    ; 3       ;
; C_reg[6][3]                                     ; 3       ;
; D_reg[6][22]                                    ; 3       ;
; D_reg[6][25]                                    ; 3       ;
; D_reg[6][9]                                     ; 3       ;
; R_reg[6][9]                                     ; 3       ;
; R_reg[6][19]                                    ; 3       ;
; R_reg[6][20]                                    ; 3       ;
; R_reg[6][23]                                    ; 3       ;
; R_reg[6][7]                                     ; 3       ;
; R_reg[6][3]                                     ; 3       ;
; D_reg[6][10]                                    ; 3       ;
; R_reg[6][4]                                     ; 3       ;
; R_reg[6][27]                                    ; 3       ;
; R_reg[6][28]                                    ; 3       ;
; R_reg[6][15]                                    ; 3       ;
; R_reg[6][12]                                    ; 3       ;
; R_reg[6][11]                                    ; 3       ;
; R_reg[6][16]                                    ; 3       ;
; D_reg[7][10]                                    ; 3       ;
; R_reg[7][15]                                    ; 3       ;
; R_reg[7][16]                                    ; 3       ;
; R_reg[7][3]                                     ; 3       ;
; R_reg[7][4]                                     ; 3       ;
; D_reg[7][25]                                    ; 3       ;
; D_reg[7][22]                                    ; 3       ;
; R_reg[7][27]                                    ; 3       ;
; R_reg[7][28]                                    ; 3       ;
; R_reg[7][12]                                    ; 3       ;
; R_reg[7][7]                                     ; 3       ;
; D_reg[7][9]                                     ; 3       ;
; R_reg[7][9]                                     ; 3       ;
; R_reg[7][11]                                    ; 3       ;
; C_reg[7][3]                                     ; 3       ;
; R_reg[7][19]                                    ; 3       ;
; R_reg[7][20]                                    ; 3       ;
; R_reg[7][23]                                    ; 3       ;
; C_reg[8][4]                                     ; 3       ;
; D_reg[8][23]                                    ; 3       ;
; D_reg[8][26]                                    ; 3       ;
; D_reg[8][10]                                    ; 3       ;
; R_reg[8][9]                                     ; 3       ;
; R_reg[8][19]                                    ; 3       ;
; R_reg[8][20]                                    ; 3       ;
; R_reg[8][23]                                    ; 3       ;
; R_reg[8][7]                                     ; 3       ;
; R_reg[8][3]                                     ; 3       ;
; D_reg[8][11]                                    ; 3       ;
; R_reg[8][4]                                     ; 3       ;
; R_reg[8][27]                                    ; 3       ;
; R_reg[8][28]                                    ; 3       ;
; R_reg[8][15]                                    ; 3       ;
; R_reg[8][12]                                    ; 3       ;
; R_reg[8][11]                                    ; 3       ;
; R_reg[8][16]                                    ; 3       ;
; D_reg[9][10]                                    ; 3       ;
; R_reg[9][15]                                    ; 3       ;
; R_reg[9][16]                                    ; 3       ;
; R_reg[9][3]                                     ; 3       ;
; D_reg[9][22]                                    ; 3       ;
; R_reg[9][4]                                     ; 3       ;
+-------------------------------------------------+---------+


+-------------------------------------------------------+
; Other Routing Usage Summary                           ;
+-----------------------------+-------------------------+
; Other Routing Resource Type ; Usage                   ;
+-----------------------------+-------------------------+
; Block interconnects         ; 4,593 / 94,460 ( 5 % )  ;
; C16 interconnects           ; 48 / 3,315 ( 1 % )      ;
; C4 interconnects            ; 2,207 / 60,840 ( 4 % )  ;
; Direct links                ; 1,097 / 94,460 ( 1 % )  ;
; Global clocks               ; 2 / 16 ( 13 % )         ;
; Local interconnects         ; 3,328 / 33,216 ( 10 % ) ;
; R24 interconnects           ; 90 / 3,091 ( 3 % )      ;
; R4 interconnects            ; 2,989 / 81,294 ( 4 % )  ;
+-----------------------------+-------------------------+


+-----------------------------------------------------------------------------+
; LAB Logic Elements                                                          ;
+---------------------------------------------+-------------------------------+
; Number of Logic Elements  (Average = 14.00) ; Number of LABs  (Total = 329) ;
+---------------------------------------------+-------------------------------+
; 1                                           ; 11                            ;
; 2                                           ; 6                             ;
; 3                                           ; 9                             ;
; 4                                           ; 0                             ;
; 5                                           ; 4                             ;
; 6                                           ; 3                             ;
; 7                                           ; 5                             ;
; 8                                           ; 1                             ;
; 9                                           ; 4                             ;
; 10                                          ; 3                             ;
; 11                                          ; 4                             ;
; 12                                          ; 8                             ;
; 13                                          ; 8                             ;
; 14                                          ; 9                             ;
; 15                                          ; 24                            ;
; 16                                          ; 230                           ;
+---------------------------------------------+-------------------------------+


+--------------------------------------------------------------------+
; LAB-wide Signals                                                   ;
+------------------------------------+-------------------------------+
; LAB-wide Signals  (Average = 2.00) ; Number of LABs  (Total = 329) ;
+------------------------------------+-------------------------------+
; 1 Async. clear                     ; 329                           ;
; 1 Clock                            ; 329                           ;
+------------------------------------+-------------------------------+


+------------------------------------------------------------------------------+
; LAB Signals Sourced                                                          ;
+----------------------------------------------+-------------------------------+
; Number of Signals Sourced  (Average = 19.48) ; Number of LABs  (Total = 329) ;
+----------------------------------------------+-------------------------------+
; 0                                            ; 0                             ;
; 1                                            ; 4                             ;
; 2                                            ; 7                             ;
; 3                                            ; 3                             ;
; 4                                            ; 3                             ;
; 5                                            ; 3                             ;
; 6                                            ; 7                             ;
; 7                                            ; 1                             ;
; 8                                            ; 2                             ;
; 9                                            ; 1                             ;
; 10                                           ; 1                             ;
; 11                                           ; 3                             ;
; 12                                           ; 1                             ;
; 13                                           ; 4                             ;
; 14                                           ; 2                             ;
; 15                                           ; 6                             ;
; 16                                           ; 3                             ;
; 17                                           ; 9                             ;
; 18                                           ; 7                             ;
; 19                                           ; 23                            ;
; 20                                           ; 36                            ;
; 21                                           ; 63                            ;
; 22                                           ; 72                            ;
; 23                                           ; 30                            ;
; 24                                           ; 16                            ;
; 25                                           ; 7                             ;
; 26                                           ; 5                             ;
; 27                                           ; 3                             ;
; 28                                           ; 1                             ;
; 29                                           ; 4                             ;
; 30                                           ; 2                             ;
+----------------------------------------------+-------------------------------+


+---------------------------------------------------------------------------------+
; LAB Signals Sourced Out                                                         ;
+-------------------------------------------------+-------------------------------+
; Number of Signals Sourced Out  (Average = 8.63) ; Number of LABs  (Total = 329) ;
+-------------------------------------------------+-------------------------------+
; 0                                               ; 0                             ;
; 1                                               ; 13                            ;
; 2                                               ; 6                             ;
; 3                                               ; 12                            ;
; 4                                               ; 17                            ;
; 5                                               ; 16                            ;
; 6                                               ; 30                            ;
; 7                                               ; 40                            ;
; 8                                               ; 28                            ;
; 9                                               ; 37                            ;
; 10                                              ; 35                            ;
; 11                                              ; 27                            ;
; 12                                              ; 17                            ;
; 13                                              ; 13                            ;
; 14                                              ; 14                            ;
; 15                                              ; 9                             ;
; 16                                              ; 6                             ;
; 17                                              ; 1                             ;
; 18                                              ; 4                             ;
; 19                                              ; 2                             ;
; 20                                              ; 2                             ;
+-------------------------------------------------+-------------------------------+


+------------------------------------------------------------------------------+
; LAB Distinct Inputs                                                          ;
+----------------------------------------------+-------------------------------+
; Number of Distinct Inputs  (Average = 14.01) ; Number of LABs  (Total = 329) ;
+----------------------------------------------+-------------------------------+
; 0                                            ; 0                             ;
; 1                                            ; 0                             ;
; 2                                            ; 0                             ;
; 3                                            ; 14                            ;
; 4                                            ; 4                             ;
; 5                                            ; 5                             ;
; 6                                            ; 3                             ;
; 7                                            ; 2                             ;
; 8                                            ; 5                             ;
; 9                                            ; 3                             ;
; 10                                           ; 10                            ;
; 11                                           ; 19                            ;
; 12                                           ; 30                            ;
; 13                                           ; 38                            ;
; 14                                           ; 39                            ;
; 15                                           ; 49                            ;
; 16                                           ; 28                            ;
; 17                                           ; 29                            ;
; 18                                           ; 16                            ;
; 19                                           ; 10                            ;
; 20                                           ; 3                             ;
; 21                                           ; 8                             ;
; 22                                           ; 3                             ;
; 23                                           ; 4                             ;
; 24                                           ; 4                             ;
; 25                                           ; 0                             ;
; 26                                           ; 0                             ;
; 27                                           ; 2                             ;
; 28                                           ; 0                             ;
; 29                                           ; 1                             ;
+----------------------------------------------+-------------------------------+


+-------------------------------------------------------------------------+
; Fitter Device Options                                                   ;
+----------------------------------------------+--------------------------+
; Option                                       ; Setting                  ;
+----------------------------------------------+--------------------------+
; Enable user-supplied start-up clock (CLKUSR) ; Off                      ;
; Enable device-wide reset (DEV_CLRn)          ; Off                      ;
; Enable device-wide output enable (DEV_OE)    ; Off                      ;
; Enable INIT_DONE output                      ; Off                      ;
; Configuration scheme                         ; Active Serial            ;
; Error detection CRC                          ; Off                      ;
; nCEO                                         ; As output driving ground ;
; ASDO,nCSO                                    ; As input tri-stated      ;
; Reserve all unused pins                      ; As output driving ground ;
; Base pin-out file on sameframe device        ; Off                      ;
+----------------------------------------------+--------------------------+


+------------------------------------+
; Operating Settings and Conditions  ;
+---------------------------+--------+
; Setting                   ; Value  ;
+---------------------------+--------+
; Nominal Core Voltage      ; 1.20 V ;
; Low Junction Temperature  ; 0 °C   ;
; High Junction Temperature ; 85 °C  ;
+---------------------------+--------+


+-----------------+
; Fitter Messages ;
+-----------------+
Info (11104): Parallel Compilation has detected 12 hyper-threaded processors. However, the extra hyper-threaded processors will not be used by default. Parallel Compilation will use 6 of the 6 physical processors detected instead.
Info (119006): Selected device EP2C35F672C6 for design "DES_ALGORITHM"
Info (21077): Low junction temperature is 0 degrees C
Info (21077): High junction temperature is 85 degrees C
Info (171003): Fitter is performing an Auto Fit compilation, which may decrease Fitter effort to reduce compilation time
Info (176444): Device migration not selected. If you intend to use device migration later, you may need to change the pin assignments as they may be incompatible with other devices
    Info (176445): Device EP2C50F672C6 is compatible
    Info (176445): Device EP2C70F672C6 is compatible
Info (169124): Fitter converted 3 user pins into dedicated programming pins
    Info (169125): Pin ~ASDO~ is reserved at location E3
    Info (169125): Pin ~nCSO~ is reserved at location D3
    Info (169125): Pin ~LVDS150p/nCEO~ is reserved at location AE24
Critical Warning (169085): No exact pin location assignment(s) for 196 pins of 196 total pins
    Info (169086): Pin Key_in[0] not assigned to an exact location on the device
    Info (169086): Pin Key_in[8] not assigned to an exact location on the device
    Info (169086): Pin Key_in[16] not assigned to an exact location on the device
    Info (169086): Pin Key_in[24] not assigned to an exact location on the device
    Info (169086): Pin Key_in[32] not assigned to an exact location on the device
    Info (169086): Pin Key_in[40] not assigned to an exact location on the device
    Info (169086): Pin Key_in[48] not assigned to an exact location on the device
    Info (169086): Pin Key_in[56] not assigned to an exact location on the device
    Info (169086): Pin Ciphertext[0] not assigned to an exact location on the device
    Info (169086): Pin Ciphertext[1] not assigned to an exact location on the device
    Info (169086): Pin Ciphertext[2] not assigned to an exact location on the device
    Info (169086): Pin Ciphertext[3] not assigned to an exact location on the device
    Info (169086): Pin Ciphertext[4] not assigned to an exact location on the device
    Info (169086): Pin Ciphertext[5] not assigned to an exact location on the device
    Info (169086): Pin Ciphertext[6] not assigned to an exact location on the device
    Info (169086): Pin Ciphertext[7] not assigned to an exact location on the device
    Info (169086): Pin Ciphertext[8] not assigned to an exact location on the device
    Info (169086): Pin Ciphertext[9] not assigned to an exact location on the device
    Info (169086): Pin Ciphertext[10] not assigned to an exact location on the device
    Info (169086): Pin Ciphertext[11] not assigned to an exact location on the device
    Info (169086): Pin Ciphertext[12] not assigned to an exact location on the device
    Info (169086): Pin Ciphertext[13] not assigned to an exact location on the device
    Info (169086): Pin Ciphertext[14] not assigned to an exact location on the device
    Info (169086): Pin Ciphertext[15] not assigned to an exact location on the device
    Info (169086): Pin Ciphertext[16] not assigned to an exact location on the device
    Info (169086): Pin Ciphertext[17] not assigned to an exact location on the device
    Info (169086): Pin Ciphertext[18] not assigned to an exact location on the device
    Info (169086): Pin Ciphertext[19] not assigned to an exact location on the device
    Info (169086): Pin Ciphertext[20] not assigned to an exact location on the device
    Info (169086): Pin Ciphertext[21] not assigned to an exact location on the device
    Info (169086): Pin Ciphertext[22] not assigned to an exact location on the device
    Info (169086): Pin Ciphertext[23] not assigned to an exact location on the device
    Info (169086): Pin Ciphertext[24] not assigned to an exact location on the device
    Info (169086): Pin Ciphertext[25] not assigned to an exact location on the device
    Info (169086): Pin Ciphertext[26] not assigned to an exact location on the device
    Info (169086): Pin Ciphertext[27] not assigned to an exact location on the device
    Info (169086): Pin Ciphertext[28] not assigned to an exact location on the device
    Info (169086): Pin Ciphertext[29] not assigned to an exact location on the device
    Info (169086): Pin Ciphertext[30] not assigned to an exact location on the device
    Info (169086): Pin Ciphertext[31] not assigned to an exact location on the device
    Info (169086): Pin Ciphertext[32] not assigned to an exact location on the device
    Info (169086): Pin Ciphertext[33] not assigned to an exact location on the device
    Info (169086): Pin Ciphertext[34] not assigned to an exact location on the device
    Info (169086): Pin Ciphertext[35] not assigned to an exact location on the device
    Info (169086): Pin Ciphertext[36] not assigned to an exact location on the device
    Info (169086): Pin Ciphertext[37] not assigned to an exact location on the device
    Info (169086): Pin Ciphertext[38] not assigned to an exact location on the device
    Info (169086): Pin Ciphertext[39] not assigned to an exact location on the device
    Info (169086): Pin Ciphertext[40] not assigned to an exact location on the device
    Info (169086): Pin Ciphertext[41] not assigned to an exact location on the device
    Info (169086): Pin Ciphertext[42] not assigned to an exact location on the device
    Info (169086): Pin Ciphertext[43] not assigned to an exact location on the device
    Info (169086): Pin Ciphertext[44] not assigned to an exact location on the device
    Info (169086): Pin Ciphertext[45] not assigned to an exact location on the device
    Info (169086): Pin Ciphertext[46] not assigned to an exact location on the device
    Info (169086): Pin Ciphertext[47] not assigned to an exact location on the device
    Info (169086): Pin Ciphertext[48] not assigned to an exact location on the device
    Info (169086): Pin Ciphertext[49] not assigned to an exact location on the device
    Info (169086): Pin Ciphertext[50] not assigned to an exact location on the device
    Info (169086): Pin Ciphertext[51] not assigned to an exact location on the device
    Info (169086): Pin Ciphertext[52] not assigned to an exact location on the device
    Info (169086): Pin Ciphertext[53] not assigned to an exact location on the device
    Info (169086): Pin Ciphertext[54] not assigned to an exact location on the device
    Info (169086): Pin Ciphertext[55] not assigned to an exact location on the device
    Info (169086): Pin Ciphertext[56] not assigned to an exact location on the device
    Info (169086): Pin Ciphertext[57] not assigned to an exact location on the device
    Info (169086): Pin Ciphertext[58] not assigned to an exact location on the device
    Info (169086): Pin Ciphertext[59] not assigned to an exact location on the device
    Info (169086): Pin Ciphertext[60] not assigned to an exact location on the device
    Info (169086): Pin Ciphertext[61] not assigned to an exact location on the device
    Info (169086): Pin Ciphertext[62] not assigned to an exact location on the device
    Info (169086): Pin Ciphertext[63] not assigned to an exact location on the device
    Info (169086): Pin Done not assigned to an exact location on the device
    Info (169086): Pin Clk not assigned to an exact location on the device
    Info (169086): Pin Reset_n not assigned to an exact location on the device
    Info (169086): Pin Plaintext[22] not assigned to an exact location on the device
    Info (169086): Pin Plaintext[61] not assigned to an exact location on the device
    Info (169086): Pin Key_in[42] not assigned to an exact location on the device
    Info (169086): Pin Plaintext[19] not assigned to an exact location on the device
    Info (169086): Pin Key_in[10] not assigned to an exact location on the device
    Info (169086): Pin Plaintext[11] not assigned to an exact location on the device
    Info (169086): Pin Key_in[25] not assigned to an exact location on the device
    Info (169086): Pin Plaintext[35] not assigned to an exact location on the device
    Info (169086): Pin Key_in[60] not assigned to an exact location on the device
    Info (169086): Pin Plaintext[27] not assigned to an exact location on the device
    Info (169086): Pin Key_in[27] not assigned to an exact location on the device
    Info (169086): Pin Plaintext[3] not assigned to an exact location on the device
    Info (169086): Pin Key_in[36] not assigned to an exact location on the device
    Info (169086): Pin Plaintext[23] not assigned to an exact location on the device
    Info (169086): Pin Key_in[4] not assigned to an exact location on the device
    Info (169086): Pin Plaintext[4] not assigned to an exact location on the device
    Info (169086): Pin Plaintext[31] not assigned to an exact location on the device
    Info (169086): Pin Key_in[15] not assigned to an exact location on the device
    Info (169086): Pin Plaintext[39] not assigned to an exact location on the device
    Info (169086): Pin Key_in[47] not assigned to an exact location on the device
    Info (169086): Pin Plaintext[57] not assigned to an exact location on the device
    Info (169086): Pin Key_in[54] not assigned to an exact location on the device
    Info (169086): Pin Plaintext[7] not assigned to an exact location on the device
    Info (169086): Pin Key_in[13] not assigned to an exact location on the device
    Info (169086): Pin Plaintext[15] not assigned to an exact location on the device
    Info (169086): Pin Key_in[30] not assigned to an exact location on the device
    Info (169086): Pin Key_in[37] not assigned to an exact location on the device
    Info (169086): Pin Plaintext[25] not assigned to an exact location on the device
    Info (169086): Pin Key_in[49] not assigned to an exact location on the device
    Info (169086): Pin Plaintext[28] not assigned to an exact location on the device
    Info (169086): Pin Plaintext[59] not assigned to an exact location on the device
    Info (169086): Pin Key_in[3] not assigned to an exact location on the device
    Info (169086): Pin Key_in[1] not assigned to an exact location on the device
    Info (169086): Pin Plaintext[17] not assigned to an exact location on the device
    Info (169086): Pin Plaintext[33] not assigned to an exact location on the device
    Info (169086): Pin Key_in[44] not assigned to an exact location on the device
    Info (169086): Pin Plaintext[1] not assigned to an exact location on the device
    Info (169086): Pin Key_in[43] not assigned to an exact location on the device
    Info (169086): Pin Plaintext[9] not assigned to an exact location on the device
    Info (169086): Pin Key_in[26] not assigned to an exact location on the device
    Info (169086): Pin Key_in[28] not assigned to an exact location on the device
    Info (169086): Pin Plaintext[5] not assigned to an exact location on the device
    Info (169086): Pin Key_in[22] not assigned to an exact location on the device
    Info (169086): Pin Plaintext[36] not assigned to an exact location on the device
    Info (169086): Pin Plaintext[63] not assigned to an exact location on the device
    Info (169086): Pin Key_in[45] not assigned to an exact location on the device
    Info (169086): Pin Plaintext[55] not assigned to an exact location on the device
    Info (169086): Pin Key_in[55] not assigned to an exact location on the device
    Info (169086): Pin Key_in[31] not assigned to an exact location on the device
    Info (169086): Pin Key_in[7] not assigned to an exact location on the device
    Info (169086): Pin Plaintext[47] not assigned to an exact location on the device
    Info (169086): Pin Key_in[62] not assigned to an exact location on the device
    Info (169086): Pin Key_in[14] not assigned to an exact location on the device
    Info (169086): Pin Key_in[46] not assigned to an exact location on the device
    Info (169086): Pin Plaintext[12] not assigned to an exact location on the device
    Info (169086): Pin Plaintext[29] not assigned to an exact location on the device
    Info (169086): Pin Key_in[5] not assigned to an exact location on the device
    Info (169086): Pin Plaintext[53] not assigned to an exact location on the device
    Info (169086): Pin Plaintext[45] not assigned to an exact location on the device
    Info (169086): Pin Key_in[23] not assigned to an exact location on the device
    Info (169086): Pin Plaintext[37] not assigned to an exact location on the device
    Info (169086): Pin Key_in[63] not assigned to an exact location on the device
    Info (169086): Pin Plaintext[62] not assigned to an exact location on the device
    Info (169086): Pin Plaintext[20] not assigned to an exact location on the device
    Info (169086): Pin Key_in[41] not assigned to an exact location on the device
    Info (169086): Pin Key_in[35] not assigned to an exact location on the device
    Info (169086): Pin Key_in[17] not assigned to an exact location on the device
    Info (169086): Pin Key_in[34] not assigned to an exact location on the device
    Info (169086): Pin Plaintext[43] not assigned to an exact location on the device
    Info (169086): Pin Key_in[59] not assigned to an exact location on the device
    Info (169086): Pin Plaintext[51] not assigned to an exact location on the device
    Info (169086): Pin Key_in[11] not assigned to an exact location on the device
    Info (169086): Pin Key_in[9] not assigned to an exact location on the device
    Info (169086): Pin Plaintext[34] not assigned to an exact location on the device
    Info (169086): Pin Key_in[19] not assigned to an exact location on the device
    Info (169086): Pin Key_in[33] not assigned to an exact location on the device
    Info (169086): Pin Plaintext[41] not assigned to an exact location on the device
    Info (169086): Pin Key_in[51] not assigned to an exact location on the device
    Info (169086): Pin Key_in[50] not assigned to an exact location on the device
    Info (169086): Pin Plaintext[49] not assigned to an exact location on the device
    Info (169086): Pin Key_in[2] not assigned to an exact location on the device
    Info (169086): Pin Key_in[29] not assigned to an exact location on the device
    Info (169086): Pin Plaintext[58] not assigned to an exact location on the device
    Info (169086): Pin Key_in[20] not assigned to an exact location on the device
    Info (169086): Pin Plaintext[21] not assigned to an exact location on the device
    Info (169086): Pin Key_in[39] not assigned to an exact location on the device
    Info (169086): Pin Key_in[6] not assigned to an exact location on the device
    Info (169086): Pin Key_in[61] not assigned to an exact location on the device
    Info (169086): Pin Plaintext[13] not assigned to an exact location on the device
    Info (169086): Pin Key_in[38] not assigned to an exact location on the device
    Info (169086): Pin Plaintext[50] not assigned to an exact location on the device
    Info (169086): Pin Plaintext[0] not assigned to an exact location on the device
    Info (169086): Pin Plaintext[26] not assigned to an exact location on the device
    Info (169086): Pin Plaintext[42] not assigned to an exact location on the device
    Info (169086): Pin Key_in[53] not assigned to an exact location on the device
    Info (169086): Pin Plaintext[30] not assigned to an exact location on the device
    Info (169086): Pin Plaintext[46] not assigned to an exact location on the device
    Info (169086): Pin Plaintext[38] not assigned to an exact location on the device
    Info (169086): Pin Plaintext[54] not assigned to an exact location on the device
    Info (169086): Pin Plaintext[56] not assigned to an exact location on the device
    Info (169086): Pin Plaintext[24] not assigned to an exact location on the device
    Info (169086): Pin Plaintext[6] not assigned to an exact location on the device
    Info (169086): Pin Plaintext[40] not assigned to an exact location on the device
    Info (169086): Pin Plaintext[32] not assigned to an exact location on the device
    Info (169086): Pin Key_in[58] not assigned to an exact location on the device
    Info (169086): Pin Plaintext[48] not assigned to an exact location on the device
    Info (169086): Pin Plaintext[60] not assigned to an exact location on the device
    Info (169086): Pin Plaintext[52] not assigned to an exact location on the device
    Info (169086): Pin Plaintext[44] not assigned to an exact location on the device
    Info (169086): Pin Plaintext[2] not assigned to an exact location on the device
    Info (169086): Pin Key_in[12] not assigned to an exact location on the device
    Info (169086): Pin Plaintext[14] not assigned to an exact location on the device
    Info (169086): Pin Key_in[21] not assigned to an exact location on the device
    Info (169086): Pin Plaintext[18] not assigned to an exact location on the device
    Info (169086): Pin Key_in[18] not assigned to an exact location on the device
    Info (169086): Pin Plaintext[10] not assigned to an exact location on the device
    Info (169086): Pin Plaintext[16] not assigned to an exact location on the device
    Info (169086): Pin Key_in[57] not assigned to an exact location on the device
    Info (169086): Pin Key_in[52] not assigned to an exact location on the device
    Info (169086): Pin Plaintext[8] not assigned to an exact location on the device
    Info (169086): Pin Start not assigned to an exact location on the device
Info (332104): Reading SDC File: 'TIMING.sdc'
Warning (332174): Ignored filter at TIMING.sdc(1): CLOCK_50 could not be matched with a port
Warning (332049): Ignored create_clock at TIMING.sdc(1): Argument <targets> is an empty collection
    Info (332050): create_clock -name "CLOCK_50" -period 20.000 [get_ports {CLOCK_50}]
Info (332144): No user constrained base clocks found in the design
Info (332130): Timing requirements not specified -- quality metrics such as performance may be sacrificed to reduce compilation time.
Info (176353): Automatically promoted node Clk (placed in PIN P2 (CLK2, LVDSCLK1p, Input))
    Info (176355): Automatically promoted destinations to use location or clock signal Global Clock CLKCTRL_G3
Info (176353): Automatically promoted node Reset_n (placed in PIN P1 (CLK3, LVDSCLK1n, Input))
    Info (176355): Automatically promoted destinations to use location or clock signal Global Clock CLKCTRL_G1
Info (176233): Starting register packing
Info (176235): Finished register packing
    Extra Info (176219): No registers were packed into other blocks
Info (176214): Statistics of I/O pins that need to be placed that use the same VCCIO and VREF, before I/O pin placement
    Info (176211): Number of I/O pins in group: 194 (unused VREF, 3.3V VCCIO, 129 input, 65 output, 0 bidirectional)
        Info (176212): I/O standards used: 3.3-V LVTTL.
Info (176215): I/O bank details before I/O pin placement
    Info (176214): Statistics of I/O banks
        Info (176213): I/O bank number 1 does not use VREF pins and has undetermined VCCIO pins. 2 total pin(s) used --  62 pins available
        Info (176213): I/O bank number 2 does not use VREF pins and has undetermined VCCIO pins. 2 total pin(s) used --  57 pins available
        Info (176213): I/O bank number 3 does not use VREF pins and has undetermined VCCIO pins. 0 total pin(s) used --  56 pins available
        Info (176213): I/O bank number 4 does not use VREF pins and has undetermined VCCIO pins. 0 total pin(s) used --  58 pins available
        Info (176213): I/O bank number 5 does not use VREF pins and has undetermined VCCIO pins. 0 total pin(s) used --  65 pins available
        Info (176213): I/O bank number 6 does not use VREF pins and has undetermined VCCIO pins. 1 total pin(s) used --  58 pins available
        Info (176213): I/O bank number 7 does not use VREF pins and has undetermined VCCIO pins. 0 total pin(s) used --  58 pins available
        Info (176213): I/O bank number 8 does not use VREF pins and has undetermined VCCIO pins. 0 total pin(s) used --  56 pins available
Warning (15705): Ignored locations or region assignments to the following nodes
    Warning (15706): Node "AUD_ADCDAT" is assigned to location or region, but does not exist in design
    Warning (15706): Node "AUD_ADCLRCK" is assigned to location or region, but does not exist in design
    Warning (15706): Node "AUD_BCLK" is assigned to location or region, but does not exist in design
    Warning (15706): Node "AUD_DACDAT" is assigned to location or region, but does not exist in design
    Warning (15706): Node "AUD_DACLRCK" is assigned to location or region, but does not exist in design
    Warning (15706): Node "AUD_XCK" is assigned to location or region, but does not exist in design
    Warning (15706): Node "CLOCK_27" is assigned to location or region, but does not exist in design
    Warning (15706): Node "CLOCK_50" is assigned to location or region, but does not exist in design
    Warning (15706): Node "DRAM_ADDR[0]" is assigned to location or region, but does not exist in design
    Warning (15706): Node "DRAM_ADDR[10]" is assigned to location or region, but does not exist in design
    Warning (15706): Node "DRAM_ADDR[11]" is assigned to location or region, but does not exist in design
    Warning (15706): Node "DRAM_ADDR[1]" is assigned to location or region, but does not exist in design
    Warning (15706): Node "DRAM_ADDR[2]" is assigned to location or region, but does not exist in design
    Warning (15706): Node "DRAM_ADDR[3]" is assigned to location or region, but does not exist in design
    Warning (15706): Node "DRAM_ADDR[4]" is assigned to location or region, but does not exist in design
    Warning (15706): Node "DRAM_ADDR[5]" is assigned to location or region, but does not exist in design
    Warning (15706): Node "DRAM_ADDR[6]" is assigned to location or region, but does not exist in design
    Warning (15706): Node "DRAM_ADDR[7]" is assigned to location or region, but does not exist in design
    Warning (15706): Node "DRAM_ADDR[8]" is assigned to location or region, but does not exist in design
    Warning (15706): Node "DRAM_ADDR[9]" is assigned to location or region, but does not exist in design
    Warning (15706): Node "DRAM_BA_0" is assigned to location or region, but does not exist in design
    Warning (15706): Node "DRAM_BA_1" is assigned to location or region, but does not exist in design
    Warning (15706): Node "DRAM_CAS_N" is assigned to location or region, but does not exist in design
    Warning (15706): Node "DRAM_CKE" is assigned to location or region, but does not exist in design
    Warning (15706): Node "DRAM_CLK" is assigned to location or region, but does not exist in design
    Warning (15706): Node "DRAM_CS_N" is assigned to location or region, but does not exist in design
    Warning (15706): Node "DRAM_DQ[0]" is assigned to location or region, but does not exist in design
    Warning (15706): Node "DRAM_DQ[10]" is assigned to location or region, but does not exist in design
    Warning (15706): Node "DRAM_DQ[11]" is assigned to location or region, but does not exist in design
    Warning (15706): Node "DRAM_DQ[12]" is assigned to location or region, but does not exist in design
    Warning (15706): Node "DRAM_DQ[13]" is assigned to location or region, but does not exist in design
    Warning (15706): Node "DRAM_DQ[14]" is assigned to location or region, but does not exist in design
    Warning (15706): Node "DRAM_DQ[15]" is assigned to location or region, but does not exist in design
    Warning (15706): Node "DRAM_DQ[1]" is assigned to location or region, but does not exist in design
    Warning (15706): Node "DRAM_DQ[2]" is assigned to location or region, but does not exist in design
    Warning (15706): Node "DRAM_DQ[3]" is assigned to location or region, but does not exist in design
    Warning (15706): Node "DRAM_DQ[4]" is assigned to location or region, but does not exist in design
    Warning (15706): Node "DRAM_DQ[5]" is assigned to location or region, but does not exist in design
    Warning (15706): Node "DRAM_DQ[6]" is assigned to location or region, but does not exist in design
    Warning (15706): Node "DRAM_DQ[7]" is assigned to location or region, but does not exist in design
    Warning (15706): Node "DRAM_DQ[8]" is assigned to location or region, but does not exist in design
    Warning (15706): Node "DRAM_DQ[9]" is assigned to location or region, but does not exist in design
    Warning (15706): Node "DRAM_LDQM" is assigned to location or region, but does not exist in design
    Warning (15706): Node "DRAM_RAS_N" is assigned to location or region, but does not exist in design
    Warning (15706): Node "DRAM_UDQM" is assigned to location or region, but does not exist in design
    Warning (15706): Node "DRAM_WE_N" is assigned to location or region, but does not exist in design
    Warning (15706): Node "ENET_CLK" is assigned to location or region, but does not exist in design
    Warning (15706): Node "ENET_CMD" is assigned to location or region, but does not exist in design
    Warning (15706): Node "ENET_CS_N" is assigned to location or region, but does not exist in design
    Warning (15706): Node "ENET_DATA[0]" is assigned to location or region, but does not exist in design
    Warning (15706): Node "ENET_DATA[10]" is assigned to location or region, but does not exist in design
    Warning (15706): Node "ENET_DATA[11]" is assigned to location or region, but does not exist in design
    Warning (15706): Node "ENET_DATA[12]" is assigned to location or region, but does not exist in design
    Warning (15706): Node "ENET_DATA[13]" is assigned to location or region, but does not exist in design
    Warning (15706): Node "ENET_DATA[14]" is assigned to location or region, but does not exist in design
    Warning (15706): Node "ENET_DATA[15]" is assigned to location or region, but does not exist in design
    Warning (15706): Node "ENET_DATA[1]" is assigned to location or region, but does not exist in design
    Warning (15706): Node "ENET_DATA[2]" is assigned to location or region, but does not exist in design
    Warning (15706): Node "ENET_DATA[3]" is assigned to location or region, but does not exist in design
    Warning (15706): Node "ENET_DATA[4]" is assigned to location or region, but does not exist in design
    Warning (15706): Node "ENET_DATA[5]" is assigned to location or region, but does not exist in design
    Warning (15706): Node "ENET_DATA[6]" is assigned to location or region, but does not exist in design
    Warning (15706): Node "ENET_DATA[7]" is assigned to location or region, but does not exist in design
    Warning (15706): Node "ENET_DATA[8]" is assigned to location or region, but does not exist in design
    Warning (15706): Node "ENET_DATA[9]" is assigned to location or region, but does not exist in design
    Warning (15706): Node "ENET_INT" is assigned to location or region, but does not exist in design
    Warning (15706): Node "ENET_RD_N" is assigned to location or region, but does not exist in design
    Warning (15706): Node "ENET_RST_N" is assigned to location or region, but does not exist in design
    Warning (15706): Node "ENET_WR_N" is assigned to location or region, but does not exist in design
    Warning (15706): Node "EXT_CLOCK" is assigned to location or region, but does not exist in design
    Warning (15706): Node "FL_ADDR[0]" is assigned to location or region, but does not exist in design
    Warning (15706): Node "FL_ADDR[10]" is assigned to location or region, but does not exist in design
    Warning (15706): Node "FL_ADDR[11]" is assigned to location or region, but does not exist in design
    Warning (15706): Node "FL_ADDR[12]" is assigned to location or region, but does not exist in design
    Warning (15706): Node "FL_ADDR[13]" is assigned to location or region, but does not exist in design
    Warning (15706): Node "FL_ADDR[14]" is assigned to location or region, but does not exist in design
    Warning (15706): Node "FL_ADDR[15]" is assigned to location or region, but does not exist in design
    Warning (15706): Node "FL_ADDR[16]" is assigned to location or region, but does not exist in design
    Warning (15706): Node "FL_ADDR[17]" is assigned to location or region, but does not exist in design
    Warning (15706): Node "FL_ADDR[18]" is assigned to location or region, but does not exist in design
    Warning (15706): Node "FL_ADDR[19]" is assigned to location or region, but does not exist in design
    Warning (15706): Node "FL_ADDR[1]" is assigned to location or region, but does not exist in design
    Warning (15706): Node "FL_ADDR[20]" is assigned to location or region, but does not exist in design
    Warning (15706): Node "FL_ADDR[21]" is assigned to location or region, but does not exist in design
    Warning (15706): Node "FL_ADDR[2]" is assigned to location or region, but does not exist in design
    Warning (15706): Node "FL_ADDR[3]" is assigned to location or region, but does not exist in design
    Warning (15706): Node "FL_ADDR[4]" is assigned to location or region, but does not exist in design
    Warning (15706): Node "FL_ADDR[5]" is assigned to location or region, but does not exist in design
    Warning (15706): Node "FL_ADDR[6]" is assigned to location or region, but does not exist in design
    Warning (15706): Node "FL_ADDR[7]" is assigned to location or region, but does not exist in design
    Warning (15706): Node "FL_ADDR[8]" is assigned to location or region, but does not exist in design
    Warning (15706): Node "FL_ADDR[9]" is assigned to location or region, but does not exist in design
    Warning (15706): Node "FL_CE_N" is assigned to location or region, but does not exist in design
    Warning (15706): Node "FL_DQ[0]" is assigned to location or region, but does not exist in design
    Warning (15706): Node "FL_DQ[1]" is assigned to location or region, but does not exist in design
    Warning (15706): Node "FL_DQ[2]" is assigned to location or region, but does not exist in design
    Warning (15706): Node "FL_DQ[3]" is assigned to location or region, but does not exist in design
    Warning (15706): Node "FL_DQ[4]" is assigned to location or region, but does not exist in design
    Warning (15706): Node "FL_DQ[5]" is assigned to location or region, but does not exist in design
    Warning (15706): Node "FL_DQ[6]" is assigned to location or region, but does not exist in design
    Warning (15706): Node "FL_DQ[7]" is assigned to location or region, but does not exist in design
    Warning (15706): Node "FL_OE_N" is assigned to location or region, but does not exist in design
    Warning (15706): Node "FL_RST_N" is assigned to location or region, but does not exist in design
    Warning (15706): Node "FL_WE_N" is assigned to location or region, but does not exist in design
    Warning (15706): Node "GPIO_0[0]" is assigned to location or region, but does not exist in design
    Warning (15706): Node "GPIO_0[10]" is assigned to location or region, but does not exist in design
    Warning (15706): Node "GPIO_0[11]" is assigned to location or region, but does not exist in design
    Warning (15706): Node "GPIO_0[12]" is assigned to location or region, but does not exist in design
    Warning (15706): Node "GPIO_0[13]" is assigned to location or region, but does not exist in design
    Warning (15706): Node "GPIO_0[14]" is assigned to location or region, but does not exist in design
    Warning (15706): Node "GPIO_0[15]" is assigned to location or region, but does not exist in design
    Warning (15706): Node "GPIO_0[16]" is assigned to location or region, but does not exist in design
    Warning (15706): Node "GPIO_0[17]" is assigned to location or region, but does not exist in design
    Warning (15706): Node "GPIO_0[18]" is assigned to location or region, but does not exist in design
    Warning (15706): Node "GPIO_0[19]" is assigned to location or region, but does not exist in design
    Warning (15706): Node "GPIO_0[1]" is assigned to location or region, but does not exist in design
    Warning (15706): Node "GPIO_0[20]" is assigned to location or region, but does not exist in design
    Warning (15706): Node "GPIO_0[21]" is assigned to location or region, but does not exist in design
    Warning (15706): Node "GPIO_0[22]" is assigned to location or region, but does not exist in design
    Warning (15706): Node "GPIO_0[23]" is assigned to location or region, but does not exist in design
    Warning (15706): Node "GPIO_0[24]" is assigned to location or region, but does not exist in design
    Warning (15706): Node "GPIO_0[25]" is assigned to location or region, but does not exist in design
    Warning (15706): Node "GPIO_0[26]" is assigned to location or region, but does not exist in design
    Warning (15706): Node "GPIO_0[27]" is assigned to location or region, but does not exist in design
    Warning (15706): Node "GPIO_0[28]" is assigned to location or region, but does not exist in design
    Warning (15706): Node "GPIO_0[29]" is assigned to location or region, but does not exist in design
    Warning (15706): Node "GPIO_0[2]" is assigned to location or region, but does not exist in design
    Warning (15706): Node "GPIO_0[30]" is assigned to location or region, but does not exist in design
    Warning (15706): Node "GPIO_0[31]" is assigned to location or region, but does not exist in design
    Warning (15706): Node "GPIO_0[32]" is assigned to location or region, but does not exist in design
    Warning (15706): Node "GPIO_0[33]" is assigned to location or region, but does not exist in design
    Warning (15706): Node "GPIO_0[34]" is assigned to location or region, but does not exist in design
    Warning (15706): Node "GPIO_0[35]" is assigned to location or region, but does not exist in design
    Warning (15706): Node "GPIO_0[3]" is assigned to location or region, but does not exist in design
    Warning (15706): Node "GPIO_0[4]" is assigned to location or region, but does not exist in design
    Warning (15706): Node "GPIO_0[5]" is assigned to location or region, but does not exist in design
    Warning (15706): Node "GPIO_0[6]" is assigned to location or region, but does not exist in design
    Warning (15706): Node "GPIO_0[7]" is assigned to location or region, but does not exist in design
    Warning (15706): Node "GPIO_0[8]" is assigned to location or region, but does not exist in design
    Warning (15706): Node "GPIO_0[9]" is assigned to location or region, but does not exist in design
    Warning (15706): Node "GPIO_1[0]" is assigned to location or region, but does not exist in design
    Warning (15706): Node "GPIO_1[10]" is assigned to location or region, but does not exist in design
    Warning (15706): Node "GPIO_1[11]" is assigned to location or region, but does not exist in design
    Warning (15706): Node "GPIO_1[12]" is assigned to location or region, but does not exist in design
    Warning (15706): Node "GPIO_1[13]" is assigned to location or region, but does not exist in design
    Warning (15706): Node "GPIO_1[14]" is assigned to location or region, but does not exist in design
    Warning (15706): Node "GPIO_1[15]" is assigned to location or region, but does not exist in design
    Warning (15706): Node "GPIO_1[16]" is assigned to location or region, but does not exist in design
    Warning (15706): Node "GPIO_1[17]" is assigned to location or region, but does not exist in design
    Warning (15706): Node "GPIO_1[18]" is assigned to location or region, but does not exist in design
    Warning (15706): Node "GPIO_1[19]" is assigned to location or region, but does not exist in design
    Warning (15706): Node "GPIO_1[1]" is assigned to location or region, but does not exist in design
    Warning (15706): Node "GPIO_1[20]" is assigned to location or region, but does not exist in design
    Warning (15706): Node "GPIO_1[21]" is assigned to location or region, but does not exist in design
    Warning (15706): Node "GPIO_1[22]" is assigned to location or region, but does not exist in design
    Warning (15706): Node "GPIO_1[23]" is assigned to location or region, but does not exist in design
    Warning (15706): Node "GPIO_1[24]" is assigned to location or region, but does not exist in design
    Warning (15706): Node "GPIO_1[25]" is assigned to location or region, but does not exist in design
    Warning (15706): Node "GPIO_1[26]" is assigned to location or region, but does not exist in design
    Warning (15706): Node "GPIO_1[27]" is assigned to location or region, but does not exist in design
    Warning (15706): Node "GPIO_1[28]" is assigned to location or region, but does not exist in design
    Warning (15706): Node "GPIO_1[29]" is assigned to location or region, but does not exist in design
    Warning (15706): Node "GPIO_1[2]" is assigned to location or region, but does not exist in design
    Warning (15706): Node "GPIO_1[30]" is assigned to location or region, but does not exist in design
    Warning (15706): Node "GPIO_1[31]" is assigned to location or region, but does not exist in design
    Warning (15706): Node "GPIO_1[32]" is assigned to location or region, but does not exist in design
    Warning (15706): Node "GPIO_1[33]" is assigned to location or region, but does not exist in design
    Warning (15706): Node "GPIO_1[34]" is assigned to location or region, but does not exist in design
    Warning (15706): Node "GPIO_1[35]" is assigned to location or region, but does not exist in design
    Warning (15706): Node "GPIO_1[3]" is assigned to location or region, but does not exist in design
    Warning (15706): Node "GPIO_1[4]" is assigned to location or region, but does not exist in design
    Warning (15706): Node "GPIO_1[5]" is assigned to location or region, but does not exist in design
    Warning (15706): Node "GPIO_1[6]" is assigned to location or region, but does not exist in design
    Warning (15706): Node "GPIO_1[7]" is assigned to location or region, but does not exist in design
    Warning (15706): Node "GPIO_1[8]" is assigned to location or region, but does not exist in design
    Warning (15706): Node "GPIO_1[9]" is assigned to location or region, but does not exist in design
    Warning (15706): Node "HEX0[0]" is assigned to location or region, but does not exist in design
    Warning (15706): Node "HEX0[1]" is assigned to location or region, but does not exist in design
    Warning (15706): Node "HEX0[2]" is assigned to location or region, but does not exist in design
    Warning (15706): Node "HEX0[3]" is assigned to location or region, but does not exist in design
    Warning (15706): Node "HEX0[4]" is assigned to location or region, but does not exist in design
    Warning (15706): Node "HEX0[5]" is assigned to location or region, but does not exist in design
    Warning (15706): Node "HEX0[6]" is assigned to location or region, but does not exist in design
    Warning (15706): Node "HEX1[0]" is assigned to location or region, but does not exist in design
    Warning (15706): Node "HEX1[1]" is assigned to location or region, but does not exist in design
    Warning (15706): Node "HEX1[2]" is assigned to location or region, but does not exist in design
    Warning (15706): Node "HEX1[3]" is assigned to location or region, but does not exist in design
    Warning (15706): Node "HEX1[4]" is assigned to location or region, but does not exist in design
    Warning (15706): Node "HEX1[5]" is assigned to location or region, but does not exist in design
    Warning (15706): Node "HEX1[6]" is assigned to location or region, but does not exist in design
    Warning (15706): Node "HEX2[0]" is assigned to location or region, but does not exist in design
    Warning (15706): Node "HEX2[1]" is assigned to location or region, but does not exist in design
    Warning (15706): Node "HEX2[2]" is assigned to location or region, but does not exist in design
    Warning (15706): Node "HEX2[3]" is assigned to location or region, but does not exist in design
    Warning (15706): Node "HEX2[4]" is assigned to location or region, but does not exist in design
    Warning (15706): Node "HEX2[5]" is assigned to location or region, but does not exist in design
    Warning (15706): Node "HEX2[6]" is assigned to location or region, but does not exist in design
    Warning (15706): Node "HEX3[0]" is assigned to location or region, but does not exist in design
    Warning (15706): Node "HEX3[1]" is assigned to location or region, but does not exist in design
    Warning (15706): Node "HEX3[2]" is assigned to location or region, but does not exist in design
    Warning (15706): Node "HEX3[3]" is assigned to location or region, but does not exist in design
    Warning (15706): Node "HEX3[4]" is assigned to location or region, but does not exist in design
    Warning (15706): Node "HEX3[5]" is assigned to location or region, but does not exist in design
    Warning (15706): Node "HEX3[6]" is assigned to location or region, but does not exist in design
    Warning (15706): Node "HEX4[0]" is assigned to location or region, but does not exist in design
    Warning (15706): Node "HEX4[1]" is assigned to location or region, but does not exist in design
    Warning (15706): Node "HEX4[2]" is assigned to location or region, but does not exist in design
    Warning (15706): Node "HEX4[3]" is assigned to location or region, but does not exist in design
    Warning (15706): Node "HEX4[4]" is assigned to location or region, but does not exist in design
    Warning (15706): Node "HEX4[5]" is assigned to location or region, but does not exist in design
    Warning (15706): Node "HEX4[6]" is assigned to location or region, but does not exist in design
    Warning (15706): Node "HEX5[0]" is assigned to location or region, but does not exist in design
    Warning (15706): Node "HEX5[1]" is assigned to location or region, but does not exist in design
    Warning (15706): Node "HEX5[2]" is assigned to location or region, but does not exist in design
    Warning (15706): Node "HEX5[3]" is assigned to location or region, but does not exist in design
    Warning (15706): Node "HEX5[4]" is assigned to location or region, but does not exist in design
    Warning (15706): Node "HEX5[5]" is assigned to location or region, but does not exist in design
    Warning (15706): Node "HEX5[6]" is assigned to location or region, but does not exist in design
    Warning (15706): Node "HEX6[0]" is assigned to location or region, but does not exist in design
    Warning (15706): Node "HEX6[1]" is assigned to location or region, but does not exist in design
    Warning (15706): Node "HEX6[2]" is assigned to location or region, but does not exist in design
    Warning (15706): Node "HEX6[3]" is assigned to location or region, but does not exist in design
    Warning (15706): Node "HEX6[4]" is assigned to location or region, but does not exist in design
    Warning (15706): Node "HEX6[5]" is assigned to location or region, but does not exist in design
    Warning (15706): Node "HEX6[6]" is assigned to location or region, but does not exist in design
    Warning (15706): Node "HEX7[0]" is assigned to location or region, but does not exist in design
    Warning (15706): Node "HEX7[1]" is assigned to location or region, but does not exist in design
    Warning (15706): Node "HEX7[2]" is assigned to location or region, but does not exist in design
    Warning (15706): Node "HEX7[3]" is assigned to location or region, but does not exist in design
    Warning (15706): Node "HEX7[4]" is assigned to location or region, but does not exist in design
    Warning (15706): Node "HEX7[5]" is assigned to location or region, but does not exist in design
    Warning (15706): Node "HEX7[6]" is assigned to location or region, but does not exist in design
    Warning (15706): Node "I2C_SCLK" is assigned to location or region, but does not exist in design
    Warning (15706): Node "I2C_SDAT" is assigned to location or region, but does not exist in design
    Warning (15706): Node "IRDA_RXD" is assigned to location or region, but does not exist in design
    Warning (15706): Node "IRDA_TXD" is assigned to location or region, but does not exist in design
    Warning (15706): Node "KEY[0]" is assigned to location or region, but does not exist in design
    Warning (15706): Node "KEY[1]" is assigned to location or region, but does not exist in design
    Warning (15706): Node "KEY[2]" is assigned to location or region, but does not exist in design
    Warning (15706): Node "KEY[3]" is assigned to location or region, but does not exist in design
    Warning (15706): Node "LCD_BLON" is assigned to location or region, but does not exist in design
    Warning (15706): Node "LCD_DATA[0]" is assigned to location or region, but does not exist in design
    Warning (15706): Node "LCD_DATA[1]" is assigned to location or region, but does not exist in design
    Warning (15706): Node "LCD_DATA[2]" is assigned to location or region, but does not exist in design
    Warning (15706): Node "LCD_DATA[3]" is assigned to location or region, but does not exist in design
    Warning (15706): Node "LCD_DATA[4]" is assigned to location or region, but does not exist in design
    Warning (15706): Node "LCD_DATA[5]" is assigned to location or region, but does not exist in design
    Warning (15706): Node "LCD_DATA[6]" is assigned to location or region, but does not exist in design
    Warning (15706): Node "LCD_DATA[7]" is assigned to location or region, but does not exist in design
    Warning (15706): Node "LCD_EN" is assigned to location or region, but does not exist in design
    Warning (15706): Node "LCD_ON" is assigned to location or region, but does not exist in design
    Warning (15706): Node "LCD_RS" is assigned to location or region, but does not exist in design
    Warning (15706): Node "LCD_RW" is assigned to location or region, but does not exist in design
    Warning (15706): Node "LEDG[0]" is assigned to location or region, but does not exist in design
    Warning (15706): Node "LEDG[1]" is assigned to location or region, but does not exist in design
    Warning (15706): Node "LEDG[2]" is assigned to location or region, but does not exist in design
    Warning (15706): Node "LEDG[3]" is assigned to location or region, but does not exist in design
    Warning (15706): Node "LEDG[4]" is assigned to location or region, but does not exist in design
    Warning (15706): Node "LEDG[5]" is assigned to location or region, but does not exist in design
    Warning (15706): Node "LEDG[6]" is assigned to location or region, but does not exist in design
    Warning (15706): Node "LEDG[7]" is assigned to location or region, but does not exist in design
    Warning (15706): Node "LEDG[8]" is assigned to location or region, but does not exist in design
    Warning (15706): Node "LEDR[0]" is assigned to location or region, but does not exist in design
    Warning (15706): Node "LEDR[10]" is assigned to location or region, but does not exist in design
    Warning (15706): Node "LEDR[11]" is assigned to location or region, but does not exist in design
    Warning (15706): Node "LEDR[12]" is assigned to location or region, but does not exist in design
    Warning (15706): Node "LEDR[13]" is assigned to location or region, but does not exist in design
    Warning (15706): Node "LEDR[14]" is assigned to location or region, but does not exist in design
    Warning (15706): Node "LEDR[15]" is assigned to location or region, but does not exist in design
    Warning (15706): Node "LEDR[16]" is assigned to location or region, but does not exist in design
    Warning (15706): Node "LEDR[17]" is assigned to location or region, but does not exist in design
    Warning (15706): Node "LEDR[1]" is assigned to location or region, but does not exist in design
    Warning (15706): Node "LEDR[2]" is assigned to location or region, but does not exist in design
    Warning (15706): Node "LEDR[3]" is assigned to location or region, but does not exist in design
    Warning (15706): Node "LEDR[4]" is assigned to location or region, but does not exist in design
    Warning (15706): Node "LEDR[5]" is assigned to location or region, but does not exist in design
    Warning (15706): Node "LEDR[6]" is assigned to location or region, but does not exist in design
    Warning (15706): Node "LEDR[7]" is assigned to location or region, but does not exist in design
    Warning (15706): Node "LEDR[8]" is assigned to location or region, but does not exist in design
    Warning (15706): Node "LEDR[9]" is assigned to location or region, but does not exist in design
    Warning (15706): Node "OTG_ADDR[0]" is assigned to location or region, but does not exist in design
    Warning (15706): Node "OTG_ADDR[1]" is assigned to location or region, but does not exist in design
    Warning (15706): Node "OTG_CS_N" is assigned to location or region, but does not exist in design
    Warning (15706): Node "OTG_DACK0_N" is assigned to location or region, but does not exist in design
    Warning (15706): Node "OTG_DACK1_N" is assigned to location or region, but does not exist in design
    Warning (15706): Node "OTG_DATA[0]" is assigned to location or region, but does not exist in design
    Warning (15706): Node "OTG_DATA[10]" is assigned to location or region, but does not exist in design
    Warning (15706): Node "OTG_DATA[11]" is assigned to location or region, but does not exist in design
    Warning (15706): Node "OTG_DATA[12]" is assigned to location or region, but does not exist in design
    Warning (15706): Node "OTG_DATA[13]" is assigned to location or region, but does not exist in design
    Warning (15706): Node "OTG_DATA[14]" is assigned to location or region, but does not exist in design
    Warning (15706): Node "OTG_DATA[15]" is assigned to location or region, but does not exist in design
    Warning (15706): Node "OTG_DATA[1]" is assigned to location or region, but does not exist in design
    Warning (15706): Node "OTG_DATA[2]" is assigned to location or region, but does not exist in design
    Warning (15706): Node "OTG_DATA[3]" is assigned to location or region, but does not exist in design
    Warning (15706): Node "OTG_DATA[4]" is assigned to location or region, but does not exist in design
    Warning (15706): Node "OTG_DATA[5]" is assigned to location or region, but does not exist in design
    Warning (15706): Node "OTG_DATA[6]" is assigned to location or region, but does not exist in design
    Warning (15706): Node "OTG_DATA[7]" is assigned to location or region, but does not exist in design
    Warning (15706): Node "OTG_DATA[8]" is assigned to location or region, but does not exist in design
    Warning (15706): Node "OTG_DATA[9]" is assigned to location or region, but does not exist in design
    Warning (15706): Node "OTG_DREQ0" is assigned to location or region, but does not exist in design
    Warning (15706): Node "OTG_DREQ1" is assigned to location or region, but does not exist in design
    Warning (15706): Node "OTG_FSPEED" is assigned to location or region, but does not exist in design
    Warning (15706): Node "OTG_INT0" is assigned to location or region, but does not exist in design
    Warning (15706): Node "OTG_INT1" is assigned to location or region, but does not exist in design
    Warning (15706): Node "OTG_LSPEED" is assigned to location or region, but does not exist in design
    Warning (15706): Node "OTG_RD_N" is assigned to location or region, but does not exist in design
    Warning (15706): Node "OTG_RST_N" is assigned to location or region, but does not exist in design
    Warning (15706): Node "OTG_WR_N" is assigned to location or region, but does not exist in design
    Warning (15706): Node "PS2_CLK" is assigned to location or region, but does not exist in design
    Warning (15706): Node "PS2_DAT" is assigned to location or region, but does not exist in design
    Warning (15706): Node "SD_CLK" is assigned to location or region, but does not exist in design
    Warning (15706): Node "SD_CMD" is assigned to location or region, but does not exist in design
    Warning (15706): Node "SD_DAT" is assigned to location or region, but does not exist in design
    Warning (15706): Node "SD_DAT3" is assigned to location or region, but does not exist in design
    Warning (15706): Node "SRAM_ADDR[0]" is assigned to location or region, but does not exist in design
    Warning (15706): Node "SRAM_ADDR[10]" is assigned to location or region, but does not exist in design
    Warning (15706): Node "SRAM_ADDR[11]" is assigned to location or region, but does not exist in design
    Warning (15706): Node "SRAM_ADDR[12]" is assigned to location or region, but does not exist in design
    Warning (15706): Node "SRAM_ADDR[13]" is assigned to location or region, but does not exist in design
    Warning (15706): Node "SRAM_ADDR[14]" is assigned to location or region, but does not exist in design
    Warning (15706): Node "SRAM_ADDR[15]" is assigned to location or region, but does not exist in design
    Warning (15706): Node "SRAM_ADDR[16]" is assigned to location or region, but does not exist in design
    Warning (15706): Node "SRAM_ADDR[17]" is assigned to location or region, but does not exist in design
    Warning (15706): Node "SRAM_ADDR[1]" is assigned to location or region, but does not exist in design
    Warning (15706): Node "SRAM_ADDR[2]" is assigned to location or region, but does not exist in design
    Warning (15706): Node "SRAM_ADDR[3]" is assigned to location or region, but does not exist in design
    Warning (15706): Node "SRAM_ADDR[4]" is assigned to location or region, but does not exist in design
    Warning (15706): Node "SRAM_ADDR[5]" is assigned to location or region, but does not exist in design
    Warning (15706): Node "SRAM_ADDR[6]" is assigned to location or region, but does not exist in design
    Warning (15706): Node "SRAM_ADDR[7]" is assigned to location or region, but does not exist in design
    Warning (15706): Node "SRAM_ADDR[8]" is assigned to location or region, but does not exist in design
    Warning (15706): Node "SRAM_ADDR[9]" is assigned to location or region, but does not exist in design
    Warning (15706): Node "SRAM_CE_N" is assigned to location or region, but does not exist in design
    Warning (15706): Node "SRAM_DQ[0]" is assigned to location or region, but does not exist in design
    Warning (15706): Node "SRAM_DQ[10]" is assigned to location or region, but does not exist in design
    Warning (15706): Node "SRAM_DQ[11]" is assigned to location or region, but does not exist in design
    Warning (15706): Node "SRAM_DQ[12]" is assigned to location or region, but does not exist in design
    Warning (15706): Node "SRAM_DQ[13]" is assigned to location or region, but does not exist in design
    Warning (15706): Node "SRAM_DQ[14]" is assigned to location or region, but does not exist in design
    Warning (15706): Node "SRAM_DQ[15]" is assigned to location or region, but does not exist in design
    Warning (15706): Node "SRAM_DQ[1]" is assigned to location or region, but does not exist in design
    Warning (15706): Node "SRAM_DQ[2]" is assigned to location or region, but does not exist in design
    Warning (15706): Node "SRAM_DQ[3]" is assigned to location or region, but does not exist in design
    Warning (15706): Node "SRAM_DQ[4]" is assigned to location or region, but does not exist in design
    Warning (15706): Node "SRAM_DQ[5]" is assigned to location or region, but does not exist in design
    Warning (15706): Node "SRAM_DQ[6]" is assigned to location or region, but does not exist in design
    Warning (15706): Node "SRAM_DQ[7]" is assigned to location or region, but does not exist in design
    Warning (15706): Node "SRAM_DQ[8]" is assigned to location or region, but does not exist in design
    Warning (15706): Node "SRAM_DQ[9]" is assigned to location or region, but does not exist in design
    Warning (15706): Node "SRAM_LB_N" is assigned to location or region, but does not exist in design
    Warning (15706): Node "SRAM_OE_N" is assigned to location or region, but does not exist in design
    Warning (15706): Node "SRAM_UB_N" is assigned to location or region, but does not exist in design
    Warning (15706): Node "SRAM_WE_N" is assigned to location or region, but does not exist in design
    Warning (15706): Node "SW[0]" is assigned to location or region, but does not exist in design
    Warning (15706): Node "SW[10]" is assigned to location or region, but does not exist in design
    Warning (15706): Node "SW[11]" is assigned to location or region, but does not exist in design
    Warning (15706): Node "SW[12]" is assigned to location or region, but does not exist in design
    Warning (15706): Node "SW[13]" is assigned to location or region, but does not exist in design
    Warning (15706): Node "SW[14]" is assigned to location or region, but does not exist in design
    Warning (15706): Node "SW[15]" is assigned to location or region, but does not exist in design
    Warning (15706): Node "SW[16]" is assigned to location or region, but does not exist in design
    Warning (15706): Node "SW[17]" is assigned to location or region, but does not exist in design
    Warning (15706): Node "SW[1]" is assigned to location or region, but does not exist in design
    Warning (15706): Node "SW[2]" is assigned to location or region, but does not exist in design
    Warning (15706): Node "SW[3]" is assigned to location or region, but does not exist in design
    Warning (15706): Node "SW[4]" is assigned to location or region, but does not exist in design
    Warning (15706): Node "SW[5]" is assigned to location or region, but does not exist in design
    Warning (15706): Node "SW[6]" is assigned to location or region, but does not exist in design
    Warning (15706): Node "SW[7]" is assigned to location or region, but does not exist in design
    Warning (15706): Node "SW[8]" is assigned to location or region, but does not exist in design
    Warning (15706): Node "SW[9]" is assigned to location or region, but does not exist in design
    Warning (15706): Node "TCK" is assigned to location or region, but does not exist in design
    Warning (15706): Node "TCS" is assigned to location or region, but does not exist in design
    Warning (15706): Node "TDI" is assigned to location or region, but does not exist in design
    Warning (15706): Node "TDO" is assigned to location or region, but does not exist in design
    Warning (15706): Node "TD_DATA[0]" is assigned to location or region, but does not exist in design
    Warning (15706): Node "TD_DATA[1]" is assigned to location or region, but does not exist in design
    Warning (15706): Node "TD_DATA[2]" is assigned to location or region, but does not exist in design
    Warning (15706): Node "TD_DATA[3]" is assigned to location or region, but does not exist in design
    Warning (15706): Node "TD_DATA[4]" is assigned to location or region, but does not exist in design
    Warning (15706): Node "TD_DATA[5]" is assigned to location or region, but does not exist in design
    Warning (15706): Node "TD_DATA[6]" is assigned to location or region, but does not exist in design
    Warning (15706): Node "TD_DATA[7]" is assigned to location or region, but does not exist in design
    Warning (15706): Node "TD_HS" is assigned to location or region, but does not exist in design
    Warning (15706): Node "TD_RESET" is assigned to location or region, but does not exist in design
    Warning (15706): Node "TD_VS" is assigned to location or region, but does not exist in design
    Warning (15706): Node "UART_RXD" is assigned to location or region, but does not exist in design
    Warning (15706): Node "UART_TXD" is assigned to location or region, but does not exist in design
    Warning (15706): Node "VGA_BLANK" is assigned to location or region, but does not exist in design
    Warning (15706): Node "VGA_B[0]" is assigned to location or region, but does not exist in design
    Warning (15706): Node "VGA_B[1]" is assigned to location or region, but does not exist in design
    Warning (15706): Node "VGA_B[2]" is assigned to location or region, but does not exist in design
    Warning (15706): Node "VGA_B[3]" is assigned to location or region, but does not exist in design
    Warning (15706): Node "VGA_B[4]" is assigned to location or region, but does not exist in design
    Warning (15706): Node "VGA_B[5]" is assigned to location or region, but does not exist in design
    Warning (15706): Node "VGA_B[6]" is assigned to location or region, but does not exist in design
    Warning (15706): Node "VGA_B[7]" is assigned to location or region, but does not exist in design
    Warning (15706): Node "VGA_B[8]" is assigned to location or region, but does not exist in design
    Warning (15706): Node "VGA_B[9]" is assigned to location or region, but does not exist in design
    Warning (15706): Node "VGA_CLK" is assigned to location or region, but does not exist in design
    Warning (15706): Node "VGA_G[0]" is assigned to location or region, but does not exist in design
    Warning (15706): Node "VGA_G[1]" is assigned to location or region, but does not exist in design
    Warning (15706): Node "VGA_G[2]" is assigned to location or region, but does not exist in design
    Warning (15706): Node "VGA_G[3]" is assigned to location or region, but does not exist in design
    Warning (15706): Node "VGA_G[4]" is assigned to location or region, but does not exist in design
    Warning (15706): Node "VGA_G[5]" is assigned to location or region, but does not exist in design
    Warning (15706): Node "VGA_G[6]" is assigned to location or region, but does not exist in design
    Warning (15706): Node "VGA_G[7]" is assigned to location or region, but does not exist in design
    Warning (15706): Node "VGA_G[8]" is assigned to location or region, but does not exist in design
    Warning (15706): Node "VGA_G[9]" is assigned to location or region, but does not exist in design
    Warning (15706): Node "VGA_HS" is assigned to location or region, but does not exist in design
    Warning (15706): Node "VGA_R[0]" is assigned to location or region, but does not exist in design
    Warning (15706): Node "VGA_R[1]" is assigned to location or region, but does not exist in design
    Warning (15706): Node "VGA_R[2]" is assigned to location or region, but does not exist in design
    Warning (15706): Node "VGA_R[3]" is assigned to location or region, but does not exist in design
    Warning (15706): Node "VGA_R[4]" is assigned to location or region, but does not exist in design
    Warning (15706): Node "VGA_R[5]" is assigned to location or region, but does not exist in design
    Warning (15706): Node "VGA_R[6]" is assigned to location or region, but does not exist in design
    Warning (15706): Node "VGA_R[7]" is assigned to location or region, but does not exist in design
    Warning (15706): Node "VGA_R[8]" is assigned to location or region, but does not exist in design
    Warning (15706): Node "VGA_R[9]" is assigned to location or region, but does not exist in design
    Warning (15706): Node "VGA_SYNC" is assigned to location or region, but does not exist in design
    Warning (15706): Node "VGA_VS" is assigned to location or region, but does not exist in design
Info (171121): Fitter preparation operations ending: elapsed time is 00:00:01
Info (170189): Fitter placement preparation operations beginning
Info (170190): Fitter placement preparation operations ending: elapsed time is 00:00:01
Info (170191): Fitter placement operations beginning
Info (170137): Fitter placement was successful
Info (170192): Fitter placement operations ending: elapsed time is 00:00:04
Info (170193): Fitter routing operations beginning
Info (170195): Router estimated average interconnect usage is 2% of the available device resources
    Info (170196): Router estimated peak interconnect usage is 8% of the available device resources in the region that extends from location X11_Y24 to location X21_Y36
Info (170194): Fitter routing operations ending: elapsed time is 00:00:03
Info (170199): The Fitter performed an Auto Fit compilation.  Optimizations were skipped to reduce compilation time.
    Info (170201): Optimizations that may affect the design's routability were skipped
Info (11888): Total time spent on timing analysis during the Fitter is 1.88 seconds.
Info (306004): Started post-fitting delay annotation
Warning (306006): Found 65 output pins without output pin load capacitance assignment
    Info (306007): Pin "Ciphertext[0]" has no specified output pin load capacitance -- assuming default load capacitance of 0 pF for timing analysis
    Info (306007): Pin "Ciphertext[1]" has no specified output pin load capacitance -- assuming default load capacitance of 0 pF for timing analysis
    Info (306007): Pin "Ciphertext[2]" has no specified output pin load capacitance -- assuming default load capacitance of 0 pF for timing analysis
    Info (306007): Pin "Ciphertext[3]" has no specified output pin load capacitance -- assuming default load capacitance of 0 pF for timing analysis
    Info (306007): Pin "Ciphertext[4]" has no specified output pin load capacitance -- assuming default load capacitance of 0 pF for timing analysis
    Info (306007): Pin "Ciphertext[5]" has no specified output pin load capacitance -- assuming default load capacitance of 0 pF for timing analysis
    Info (306007): Pin "Ciphertext[6]" has no specified output pin load capacitance -- assuming default load capacitance of 0 pF for timing analysis
    Info (306007): Pin "Ciphertext[7]" has no specified output pin load capacitance -- assuming default load capacitance of 0 pF for timing analysis
    Info (306007): Pin "Ciphertext[8]" has no specified output pin load capacitance -- assuming default load capacitance of 0 pF for timing analysis
    Info (306007): Pin "Ciphertext[9]" has no specified output pin load capacitance -- assuming default load capacitance of 0 pF for timing analysis
    Info (306007): Pin "Ciphertext[10]" has no specified output pin load capacitance -- assuming default load capacitance of 0 pF for timing analysis
    Info (306007): Pin "Ciphertext[11]" has no specified output pin load capacitance -- assuming default load capacitance of 0 pF for timing analysis
    Info (306007): Pin "Ciphertext[12]" has no specified output pin load capacitance -- assuming default load capacitance of 0 pF for timing analysis
    Info (306007): Pin "Ciphertext[13]" has no specified output pin load capacitance -- assuming default load capacitance of 0 pF for timing analysis
    Info (306007): Pin "Ciphertext[14]" has no specified output pin load capacitance -- assuming default load capacitance of 0 pF for timing analysis
    Info (306007): Pin "Ciphertext[15]" has no specified output pin load capacitance -- assuming default load capacitance of 0 pF for timing analysis
    Info (306007): Pin "Ciphertext[16]" has no specified output pin load capacitance -- assuming default load capacitance of 0 pF for timing analysis
    Info (306007): Pin "Ciphertext[17]" has no specified output pin load capacitance -- assuming default load capacitance of 0 pF for timing analysis
    Info (306007): Pin "Ciphertext[18]" has no specified output pin load capacitance -- assuming default load capacitance of 0 pF for timing analysis
    Info (306007): Pin "Ciphertext[19]" has no specified output pin load capacitance -- assuming default load capacitance of 0 pF for timing analysis
    Info (306007): Pin "Ciphertext[20]" has no specified output pin load capacitance -- assuming default load capacitance of 0 pF for timing analysis
    Info (306007): Pin "Ciphertext[21]" has no specified output pin load capacitance -- assuming default load capacitance of 0 pF for timing analysis
    Info (306007): Pin "Ciphertext[22]" has no specified output pin load capacitance -- assuming default load capacitance of 0 pF for timing analysis
    Info (306007): Pin "Ciphertext[23]" has no specified output pin load capacitance -- assuming default load capacitance of 0 pF for timing analysis
    Info (306007): Pin "Ciphertext[24]" has no specified output pin load capacitance -- assuming default load capacitance of 0 pF for timing analysis
    Info (306007): Pin "Ciphertext[25]" has no specified output pin load capacitance -- assuming default load capacitance of 0 pF for timing analysis
    Info (306007): Pin "Ciphertext[26]" has no specified output pin load capacitance -- assuming default load capacitance of 0 pF for timing analysis
    Info (306007): Pin "Ciphertext[27]" has no specified output pin load capacitance -- assuming default load capacitance of 0 pF for timing analysis
    Info (306007): Pin "Ciphertext[28]" has no specified output pin load capacitance -- assuming default load capacitance of 0 pF for timing analysis
    Info (306007): Pin "Ciphertext[29]" has no specified output pin load capacitance -- assuming default load capacitance of 0 pF for timing analysis
    Info (306007): Pin "Ciphertext[30]" has no specified output pin load capacitance -- assuming default load capacitance of 0 pF for timing analysis
    Info (306007): Pin "Ciphertext[31]" has no specified output pin load capacitance -- assuming default load capacitance of 0 pF for timing analysis
    Info (306007): Pin "Ciphertext[32]" has no specified output pin load capacitance -- assuming default load capacitance of 0 pF for timing analysis
    Info (306007): Pin "Ciphertext[33]" has no specified output pin load capacitance -- assuming default load capacitance of 0 pF for timing analysis
    Info (306007): Pin "Ciphertext[34]" has no specified output pin load capacitance -- assuming default load capacitance of 0 pF for timing analysis
    Info (306007): Pin "Ciphertext[35]" has no specified output pin load capacitance -- assuming default load capacitance of 0 pF for timing analysis
    Info (306007): Pin "Ciphertext[36]" has no specified output pin load capacitance -- assuming default load capacitance of 0 pF for timing analysis
    Info (306007): Pin "Ciphertext[37]" has no specified output pin load capacitance -- assuming default load capacitance of 0 pF for timing analysis
    Info (306007): Pin "Ciphertext[38]" has no specified output pin load capacitance -- assuming default load capacitance of 0 pF for timing analysis
    Info (306007): Pin "Ciphertext[39]" has no specified output pin load capacitance -- assuming default load capacitance of 0 pF for timing analysis
    Info (306007): Pin "Ciphertext[40]" has no specified output pin load capacitance -- assuming default load capacitance of 0 pF for timing analysis
    Info (306007): Pin "Ciphertext[41]" has no specified output pin load capacitance -- assuming default load capacitance of 0 pF for timing analysis
    Info (306007): Pin "Ciphertext[42]" has no specified output pin load capacitance -- assuming default load capacitance of 0 pF for timing analysis
    Info (306007): Pin "Ciphertext[43]" has no specified output pin load capacitance -- assuming default load capacitance of 0 pF for timing analysis
    Info (306007): Pin "Ciphertext[44]" has no specified output pin load capacitance -- assuming default load capacitance of 0 pF for timing analysis
    Info (306007): Pin "Ciphertext[45]" has no specified output pin load capacitance -- assuming default load capacitance of 0 pF for timing analysis
    Info (306007): Pin "Ciphertext[46]" has no specified output pin load capacitance -- assuming default load capacitance of 0 pF for timing analysis
    Info (306007): Pin "Ciphertext[47]" has no specified output pin load capacitance -- assuming default load capacitance of 0 pF for timing analysis
    Info (306007): Pin "Ciphertext[48]" has no specified output pin load capacitance -- assuming default load capacitance of 0 pF for timing analysis
    Info (306007): Pin "Ciphertext[49]" has no specified output pin load capacitance -- assuming default load capacitance of 0 pF for timing analysis
    Info (306007): Pin "Ciphertext[50]" has no specified output pin load capacitance -- assuming default load capacitance of 0 pF for timing analysis
    Info (306007): Pin "Ciphertext[51]" has no specified output pin load capacitance -- assuming default load capacitance of 0 pF for timing analysis
    Info (306007): Pin "Ciphertext[52]" has no specified output pin load capacitance -- assuming default load capacitance of 0 pF for timing analysis
    Info (306007): Pin "Ciphertext[53]" has no specified output pin load capacitance -- assuming default load capacitance of 0 pF for timing analysis
    Info (306007): Pin "Ciphertext[54]" has no specified output pin load capacitance -- assuming default load capacitance of 0 pF for timing analysis
    Info (306007): Pin "Ciphertext[55]" has no specified output pin load capacitance -- assuming default load capacitance of 0 pF for timing analysis
    Info (306007): Pin "Ciphertext[56]" has no specified output pin load capacitance -- assuming default load capacitance of 0 pF for timing analysis
    Info (306007): Pin "Ciphertext[57]" has no specified output pin load capacitance -- assuming default load capacitance of 0 pF for timing analysis
    Info (306007): Pin "Ciphertext[58]" has no specified output pin load capacitance -- assuming default load capacitance of 0 pF for timing analysis
    Info (306007): Pin "Ciphertext[59]" has no specified output pin load capacitance -- assuming default load capacitance of 0 pF for timing analysis
    Info (306007): Pin "Ciphertext[60]" has no specified output pin load capacitance -- assuming default load capacitance of 0 pF for timing analysis
    Info (306007): Pin "Ciphertext[61]" has no specified output pin load capacitance -- assuming default load capacitance of 0 pF for timing analysis
    Info (306007): Pin "Ciphertext[62]" has no specified output pin load capacitance -- assuming default load capacitance of 0 pF for timing analysis
    Info (306007): Pin "Ciphertext[63]" has no specified output pin load capacitance -- assuming default load capacitance of 0 pF for timing analysis
    Info (306007): Pin "Done" has no specified output pin load capacitance -- assuming default load capacitance of 0 pF for timing analysis
Info (306005): Delay annotation completed successfully
Info (306004): Started post-fitting delay annotation
Info (306005): Delay annotation completed successfully
Info (11218): Fitter post-fit operations ending: elapsed time is 00:00:01
Warning (171167): Found invalid Fitter assignments. See the Ignored Assignments panel in the Fitter Compilation Report for more information.
Warning (169174): The Reserve All Unused Pins setting has not been specified, and will default to 'As output driving ground'.
Info (144001): Generated suppressed messages file D:/CE433/DES-56bits-key/output_files/DES_ALGORITHM.fit.smsg
Info: Quartus II 64-Bit Fitter was successful. 0 errors, 432 warnings
    Info: Peak virtual memory: 5487 megabytes
    Info: Processing ended: Fri Apr 17 18:22:39 2026
    Info: Elapsed time: 00:00:13
    Info: Total CPU time (on all processors): 00:00:26


+----------------------------+
; Fitter Suppressed Messages ;
+----------------------------+
The suppressed messages can be found in D:/CE433/DES-56bits-key/output_files/DES_ALGORITHM.fit.smsg.


